Player,Ace%,DF%,1stIn,1st%,2nd%,Hld%,Matches,SvPts,SvGms,BP Saved%,Breaks Conceded
Aaro Pollanen,0.0899,0.1124,0.5393,0.7083,0.561,0.9167,1,89,12,0.0,1
Aaron Addison,0.0804,0.0714,0.5241,0.6985,0.4709,0.7229,16,1120,166,0.6349,46
Aaron Cohen,0.0132,0.0395,0.6908,0.6,0.4681,0.6364,2,152,22,0.6667,8
Aaron James Williams,0.0252,0.0756,0.5546,0.6515,0.3962,0.5714,1,119,14,0.5714,6
Abdoulaziz Bationo,0.0427,0.0171,0.7094,0.6627,0.4412,0.7778,2,117,18,0.5556,4
Abdullah Shannan Alharrasi,0.0182,0.1455,0.5636,0.4194,0.3333,0.1429,1,55,7,0.4545,6
Abdulrahman Al Janahi,0.0067,0.06,0.6133,0.3478,0.4483,0.2273,3,150,22,0.3704,17
Abduvoris Saitmukhamedov,0.0526,0.0702,0.614,0.4286,0.3636,0.2222,2,57,9,0.125,7
Abedallah Shelbayh,0.0491,0.0493,0.5878,0.6753,0.4978,0.7356,199,14307,2163,0.5973,575
Abel Forger,0.0104,0.0312,0.6146,0.7119,0.5135,0.8,1,96,15,0.7,3
Abel Hernandez Aguila,0.0241,0.0422,0.6145,0.549,0.4375,0.52,3,166,25,0.4783,12
Abhinav Sanjeev Shanmugam,0.0916,0.057,0.4719,0.7031,0.4869,0.6959,22,1299,194,0.5786,59
Abraham Asaba,0.041,0.1638,0.5324,0.6667,0.3723,0.6222,4,293,45,0.5143,17
Abror Isakov,0.0088,0.0206,0.7198,0.6025,0.4632,0.6875,4,339,48,0.6591,15
Ace Matias,0.0,0.0208,0.7708,0.4054,0.4545,0.25,1,48,8,0.3333,6
Adam Bronka,0.0,0.0952,0.5714,0.5556,0.4444,0.5556,1,63,9,0.6,4
Adam El Mihdawy,0.0693,0.0955,0.5015,0.7277,0.4233,0.6833,36,1948,300,0.5411,95
Adam Farag Cao,0.0826,0.0565,0.5348,0.6829,0.3738,0.6333,3,230,30,0.56,11
Adam Heinonen,0.0241,0.0828,0.6724,0.6462,0.3895,0.6364,4,290,44,0.4074,16
Adam Jilly,0.0968,0.0538,0.5376,0.74,0.4884,0.7647,2,93,17,0.4286,4
Adam Jones,0.0667,0.05,0.5833,0.6571,0.56,0.7778,1,60,9,0.6,2
Adam Jurajda,0.0678,0.0763,0.4703,0.7207,0.44,0.6857,3,236,35,0.6207,11
Adam Majchrowicz,0.0671,0.0515,0.5839,0.6207,0.4194,0.5405,8,447,74,0.4516,34
Adam Majchrzak,0.0429,0.0571,0.6286,0.6364,0.4615,0.6364,1,70,11,0.0,4
Adam Moundir,0.051,0.0408,0.5408,0.6415,0.4444,0.6111,2,98,18,0.4167,7
Adam Nagoudi,0.0125,0.1125,0.475,0.6316,0.2857,0.3636,2,80,11,0.5333,7
Adam Neff,0.1243,0.0691,0.5058,0.7353,0.4796,0.7273,13,941,154,0.58,42
Adam Pavlasek,0.0602,0.033,0.6096,0.6808,0.5038,0.7564,235,16009,2426,0.6031,595
Adam Taylor,0.05,0.0532,0.6032,0.5775,0.3699,0.4946,11,620,93,0.5053,47
Adam Walton,0.0842,0.0322,0.631,0.7275,0.5309,0.8196,201,13854,2223,0.6163,401
Adelchi Virgili,0.0514,0.0708,0.5585,0.6924,0.4497,0.6932,33,2317,352,0.5537,108
Adhithya Ganesan,0.0552,0.0487,0.6158,0.6186,0.5127,0.6815,12,924,135,0.5275,43
Adil Kalyanpur,0.016,0.0559,0.632,0.5938,0.4055,0.5623,31,2057,297,0.4961,130
Adil Karimov,0.0494,0.0864,0.5185,0.5952,0.4615,0.6,1,81,10,0.6667,4
Adit Sinha,0.0543,0.058,0.5725,0.6266,0.5508,0.7568,3,276,37,0.6538,9
Aditya Deswal,0.0388,0.0698,0.5969,0.5974,0.3846,0.5455,2,129,22,0.375,10
Aditya Govila,0.0164,0.0492,0.4754,0.5517,0.5,0.5556,1,61,9,0.3333,4
Aditya Vishal Balsekar,0.0407,0.0472,0.5382,0.571,0.4507,0.5269,10,615,93,0.5368,44
Admir Kalender,0.031,0.0581,0.5155,0.5789,0.368,0.4118,4,258,34,0.5918,20
Adolfo Daniel Vallejo,0.0316,0.0451,0.6166,0.6471,0.4992,0.7068,167,11271,1736,0.573,509
Adria Soriano Barrera,0.0939,0.045,0.6113,0.7242,0.4957,0.798,83,5932,901,0.6459,182
Adrian Andreev,0.0397,0.0284,0.6348,0.6619,0.4916,0.7234,241,17139,2614,0.5655,727
Adrian Andrzejczuk,0.0479,0.0882,0.6373,0.6324,0.3611,0.6102,6,397,59,0.425,23
Adrian Arcon,0.0614,0.114,0.5439,0.5484,0.3077,0.3333,2,114,15,0.375,10
Adrian Bodmer,0.07,0.0386,0.5563,0.7115,0.484,0.7277,18,1271,191,0.6061,52
Adrian Fernandez,0.0488,0.0488,0.5122,0.3333,0.35,0.1429,1,41,7,0.4,6
Adrian Mannarino,0.0568,0.0288,0.6036,0.6904,0.5206,0.7653,124,8272,1321,0.5682,310
Adrian Menendez Maceiras,0.0578,0.029,0.6171,0.6993,0.5166,0.7816,384,25646,3965,0.6013,872
Adrian Obert,0.0448,0.0746,0.5522,0.6757,0.3667,0.6,1,67,10,0.5556,4
Adrian Oetzbach,0.0415,0.0578,0.6027,0.6492,0.4321,0.6482,36,2819,415,0.5562,146
Adrian Sikora,0.0249,0.0475,0.5926,0.6333,0.4723,0.6803,11,842,122,0.5357,39
Adrian Ungur,0.0287,0.0413,0.6104,0.6532,0.5295,0.7289,106,6869,1077,0.5737,292
Adrien Bossel,0.0869,0.0472,0.5524,0.7316,0.5069,0.7785,80,5038,808,0.5768,179
Adrien Burdet,0.0275,0.0826,0.6881,0.6667,0.2647,0.5882,2,109,17,0.3636,7
Adrien Gobat,0.0409,0.0465,0.5842,0.6634,0.4695,0.7101,19,1419,207,0.5973,60
Adrien Puget,0.0674,0.0627,0.5439,0.7089,0.433,0.7204,8,638,93,0.6,26
Agustin Boje Ordonez,0.0244,0.0488,0.6341,0.5769,0.2667,0.375,1,41,8,0.1667,5
Agustin Eduardo Cuellar Lorberg,0.0,0.0952,0.7143,0.3333,0.25,0.125,1,42,8,0.125,7
Agustin Libre,0.0196,0.0588,0.6275,0.5,0.2632,0.3333,1,51,9,0.25,6
Agustin Mastri,0.0,0.02,0.66,0.5455,0.5294,0.5,1,50,8,0.3333,4
Agustin Moreno,0.0346,0.1342,0.5065,0.7009,0.4298,0.6286,4,231,35,0.5517,13
Agustin Suarez Gonzalez,0.0,0.0351,0.6491,0.6216,0.4,0.5556,1,57,9,0.3333,4
Agustin Velotti,0.054,0.034,0.546,0.6883,0.5048,0.7342,179,12164,1851,0.5876,492
Ahmad Nael Qureshi,0.0,0.1,0.7,0.4286,0.4167,0.2857,1,40,7,0.2857,5
Ahmed Deedat Abdul Razak,0.05,0.035,0.62,0.7,0.5,0.78,2,0,0,0.58,0
Aidan Kim,0.0701,0.0375,0.5957,0.6387,0.5015,0.6917,11,799,120,0.5316,37
Aidan Mayo,0.0649,0.0536,0.5645,0.7062,0.5041,0.7631,167,12058,1853,0.5976,441
Aidan Mchugh,0.0522,0.0304,0.6569,0.6704,0.5132,0.7592,124,9468,1433,0.5984,345
Ainius Sabaliauskas,0.0588,0.098,0.6078,0.871,0.2,0.6667,1,51,9,0.25,3
Aisam Ul Haq Qureshi,0.0719,0.0432,0.6187,0.7209,0.4151,0.75,5,139,20,0.7059,5
Aitor Aramburu,0.0041,0.0864,0.6831,0.506,0.3247,0.4054,5,243,37,0.5217,22
Aj Catanzariti,0.0241,0.012,0.759,0.619,0.5,0.75,1,83,12,0.4,3
Ajeet Rai,0.0854,0.0448,0.5935,0.6905,0.4666,0.721,65,4709,724,0.5844,202
Akanit Pumjit,0.0492,0.082,0.4918,0.6667,0.3871,0.5,1,61,8,0.5,4
Akash Wagh,0.05,0.035,0.62,0.7,0.5,0.78,1,0,0,0.58,0
Akira Santillan,0.0775,0.0522,0.601,0.7108,0.4983,0.7681,328,22844,3553,0.5892,827
Akram El Sallaly,0.0431,0.0677,0.5969,0.6392,0.5344,0.6863,5,325,51,0.4074,16
Alaa Trifi,0.01,0.2,0.42,0.5238,0.2759,0.2778,2,100,18,0.0714,13
Alan Bojarski,0.0,0.0385,0.6058,0.5556,0.561,0.5882,2,104,17,0.4167,7
Alan Fernando Rubio Fierros,0.0272,0.0577,0.6352,0.6312,0.426,0.6181,30,2130,309,0.5513,118
Alan Gadjiev,0.0521,0.1042,0.5781,0.7387,0.358,0.6364,3,192,33,0.4545,12
Alan Kohen,0.0,0.0506,0.5633,0.5618,0.4928,0.6,2,158,25,0.5,10
Alan Magadan,0.0533,0.0485,0.5566,0.6883,0.497,0.7205,26,1856,297,0.5389,83
Alan Nunez Aguilera,0.0522,0.0597,0.5746,0.6753,0.3684,0.6667,2,134,18,0.6667,6
Alan Sau Franco,0.0201,0.0503,0.6106,0.5309,0.4258,0.4643,6,398,56,0.5238,30
Alan Wazny,0.0137,0.0548,0.653,0.5664,0.3289,0.4375,3,219,32,0.5,18
Aland Sanson,0.0,0.1333,0.4667,0.2857,0.3125,0.1667,1,30,6,0.2857,5
Alastair Gray,0.0967,0.046,0.6224,0.7279,0.4733,0.7931,72,5461,846,0.6032,175
Albano Olivetti,0.2084,0.0886,0.5405,0.822,0.4993,0.861,90,6142,964,0.6847,134
Albert Alcaraz Ivorra,0.0503,0.0377,0.6281,0.648,0.527,0.7419,7,398,62,0.5429,16
Albert Montanes,0.0441,0.0598,0.5788,0.6802,0.4855,0.7222,95,5555,853,0.576,237
Albert Pedrico Kravtsov,0.0261,0.0634,0.5784,0.7161,0.4779,0.7442,5,268,43,0.5217,11
Albert Ramos,0.0301,0.0264,0.6516,0.6692,0.5088,0.7581,171,11775,1819,0.6064,440
Alberto Barroso Campos,0.0457,0.033,0.6158,0.6591,0.4726,0.7095,73,5359,802,0.6003,233
Alberto Brizzi,0.0329,0.0445,0.6151,0.7013,0.5477,0.7614,8,517,88,0.4474,21
Alberto Bronzetti,0.0262,0.0552,0.5494,0.6508,0.4323,0.6364,6,344,55,0.375,20
Alberto Garcia Garcia,0.0,0.1,0.6083,0.4932,0.3617,0.3889,2,120,18,0.4762,11
Alberto Lim,0.0612,0.0,0.6735,0.4242,0.4375,0.375,1,49,8,0.375,5
Alberto Morolli,0.0167,0.05,0.5833,0.7429,0.4,0.6667,1,60,9,0.4,3
Alberto Odiseo Alvarado Berrospi,0.0101,0.0,0.6263,0.4516,0.4324,0.3333,2,99,15,0.4118,10
Alberto Puello,0.0,0.093,0.6512,0.5357,0.3333,0.4286,1,43,7,0.3333,4
Alberto Romero De Avila Senise,0.017,0.0401,0.6559,0.6024,0.5112,0.6699,11,648,103,0.4516,34
Aldin Setkic,0.0715,0.0487,0.6546,0.7023,0.4887,0.7782,306,20819,3242,0.5965,719
Alec Adamson,0.0512,0.0977,0.6,0.6124,0.3256,0.4839,3,215,31,0.5429,16
Alec Beckley,0.0354,0.0663,0.547,0.6394,0.449,0.6289,9,649,97,0.5862,36
Alec Deckers,0.1208,0.0408,0.5678,0.7459,0.4737,0.7772,17,1275,202,0.5361,45
Alejandro Arcila,0.0802,0.0642,0.5722,0.6822,0.3625,0.5926,2,187,27,0.5926,11
Alejandro Bancalari,0.027,0.0541,0.5405,0.5214,0.4034,0.4186,5,259,43,0.3056,25
Alejandro Davidovich Fokina,0.0356,0.0389,0.6508,0.6708,0.5154,0.7603,139,9495,1481,0.5861,358
Alejandro Falla,0.0325,0.0434,0.5908,0.662,0.4926,0.7161,118,7471,1120,0.5827,318
Alejandro Gomez Gb42,0.1006,0.0705,0.5658,0.7212,0.51,0.7888,86,5884,914,0.6132,193
Alejandro Gonzalez,0.0368,0.0312,0.6298,0.6595,0.4867,0.7068,274,17572,2715,0.5546,796
Alejandro Hayen,0.0477,0.0477,0.6038,0.6601,0.512,0.746,5,419,63,0.5897,16
Alejandro Hernandez,0.0182,0.0364,0.5455,0.6,0.28,0.2857,1,55,7,0.5833,5
Alejandro Hoyos Franco,0.0212,0.052,0.6217,0.6255,0.4172,0.6131,18,1134,168,0.5149,65
Alejandro Jose Gandini,0.0483,0.0897,0.6,0.4943,0.3103,0.3043,3,145,23,0.3043,16
Alejandro Juan Mano,0.0196,0.0327,0.6993,0.486,0.4783,0.4091,2,153,22,0.5185,13
Alejandro Lopez Escribano,0.0,0.0309,0.7216,0.4714,0.3704,0.375,2,97,16,0.3333,10
Alejandro Manzanera Pertusa,0.0907,0.0227,0.6011,0.6635,0.4692,0.6867,7,529,83,0.5517,26
Alejandro Mateo Berge Nourescu,0.0311,0.035,0.5798,0.6309,0.3519,0.5,4,257,40,0.3548,20
Alejandro Mendoza,0.0512,0.1019,0.5137,0.6422,0.4169,0.5604,30,1855,273,0.5331,120
Alejandro Moreno,0.0561,0.0561,0.6168,0.6061,0.5122,0.6875,2,107,16,0.6429,5
Alejandro Moreno Figueroa,0.0465,0.0884,0.5023,0.6481,0.271,0.4138,4,215,29,0.5641,17
Alejandro Moro Canas,0.0374,0.0288,0.6678,0.6593,0.5071,0.7421,231,17145,2610,0.5918,676
Alejandro Tabilo,0.0699,0.0469,0.616,0.7219,0.4894,0.7856,279,19234,3018,0.619,650
Alejandro Turriziani Alvarez,0.0207,0.0661,0.6198,0.58,0.4348,0.5278,4,242,36,0.4333,17
Alejo Lorenzo Lingua Lavallen,0.0257,0.0375,0.6395,0.6283,0.4973,0.6911,53,3576,531,0.5568,164
Alejo Sanchez Quilez,0.0158,0.0354,0.5929,0.637,0.4561,0.6402,39,2714,403,0.5382,145
Alejo Vilaro,0.0207,0.074,0.6095,0.6505,0.4167,0.64,4,338,50,0.6471,18
Aleksandar Kovacevic,0.1125,0.0435,0.5878,0.7636,0.5125,0.8414,247,19051,2913,0.6412,474
Aleksandar Vukic,0.1111,0.0316,0.5763,0.7399,0.5145,0.8148,357,25254,3914,0.6402,730
Aleksander Orlikowski,0.0141,0.0563,0.5775,0.561,0.3667,0.4545,1,71,11,0.3333,6
Aleksander Woznicki,0.0,0.0303,0.5758,0.3684,0.4286,0.4286,1,33,7,0.0,4
Aleksandr Braynin,0.0596,0.0759,0.6281,0.6439,0.4204,0.6439,40,2821,424,0.5722,151
Aleksandr Lobanov,0.0344,0.0708,0.6185,0.6534,0.4613,0.6779,13,1017,149,0.5714,48
Aleksandr Nedovyesov,0.058,0.0326,0.6638,0.6908,0.4925,0.7746,271,18015,2782,0.602,632
Aleksandre Bakshi,0.0745,0.0573,0.6004,0.7082,0.4916,0.7672,42,2968,464,0.5925,108
Aleksandre Metreveli,0.0234,0.0567,0.6188,0.6327,0.4502,0.6541,43,2820,425,0.5333,147
Aleksandre Shvangiradze,0.0973,0.0885,0.5487,0.5323,0.3725,0.4,2,113,15,0.5714,9
Aleksei Khomich,0.0,0.0833,0.5278,0.3158,0.2353,0.0,2,36,6,0.3333,6
Aleksei Mokrov,0.0161,0.0806,0.4677,0.6552,0.4545,0.625,1,62,8,0.7,3
Aleksi Lofman,0.0841,0.0701,0.5654,0.6942,0.3226,0.5758,4,214,33,0.4167,14
Alen Avidzba,0.0617,0.0517,0.5702,0.7004,0.5043,0.7404,49,3483,547,0.5697,142
Alen Mujakic,0.02,0.1,0.44,0.5455,0.3571,0.375,1,50,8,0.5,5
Alen Rogic Hadzalic,0.0588,0.1529,0.5529,0.5745,0.3684,0.5,2,85,16,0.2727,8
Alessandro Battiston,0.037,0.0,0.7778,0.619,0.3333,0.6667,1,54,9,0.4,3
Alessandro Bega,0.0217,0.0384,0.636,0.6409,0.4756,0.6808,164,11274,1726,0.5567,551
Alessandro Bellifemine,0.0414,0.0473,0.5592,0.6878,0.5034,0.6786,5,338,56,0.4,18
Alessandro Ceppellini,0.0412,0.0529,0.4882,0.5301,0.4483,0.4783,3,170,23,0.4545,12
Alessandro Coppini,0.0569,0.0769,0.505,0.6026,0.3378,0.4792,5,299,48,0.4318,25
Alessandro Cortegiani,0.0,0.0762,0.6381,0.3582,0.3947,0.1875,2,105,16,0.48,13
Alessandro Damiano Ventre,0.069,0.0603,0.5259,0.6885,0.4909,0.6842,2,116,19,0.4,6
Alessandro Dragoni,0.0667,0.103,0.5939,0.6633,0.4179,0.64,2,165,25,0.4706,9
Alessandro Giannessi,0.0328,0.0417,0.6438,0.6522,0.5028,0.7279,471,32896,4946,0.5819,1370
Alessandro Ingarao,0.0,0.0633,0.5823,0.6522,0.4242,0.6667,1,79,9,0.7692,3
Alessandro Luisi,0.031,0.031,0.6279,0.6296,0.4167,0.6316,3,129,19,0.65,7
Alessandro Motti,0.0506,0.0625,0.5536,0.6129,0.4333,0.5577,6,336,52,0.5208,23
Alessandro Pecci,0.0629,0.047,0.5902,0.7013,0.5037,0.8021,28,1957,288,0.6724,57
Alessandro Petrone,0.031,0.0337,0.6891,0.6475,0.4416,0.6809,20,1515,235,0.5739,75
Alessandro Procopio,0.0,0.0222,0.4444,0.6,0.44,0.5556,1,45,9,0.2,4
Alessandro Ragazzi,0.0333,0.0417,0.6167,0.6622,0.5,0.8125,1,120,16,0.7,3
Alessandro Rubini,0.0,0.0167,0.6667,0.375,0.5,0.25,1,60,8,0.6471,6
Alessandro Spadola,0.0128,0.0795,0.5974,0.5408,0.414,0.4643,6,390,56,0.5161,30
Alessio Basile,0.0526,0.0351,0.6491,0.7297,0.3,0.7,1,57,10,0.0,3
Alessio De Bernardis,0.023,0.0651,0.6015,0.4777,0.3173,0.2927,5,261,41,0.42,29
Alessio Vasquez Gehrke,0.0417,0.0333,0.6417,0.5325,0.5116,0.6111,2,120,18,0.6316,7
Alex Bancila,0.0,0.0816,0.5714,0.7857,0.4286,0.7778,1,49,9,0.5,2
Alex Barrena,0.0302,0.0366,0.6219,0.6318,0.4898,0.6783,136,9250,1402,0.568,451
Alex Blumenberg,0.036,0.104,0.516,0.7674,0.4628,0.7895,4,250,38,0.75,8
Alex Bolt,0.0965,0.0331,0.6194,0.7268,0.5251,0.8207,404,28372,4405,0.6501,804
Alex Brenner,0.0286,0.0429,0.5143,0.6111,0.5294,0.7,1,70,10,0.625,3
Alex Chang,0.1139,0.038,0.5949,0.7447,0.5312,0.7857,1,79,14,0.6667,3
Alex De Minaur,0.0454,0.0429,0.5766,0.6914,0.5407,0.7838,95,6649,1027,0.6057,222
Alex Finkelstein,0.0571,0.0571,0.5929,0.7349,0.4386,0.7083,2,140,24,0.4167,7
Alex Knaff,0.0556,0.0492,0.6326,0.6715,0.4888,0.7665,16,1097,167,0.6355,39
Alex Kobelt,0.1244,0.0949,0.5013,0.7289,0.419,0.6696,11,780,115,0.5529,38
Alex Kuznetsov,0.0974,0.0242,0.6242,0.7353,0.5012,0.8048,63,4454,707,0.6209,138
Alex Lawson,0.0584,0.0629,0.6449,0.6333,0.4146,0.63,28,1780,273,0.528,101
Alex Marti Pujolras,0.0276,0.0759,0.6158,0.6487,0.4356,0.6537,83,5880,875,0.5577,303
Alex Martinez,0.0406,0.0445,0.6357,0.677,0.4845,0.7453,51,3892,585,0.6027,149
Alex Michelsen,0.0549,0.0291,0.6679,0.706,0.5358,0.807,81,5851,943,0.6375,182
Alex Molcan,0.0381,0.0412,0.6294,0.6648,0.5067,0.7321,278,19398,2956,0.5841,796
Alex Rybakov,0.0558,0.0371,0.6703,0.6948,0.5118,0.7919,240,17075,2638,0.6307,558
Alex Santino Nunez Vera,0.0374,0.0654,0.6168,0.6061,0.3902,0.5556,2,107,18,0.3333,8
Alexandar Lazarov,0.0483,0.0489,0.6363,0.6774,0.4901,0.7284,76,5150,810,0.5492,220
Alexandar Lazov,0.0621,0.0535,0.6237,0.6719,0.4915,0.7221,38,2336,367,0.618,102
Alexander Babanine,0.034,0.0365,0.604,0.6488,0.5105,0.7083,17,1207,192,0.5214,56
Alexander Bernard,0.0306,0.0355,0.6193,0.6146,0.4301,0.6026,17,1014,151,0.5556,60
Alexander Blockx,0.0714,0.028,0.6171,0.7125,0.516,0.8022,145,9880,1532,0.6371,303
Alexander Boborykin,0.0417,0.0278,0.625,0.5778,0.5185,0.6364,1,72,11,0.5,4
Alexander Braun,0.0588,0.0588,0.6353,0.7963,0.4839,0.8125,1,85,16,0.5,3
Alexander Bravo,0.0147,0.1029,0.5441,0.6486,0.2903,0.5,1,68,8,0.6364,4
Alexander Brown,0.1116,0.0571,0.6562,0.7401,0.5429,0.8432,17,1120,185,0.5735,29
Alexander Bublik,0.1318,0.083,0.5877,0.745,0.46,0.7833,225,14874,2307,0.5885,500
Alexander Bury,0.0834,0.0411,0.6326,0.6845,0.4735,0.7208,31,1799,283,0.5153,79
Alexander Cozbinov,0.0745,0.0767,0.5991,0.6973,0.4309,0.6974,46,3248,509,0.5048,154
Alexander Crnokrak,0.0972,0.0648,0.5648,0.7061,0.5,0.7682,14,988,151,0.5395,35
Alexander Day,0.0128,0.0897,0.5705,0.618,0.3284,0.45,2,156,20,0.5926,11
Alexander Donski,0.0983,0.0614,0.5405,0.7328,0.4806,0.7574,66,5095,775,0.6042,188
Alexander Erler,0.0857,0.0516,0.5915,0.6981,0.4744,0.7331,79,5836,888,0.5768,237
Alexander Frusina,0.0735,0.0571,0.5633,0.6087,0.4299,0.5556,4,245,36,0.5676,16
Alexander Georg Mandma,0.0278,0.0556,0.5833,0.619,0.2,0.4286,1,36,7,0.4286,4
Alexander Gornet,0.0238,0.0952,0.6429,0.4074,0.2667,0.2857,1,42,7,0.375,5
Alexander Klintcharov,0.0286,0.0229,0.704,0.5947,0.4337,0.6089,17,1223,179,0.5484,70
Alexander Knight,0.069,0.0862,0.5517,0.5938,0.3077,0.375,1,58,8,0.5833,5
Alexander Kotzen,0.068,0.0268,0.5689,0.7516,0.5851,0.8667,9,559,90,0.6129,12
Alexander Kudryavtsev,0.0903,0.0411,0.5441,0.7283,0.4871,0.759,145,8870,1365,0.5943,329
Alexander Lebedev,0.0411,0.038,0.5823,0.6087,0.5455,0.6939,4,316,49,0.5714,15
Alexander Lobkov,0.0667,0.0534,0.5583,0.6739,0.467,0.7016,13,824,124,0.6224,37
Alexander Maarten Jong,0.0602,0.0663,0.512,0.6941,0.3951,0.6667,3,166,24,0.4667,8
Alexander Mannapov,0.0077,0.0615,0.5923,0.6104,0.4906,0.6316,3,130,19,0.6667,7
Alexander Merino,0.0171,0.0758,0.6255,0.5541,0.3663,0.4651,20,1108,172,0.439,92
Alexander Ovcharov,0.0385,0.0337,0.6106,0.5197,0.4198,0.4848,5,208,33,0.4848,17
Alexander Pavlioutchenkov,0.0385,0.0888,0.645,0.656,0.3583,0.6111,6,338,54,0.4324,21
Alexander Perfilov,0.0,0.0938,0.5938,0.6053,0.3077,0.4444,3,64,9,0.5455,5
Alexander Petrov,0.022,0.0441,0.6167,0.7,0.5287,0.8235,3,227,34,0.7391,6
Alexander Razeghi,0.0,0.0732,0.6341,0.5192,0.4667,0.5,1,82,14,0.3636,7
Alexander Ritschard,0.0524,0.0468,0.5959,0.6925,0.4958,0.7598,321,23571,3556,0.6032,863
Alexander Sarkissian,0.0824,0.0423,0.5911,0.6986,0.5073,0.7604,219,13768,2158,0.5887,517
Alexander Shevchenko,0.0532,0.0339,0.5787,0.6878,0.5131,0.7585,198,14180,2149,0.5931,522
Alexander Stater,0.0063,0.0261,0.7122,0.6032,0.4601,0.6507,14,959,146,0.5364,51
Alexander Vasilenko,0.0456,0.0575,0.5945,0.6772,0.5183,0.7245,29,1756,265,0.5731,73
Alexander Vasilev,0.0422,0.1218,0.5925,0.5731,0.4195,0.55,7,427,60,0.6301,27
Alexander Visser,0.0606,0.0758,0.4697,0.7419,0.4,0.7,1,66,10,0.5714,3
Alexander Wagner,0.0226,0.0301,0.609,0.6296,0.3846,0.7143,2,133,21,0.6,6
Alexander Ward,0.0725,0.0512,0.5878,0.7086,0.4959,0.7694,75,4770,746,0.5991,172
Alexander Weis,0.0376,0.0419,0.5938,0.6647,0.4915,0.7152,130,9301,1415,0.5841,403
Alexander Wolfschmidt,0.0,0.05,0.5667,0.4412,0.3077,0.1429,1,60,7,0.5385,6
Alexander Zederbauer,0.0345,0.0517,0.5431,0.6825,0.3019,0.5,2,116,16,0.5789,8
Alexander Zgirovsky,0.0406,0.0541,0.6839,0.6709,0.4397,0.72,11,813,125,0.5833,35
Alexander Zhurbin,0.0452,0.0395,0.6338,0.635,0.469,0.668,76,4937,759,0.5418,252
Alexander Zverev,0.0779,0.0434,0.5996,0.7441,0.5122,0.8012,35,2053,332,0.6207,66
Alexandr Binda,0.0396,0.0473,0.6039,0.6526,0.4655,0.6765,46,3108,476,0.5232,154
Alexandr Dolgopolov,0.0836,0.0334,0.6049,0.7764,0.6038,0.9009,13,658,111,0.7027,11
Alexandr Igoshin,0.0861,0.0941,0.5254,0.7101,0.4133,0.6609,29,1871,289,0.51,98
Alexandr Kushakov,0.0378,0.0378,0.5168,0.7154,0.4696,0.7,5,238,40,0.4286,12
Alexandre Aubriot,0.052,0.0471,0.6157,0.6768,0.4617,0.7059,15,1020,153,0.5909,45
Alexandre Belmonte,0.0,0.0351,0.614,0.5429,0.4545,0.5,1,57,10,0.1667,5
Alexandre Folie,0.0338,0.0193,0.599,0.6935,0.4578,0.697,4,207,33,0.5652,10
Alexandre Girotto,0.0124,0.0807,0.7019,0.531,0.2708,0.3704,4,161,27,0.4848,17
Alexandre Massa,0.0678,0.1356,0.5424,0.5625,0.2593,0.3333,1,59,9,0.5385,6
Alexandre Muller,0.0391,0.0322,0.6661,0.664,0.4977,0.7419,375,26778,4076,0.5912,1056
Alexandre Penaud,0.0734,0.0277,0.5983,0.7014,0.4862,0.7328,12,722,116,0.5753,31
Alexandre Reco,0.0628,0.0214,0.6177,0.6721,0.5,0.7297,11,701,111,0.5588,30
Alexandre Rotsaert,0.0,0.04,0.61,0.541,0.3846,0.4615,1,100,13,0.6957,7
Alexandre Sidorenko,0.091,0.0622,0.5632,0.7292,0.4712,0.7548,50,3056,469,0.566,115
Alexandre Tsuchiya,0.0475,0.0752,0.5515,0.6794,0.4412,0.6555,12,758,119,0.506,41
Alexandros Skorilas,0.069,0.0517,0.6724,0.6154,0.2632,0.5556,1,58,9,0.4286,4
Alexandru Cristian Dumitru,0.0455,0.1364,0.5909,0.5769,0.2778,0.2857,1,44,7,0.4444,5
Alexei Popyrin,0.0935,0.0457,0.5902,0.7418,0.5045,0.8068,212,15643,2458,0.6087,475
Alexey Aleshchev,0.0328,0.0328,0.6885,0.5238,0.4211,0.5,1,61,8,0.5,4
Alexey Kedryuk,0.0644,0.131,0.5034,0.5936,0.3287,0.4179,10,435,67,0.5063,39
Alexey Nesterov,0.041,0.1066,0.6393,0.6154,0.3409,0.5556,2,122,18,0.4667,8
Alexey Vatutin,0.0203,0.045,0.645,0.6368,0.4869,0.6866,490,34236,5213,0.5507,1649
Alexey Zakharov,0.064,0.0346,0.5927,0.7116,0.5089,0.7783,81,5640,875,0.6181,194
Alexios Halebian,0.0949,0.0496,0.6052,0.6908,0.4793,0.7388,28,1897,291,0.6062,76
Alexis Canter,0.0395,0.0273,0.6358,0.6706,0.5125,0.7212,10,659,104,0.4528,29
Alexis Galarneau,0.0447,0.0452,0.5855,0.6835,0.5113,0.7575,355,26039,3951,0.5978,969
Alexis Gautier,0.0836,0.0504,0.5753,0.7119,0.4681,0.7386,110,7384,1136,0.5799,297
Alexis Gurmendi,0.0428,0.0321,0.6257,0.5897,0.5,0.6296,2,187,27,0.6,10
Alexis Klegou,0.0531,0.0354,0.5752,0.6769,0.5417,0.8235,1,113,17,0.7273,3
Alexis Musialek,0.0281,0.0292,0.6496,0.6418,0.4668,0.6982,35,2708,391,0.6054,118
Alfredo Moreno,0.1078,0.0686,0.5686,0.7414,0.4773,0.8125,1,102,16,0.75,3
Alfredo Perez,0.0684,0.0338,0.6226,0.7016,0.5139,0.7864,101,6842,1072,0.6196,229
Ali Al Saygh,0.0,0.1714,0.6,0.2857,0.3571,0.1667,1,35,6,0.2857,5
Ali Habib,0.0596,0.0397,0.6093,0.6196,0.3898,0.5714,2,151,21,0.7,9
Aliaksandr Bulitski,0.0,0.0227,0.5227,0.7391,0.2857,0.5,1,44,8,0.2,4
Aliaksandr Liaonenka,0.1016,0.0458,0.6554,0.7477,0.4335,0.7778,8,502,81,0.5909,18
Aliaksandr Prudnikau,0.0,0.1087,0.6957,0.4375,0.2143,0.25,1,46,8,0.1429,6
Alibek Kachmazov,0.0736,0.0465,0.5604,0.7019,0.506,0.758,193,14299,2161,0.6077,523
Aljaz Bedene,0.1038,0.0349,0.5515,0.7608,0.533,0.8322,104,6732,1055,0.6698,177
Aljaz Jakob Kaplja,0.0409,0.0773,0.5318,0.6154,0.3786,0.5152,4,220,33,0.4839,16
Aljaz Radinski,0.046,0.0588,0.555,0.6267,0.4483,0.5556,7,391,63,0.5088,28
Allan Gatoto,0.0171,0.0256,0.7436,0.5632,0.5333,0.6111,2,117,18,0.3636,7
Allan Gomes Oliveira,0.0,0.087,0.7826,0.5741,0.1333,0.4444,1,69,9,0.5833,5
Alon Elia,0.0,0.038,0.8354,0.6818,0.2308,0.7692,1,79,13,0.4,3
Alonso Alejandro Delgado,0.0696,0.0696,0.5217,0.55,0.4727,0.4706,2,115,17,0.6087,9
Alp Horoz,0.0222,0.0074,0.7481,0.6436,0.4118,0.7368,2,135,19,0.6154,5
Altug Celikbilek,0.0813,0.0506,0.5762,0.7057,0.4814,0.7536,260,18991,2886,0.5828,721
Alvar Gutierrez Medina,0.0213,0.1277,0.4468,0.4762,0.4231,0.375,1,47,8,0.375,5
Alvaro Guillen Meza,0.0184,0.0447,0.684,0.6338,0.468,0.6896,164,12252,1820,0.5707,571
Alvaro Lopez San Martin,0.0409,0.0328,0.6249,0.6676,0.4794,0.7188,58,4082,626,0.5897,176
Alvaro Peiro Serrano,0.0,0.14,0.64,0.4375,0.2778,0.25,1,50,8,0.3333,6
Alvin Nicholas Tudorica,0.0174,0.0613,0.5884,0.6166,0.4433,0.6157,21,1436,216,0.5699,83
Amadatus Admiraal,0.0312,0.0938,0.6406,0.6585,0.2609,0.5556,2,64,9,0.6,4
Amador Salazar,0.0023,0.0693,0.6374,0.5109,0.2611,0.3134,8,433,67,0.3947,46
Amal Sultanbekov,0.039,0.1147,0.6194,0.5916,0.4472,0.6,11,846,120,0.5752,48
Amar Huseinovic,0.0449,0.0899,0.4944,0.5,0.3556,0.3333,2,89,15,0.2308,10
Amaury Delmas,0.0,0.1,0.5167,0.5806,0.3103,0.375,1,60,8,0.5455,5
Amaury Raynel,0.0095,0.0393,0.7558,0.5476,0.4611,0.5727,11,737,110,0.5437,47
Amer Naow,0.0,0.0526,0.6842,0.5,0.5,0.4286,1,38,7,0.2,4
Americo Lanzoni,0.0,0.1212,0.5455,0.3333,0.3333,0.1667,1,33,6,0.1667,5
Amine Ahouda,0.0033,0.0691,0.5789,0.5227,0.3906,0.4375,7,304,48,0.449,27
Amine Chadli,0.0,0.1094,0.5938,0.2368,0.2308,0.0769,2,64,13,0.3333,12
Amine Jamji,0.084,0.084,0.5378,0.6719,0.3455,0.5294,2,119,17,0.5,8
Amir Milushev,0.0556,0.1111,0.4841,0.6066,0.5077,0.65,2,126,20,0.5882,7
Amir Omarkhanov,0.0244,0.0468,0.609,0.6288,0.4115,0.6027,8,491,73,0.4912,29
Amir Weintraub,0.0544,0.0256,0.6537,0.6527,0.4931,0.7095,80,4409,685,0.5538,199
Amit Vales,0.044,0.0603,0.554,0.6644,0.4676,0.6565,11,796,131,0.5055,45
Ammar Alhogbani,0.0388,0.0874,0.5631,0.6552,0.3556,0.5806,3,206,31,0.48,13
Amr Elsayed Abdou Ahmed Mohamed,0.0417,0.0521,0.5312,0.549,0.4444,0.4615,1,96,13,0.5333,7
Anapat Timangkul,0.0104,0.0312,0.6042,0.5517,0.2895,0.3333,2,96,15,0.4737,10
Anas Bennour Dit Sahli,0.042,0.1597,0.4874,0.569,0.3115,0.3158,2,119,19,0.4091,13
Anas Chakrouni,0.0,0.1471,0.4559,0.4839,0.1622,0.0833,2,68,12,0.3889,11
Anas Mazdrashki,0.0249,0.0249,0.5125,0.625,0.5036,0.6512,5,281,43,0.5714,15
Anatoliy Petrenko,0.0385,0.1154,0.4231,0.5909,0.2667,0.2857,1,52,7,0.4444,5
Anders Matta,0.0168,0.067,0.5978,0.514,0.4028,0.4,4,179,25,0.4444,15
Anderson Reed,0.0164,0.082,0.6066,0.5135,0.7083,0.6667,1,61,9,0.6667,3
Andre Begemann,0.0476,0.0519,0.6234,0.6806,0.5,0.7568,9,462,74,0.5385,18
Andre Biro,0.0196,0.0588,0.5392,0.6,0.3191,0.4,2,102,15,0.4706,9
Andre Gaspar Murta,0.0397,0.0437,0.6032,0.625,0.5,0.6667,3,252,42,0.5333,14
Andre Ghem,0.0378,0.0358,0.5826,0.6996,0.4958,0.7471,161,10463,1633,0.5799,413
Andre Goransson,0.0457,0.0667,0.5457,0.6499,0.4165,0.5954,18,1094,173,0.4737,70
Andre Ilagan,0.0428,0.0321,0.6643,0.6659,0.5199,0.7632,115,8079,1254,0.5976,297
Andre Miele,0.031,0.0373,0.6399,0.6528,0.4921,0.7364,22,1580,239,0.6038,63
Andre Rodeia,0.0175,0.0175,0.614,0.4571,0.3636,0.2857,1,57,7,0.4444,5
Andre Sa,0.0272,0.0707,0.6359,0.547,0.4776,0.5185,7,184,27,0.48,13
Andre Souza,0.0,0.1176,0.4902,0.4,0.3077,0.25,1,51,8,0.5385,6
Andrea Arnaboldi,0.0433,0.0331,0.594,0.6808,0.5213,0.7617,482,34580,5267,0.6082,1262
Andrea Bacaloni,0.0227,0.1136,0.5455,0.75,0.45,0.625,1,44,8,0.4,3
Andrea Baldoni,0.05,0.06,0.54,0.5,0.413,0.4,2,100,15,0.3077,9
Andrea Basso,0.0719,0.0388,0.5866,0.6856,0.5118,0.7571,73,5644,848,0.6213,206
Andrea Bolla,0.0476,0.0286,0.6667,0.6857,0.5143,0.8667,1,105,15,0.8182,2
Andrea Casati,0.0,0.1373,0.6471,0.4545,0.3889,0.375,1,51,8,0.1667,5
Andrea Collarini,0.029,0.0406,0.6629,0.6561,0.5001,0.7328,535,37239,5643,0.5878,1521
Andrea Colombo,0.0519,0.0519,0.5519,0.7059,0.4928,0.75,3,154,28,0.3636,7
Andrea De Marchi,0.011,0.0331,0.5801,0.5429,0.4342,0.4615,2,181,26,0.6216,14
Andrea Del Federico,0.0252,0.0587,0.6174,0.5136,0.3509,0.3846,11,596,91,0.44,56
Andrea Del Prete,0.0204,0.0816,0.449,0.4091,0.4074,0.1667,1,49,6,0.5833,5
Andrea Falgheri,0.1441,0.0676,0.545,0.7769,0.505,0.8667,2,222,30,0.7778,4
Andrea Fiorentini,0.0347,0.0578,0.5838,0.703,0.4583,0.7143,2,173,28,0.2,8
Andrea Giallanza,0.0,0.05,0.775,0.3871,0.4444,0.2857,1,40,7,0.1667,5
Andrea Gola,0.037,0.0278,0.5648,0.6393,0.5319,0.6667,2,108,18,0.4,6
Andrea Grazioso,0.0444,0.0889,0.5111,0.6087,0.4545,0.5,1,45,8,0.4286,4
Andrea Guerrieri,0.0202,0.0605,0.6305,0.6446,0.4679,0.6952,80,5905,876,0.6119,267
Andrea Militi Ribaldi,0.0805,0.0604,0.5772,0.6628,0.4444,0.7,2,149,20,0.625,6
Andrea Paolini,0.0299,0.0299,0.7463,0.48,0.4118,0.25,1,67,8,0.5,6
Andrea Pellegrino,0.037,0.0402,0.6321,0.6559,0.5034,0.7204,466,32929,5053,0.5697,1427
Andrea Picchione,0.03,0.0464,0.6,0.6718,0.4988,0.7236,82,5302,832,0.5543,230
Andrea Trapani,0.0,0.115,0.531,0.4,0.3208,0.2353,2,113,17,0.3158,13
Andrea Vavassori,0.0698,0.0536,0.6167,0.7134,0.502,0.7897,300,21847,3343,0.6225,718
Andreas Beck,0.0442,0.041,0.6182,0.693,0.5195,0.7894,64,4099,622,0.6299,131
Andreas Haider Maurer,0.0772,0.0565,0.5557,0.7225,0.4369,0.7205,64,4209,644,0.5577,180
Andreas Mies,0.0498,0.0441,0.6401,0.6911,0.4901,0.7798,13,703,109,0.6066,24
Andreas Seppi,0.0747,0.0358,0.5687,0.7311,0.5042,0.8006,121,8737,1324,0.6213,270
Andreas Siljestrom,0.0865,0.0752,0.6316,0.6786,0.3776,0.6667,4,266,42,0.5333,14
Andrei Gorban,0.0244,0.0244,0.6829,0.3571,0.3846,0.1429,1,41,7,0.25,6
Andrei Patrui,0.0139,0.0694,0.5972,0.6047,0.3793,0.5,1,72,8,0.6364,4
Andrei Stefan Apostol,0.0467,0.0156,0.5914,0.6645,0.5143,0.6905,5,257,42,0.5185,13
Andrei Vasilevski,0.1103,0.0495,0.567,0.7491,0.4952,0.7928,48,3353,526,0.5887,109
Andrej Glvac,0.0742,0.0495,0.5618,0.7044,0.4435,0.6813,9,566,91,0.5469,29
Andrej Krajcik,0.0217,0.1304,0.4783,0.6364,0.375,0.5,1,46,8,0.2,4
Andrej Loncarevic,0.0647,0.0776,0.6164,0.6993,0.4719,0.7576,3,232,33,0.7419,8
Andrej Martin,0.0358,0.0432,0.6185,0.6584,0.4881,0.7083,447,30812,4711,0.5716,1374
Andrej Nedic,0.0315,0.0387,0.6283,0.6409,0.4569,0.6623,28,1937,302,0.512,102
Andres Alvarez Cerdan,0.0679,0.0864,0.4691,0.6316,0.4419,0.56,3,162,25,0.5,11
Andres Andrade,0.0356,0.053,0.5776,0.6641,0.4848,0.7007,123,8571,1293,0.5775,387
Andres Ariel Fernandez Lopez,0.0208,0.0833,0.5,0.4167,0.25,0.0714,2,96,14,0.381,13
Andres Artunedo Martinavarro,0.0996,0.0397,0.5975,0.7522,0.4645,0.7788,36,2621,416,0.5911,92
Andres Delgadillo,0.0536,0.0893,0.5536,0.6452,0.4,0.5556,1,56,9,0.2,4
Andres Fernandez Canovas,0.0229,0.0629,0.6,0.6571,0.4714,0.6923,3,175,26,0.4286,8
Andres Gabriel Ciurletti,0.0723,0.0383,0.5617,0.6894,0.466,0.6667,4,235,39,0.4583,13
Andres Martin,0.048,0.0367,0.6324,0.6763,0.4981,0.7512,110,7952,1218,0.5944,303
Andres Molteni,0.031,0.0465,0.5896,0.6706,0.4843,0.7068,81,5288,798,0.5866,234
Andres Rosales Pacheco,0.0,0.1463,0.5366,0.4545,0.3684,0.1667,1,41,6,0.375,5
Andres Santamarta Roig,0.0081,0.0317,0.6716,0.6526,0.538,0.7748,22,1483,222,0.6795,50
Andres Urrea,0.0251,0.0643,0.537,0.5801,0.3788,0.4559,16,918,136,0.4559,74
Andres Zepeda,0.0347,0.0625,0.5972,0.5698,0.3276,0.4091,3,144,22,0.4348,13
Andrew Carter,0.0213,0.0439,0.5633,0.5826,0.4349,0.5482,25,1548,228,0.4798,103
Andrew Delgado,0.034,0.0681,0.6681,0.6943,0.3718,0.7273,3,235,33,0.6087,9
Andrew Ely,0.0,0.2143,0.3571,0.6667,0.3704,0.4286,1,42,7,0.5556,4
Andrew Fenty,0.0593,0.0413,0.6169,0.6667,0.5007,0.7153,53,3628,569,0.5475,162
Andrew Harris,0.0438,0.04,0.6534,0.6711,0.5234,0.7576,137,9609,1481,0.5753,361
Andrew Johnson,0.0159,0.0414,0.6242,0.6071,0.4661,0.6136,4,314,44,0.5952,17
Andrew Korinek,0.075,0.0375,0.5125,0.6341,0.4615,0.7,1,80,10,0.8,3
Andrew Ochotta,0.0446,0.0828,0.6051,0.6632,0.3226,0.5217,3,157,23,0.6562,11
Andrew Paulson,0.063,0.0528,0.5806,0.7025,0.4892,0.7454,114,8029,1249,0.5782,318
Andrew Rogers,0.1263,0.1368,0.5579,0.6981,0.3571,0.6667,1,95,15,0.5,5
Andrew Ruppli,0.0,0.0,0.459,0.5,0.3636,0.25,1,61,8,0.3333,6
Andrew Watson,0.1012,0.0486,0.587,0.7448,0.402,0.6829,4,247,41,0.48,13
Andrew Whittington,0.0823,0.0588,0.6126,0.711,0.4786,0.7685,117,8214,1244,0.6092,288
Andrew Zhang,0.0643,0.0714,0.5,0.7857,0.4286,0.7222,1,140,18,0.6875,5
Andrey Chepelev,0.0207,0.0385,0.7066,0.6532,0.4964,0.7385,71,4779,742,0.5846,194
Andrey Golubev,0.0543,0.0477,0.6111,0.6891,0.4906,0.7366,109,6537,1010,0.5764,266
Andrey Kuznetsov,0.0666,0.0416,0.5635,0.7279,0.5235,0.7921,141,9164,1443,0.6042,300
Andrey Rublev,0.0687,0.0397,0.5897,0.727,0.4993,0.8041,154,10685,1593,0.6467,312
Andrey Yakovlev,0.0091,0.1466,0.5273,0.4634,0.2788,0.2378,20,880,143,0.3057,109
Andriej Kapas,0.1011,0.0527,0.5734,0.7548,0.5165,0.8226,54,3699,592,0.6038,105
Andrin Casanova,0.0841,0.0667,0.5762,0.6777,0.4457,0.6505,10,630,103,0.4627,36
Andy Murray,0.0998,0.0212,0.6178,0.7514,0.562,0.855,32,2025,338,0.595,49
Ang Ji,0.0,0.0865,0.5769,0.4667,0.4318,0.375,2,104,16,0.2308,10
Angel Diaz Jalil,0.0446,0.0297,0.6287,0.5906,0.5067,0.6774,3,202,31,0.5,10
Angel Guerrero Melgar,0.0,0.0612,0.6531,0.4062,0.1765,0.0,1,49,7,0.4167,7
Angel Josue Maleno Rosario,0.0,0.1351,0.4595,0.4118,0.2,0.0,1,37,6,0.25,6
Angel Veliz,0.0,0.0625,0.5833,0.25,0.4,0.0,1,48,7,0.3,7
Aniketh Venkataraman,0.0,0.0484,0.4355,0.4074,0.4286,0.3333,1,62,9,0.5385,6
Anil Yuksel,0.0296,0.035,0.575,0.64,0.4948,0.6713,15,913,143,0.4659,47
Anirudh Chandrasekar,0.0476,0.0513,0.5946,0.6181,0.4428,0.582,13,819,122,0.5049,51
Antal Van Der Duim,0.0509,0.05,0.5884,0.6486,0.4684,0.6928,17,1001,153,0.5392,47
Ante Pavic,0.1349,0.0543,0.5963,0.7594,0.4919,0.811,177,11719,1847,0.5947,353
Anthony Genov,0.035,0.0467,0.6226,0.5625,0.4536,0.55,4,257,40,0.4375,18
Anthony Popyrin,0.0311,0.0807,0.6025,0.6598,0.4844,0.7083,2,161,24,0.6667,7
Antoine Bellier,0.1336,0.0574,0.6152,0.7624,0.5112,0.8396,167,11994,1895,0.632,308
Antoine Cornut Chauvinc,0.0578,0.0371,0.5844,0.685,0.4692,0.7245,47,3477,530,0.5562,146
Antoine Escoffier,0.068,0.0511,0.5709,0.7121,0.4819,0.754,342,24114,3655,0.5918,912
Antoine Ghibaudo,0.055,0.0396,0.619,0.7019,0.5067,0.78,88,6108,950,0.6122,209
Antoine Hoang,0.0485,0.0465,0.6792,0.687,0.5031,0.7739,262,19565,3016,0.5944,690
Antoine Leduc,0.0175,0.14,0.575,0.5522,0.3176,0.3636,7,400,55,0.507,35
Antoine Vincent,0.0492,0.0656,0.5574,0.5882,0.4074,0.5,1,61,10,0.375,5
Anton Chekhov,0.0428,0.0846,0.5652,0.5491,0.4161,0.4737,16,1028,152,0.4904,80
Anton Galkin,0.032,0.1233,0.4064,0.618,0.4769,0.5588,3,219,34,0.4,15
Anton Matusevich,0.0693,0.0405,0.5828,0.7273,0.5076,0.791,53,3782,598,0.6019,125
Anton Ornberg,0.0,0.0548,0.7671,0.4643,0.4118,0.4167,1,73,12,0.4167,7
Anton Pavlov,0.0576,0.0471,0.6126,0.5983,0.4865,0.6667,2,191,24,0.6,8
Anton Shepp,0.0909,0.053,0.5682,0.6267,0.4035,0.5263,2,132,19,0.5263,9
Anton Zaitsev,0.0202,0.0324,0.6801,0.6663,0.491,0.7409,26,1388,220,0.5581,57
Antonin Bolardt,0.0299,0.0,0.5672,0.5263,0.4828,0.5,1,67,10,0.0,5
Antonin Stepanek,0.1364,0.0682,0.4545,0.85,0.375,0.625,1,44,8,0.5714,3
Antonio Massara,0.0306,0.0421,0.5693,0.6301,0.4937,0.6579,20,1472,228,0.5761,78
Antonio Muniz Hidalgo,0.0494,0.0247,0.7037,0.6316,0.5,0.7778,1,81,9,0.6667,2
Antonio Ruiz,0.0,0.0167,0.6333,0.5263,0.5909,0.6,1,60,10,0.3333,4
Antonio Ruiz Rosales,0.0373,0.0519,0.5768,0.6978,0.4657,0.7273,9,482,77,0.5882,21
Antonio Sancic,0.106,0.0669,0.5598,0.7126,0.4561,0.7143,35,2331,357,0.5405,102
Antonio Veic,0.0339,0.0239,0.6223,0.6303,0.4592,0.6458,26,1591,240,0.5894,85
Antonio Voljavec,0.0185,0.0,0.6481,0.5429,0.4211,0.5,1,54,8,0.0,4
Antonioni Fasano,0.0345,0.069,0.5259,0.5574,0.3273,0.3333,2,116,18,0.4,12
Antun Vidak,0.0571,0.1429,0.3143,0.6364,0.25,0.1667,1,35,6,0.4444,5
Anurag Nenwani,0.0585,0.0526,0.614,0.6381,0.4545,0.64,2,171,25,0.55,9
Anvit Bendre,0.0517,0.0616,0.4261,0.6358,0.412,0.5439,6,406,57,0.5517,26
Anze Arh,0.0571,0.0762,0.5048,0.6038,0.5577,0.625,1,105,16,0.6,6
Aoran Wang,0.1648,0.0797,0.5385,0.7433,0.441,0.7147,36,2221,354,0.5388,101
Aoxiong Wang,0.0465,0.036,0.6012,0.6309,0.4173,0.6095,12,667,105,0.4675,41
Aqeel Khan,0.0435,0.0652,0.5326,0.7551,0.4186,0.7857,1,92,14,0.5,3
Arata Onozawa,0.0698,0.0509,0.5679,0.7475,0.5328,0.8068,8,530,88,0.5405,17
Arda Azkara,0.0624,0.0578,0.5434,0.7031,0.5067,0.7549,11,657,102,0.5763,25
Aristotelis Thanos,0.0522,0.0691,0.5746,0.6816,0.4335,0.6636,21,1361,214,0.52,72
Arjun Kadhe,0.0572,0.0388,0.6687,0.6698,0.47,0.7239,108,7251,1112,0.567,307
Arjun Mehrotra,0.0488,0.061,0.6037,0.4949,0.5077,0.52,3,164,25,0.5,12
Arklon Huertas Del Pino,0.0316,0.0248,0.6414,0.6322,0.4734,0.6782,106,7711,1159,0.5632,373
Armaan Bhatia,0.0606,0.1212,0.5758,0.5263,0.3571,0.4286,1,33,7,0.2,4
Armando Gandini,0.0227,0.0568,0.5341,0.4681,0.3902,0.4,2,88,15,0.3571,9
Arnau Dachs,0.0513,0.0,0.6026,0.5319,0.3548,0.4,1,78,10,0.5385,6
Arnaud Bovy,0.0562,0.0112,0.7416,0.6061,0.6087,0.7143,1,89,14,0.2,4
Arnd Weyhausen,0.0185,0.0556,0.5,0.5926,0.5926,0.6667,1,54,9,0.25,3
Aron Hiltzik,0.0535,0.0524,0.5486,0.6842,0.4834,0.7094,22,1737,265,0.5746,77
Arpit Sharma,0.0101,0.1111,0.5253,0.7115,0.2766,0.5556,1,99,9,0.7333,4
Arsenije Zlatanovic,0.0805,0.0372,0.6223,0.607,0.418,0.5556,6,323,54,0.4146,24
Arslanbek Aitkulov,0.0251,0.0854,0.5829,0.569,0.3133,0.3793,4,199,29,0.4857,18
Artem Dubrivnyy,0.0549,0.0347,0.5672,0.6904,0.5159,0.758,56,3861,591,0.6104,143
Artem Podorozhnyi,0.0,0.1463,0.5366,0.4091,0.2105,0.1429,1,41,7,0.25,6
Artem Sitak,0.0689,0.0918,0.5434,0.7136,0.3911,0.6271,12,392,59,0.5686,22
Artem Smirnov,0.0441,0.0694,0.5564,0.6665,0.4807,0.6865,64,4150,638,0.5444,200
Artem Strokan,0.0167,0.1588,0.4429,0.3836,0.31,0.1803,10,359,61,0.2424,50
Artem Vu,0.0278,0.1019,0.6111,0.6667,0.5714,0.75,2,108,16,0.6,4
Arthur Bonnaud,0.0115,0.069,0.6092,0.4717,0.3235,0.2143,2,87,14,0.3889,11
Arthur Bouquier,0.1209,0.0505,0.6445,0.7479,0.456,0.81,66,5047,779,0.639,152
Arthur Cazaux,0.1055,0.0278,0.5835,0.7537,0.5199,0.8253,201,13819,2152,0.6427,388
Arthur De Greef,0.0471,0.0358,0.5819,0.6783,0.4845,0.7201,245,16553,2494,0.58,698
Arthur Fery,0.0588,0.0287,0.6401,0.7103,0.523,0.8032,122,8266,1326,0.5837,261
Arthur Fils,0.0591,0.0441,0.6113,0.7059,0.5124,0.788,107,7958,1217,0.6143,258
Arthur Gea,0.0457,0.0498,0.5979,0.6732,0.4795,0.7194,129,9258,1390,0.586,390
Arthur Hugounenq,0.0545,0.1273,0.5818,0.4688,0.4348,0.375,1,55,8,0.375,5
Arthur Nagel,0.0549,0.0417,0.6477,0.6725,0.3978,0.6923,7,528,78,0.5294,24
Arthur Reymond,0.0717,0.0282,0.5389,0.6856,0.4881,0.7104,73,5105,777,0.5614,225
Arthur Rinderknech,0.1171,0.0322,0.647,0.7601,0.5162,0.8544,202,14594,2349,0.6538,342
Arthur Surreaux,0.0141,0.0704,0.6526,0.5324,0.3108,0.4286,5,213,35,0.4286,20
Arthur Weber,0.0298,0.0258,0.6811,0.6235,0.5197,0.699,64,4465,681,0.5816,205
Artur Completo,0.0,0.0,0.5747,0.6,0.4865,0.6364,1,87,11,0.6,4
Artur Gusev,0.05,0.035,0.62,0.7,0.5,0.78,1,0,0,0.58,0
Artur Kukasian,0.0329,0.0592,0.5789,0.6023,0.5,0.6,2,152,25,0.5,10
Artur Shakhnubaryan,0.0,0.0385,0.5385,0.5,0.4167,0.375,1,52,8,0.375,5
Arturo Schmidt,0.0642,0.0734,0.6789,0.7162,0.3429,0.6667,2,109,18,0.4545,6
Arvid Nordquist,0.0276,0.0415,0.6452,0.5714,0.4286,0.5152,4,217,33,0.5152,16
Aryan Goveas,0.0929,0.0536,0.5304,0.734,0.5057,0.7528,8,560,89,0.5769,22
Aryan Lakshmanan,0.1152,0.0247,0.6667,0.6914,0.5432,0.8529,3,243,34,0.7222,5
Aryan Shah,0.0676,0.0511,0.5428,0.7237,0.5022,0.7755,37,2487,392,0.5556,88
Asahi Harazaki,0.0118,0.0592,0.6213,0.6476,0.4688,0.7,5,338,50,0.625,15
Asdrubal Gobernate,0.05,0.05,0.43,0.5116,0.4211,0.4118,3,100,17,0.4444,10
Ashton Mcleod,0.0854,0.0122,0.6829,0.625,0.5385,0.7143,1,82,14,0.4286,4
Asier Meneses Perny,0.0,0.0857,0.7143,0.28,0.3,0.0,1,35,6,0.5,6
Aslan Karatsev,0.0595,0.0542,0.595,0.7038,0.4983,0.7697,303,20076,3118,0.6009,718
Aswin Lizen,0.0,0.084,0.6947,0.5824,0.25,0.4706,2,131,17,0.625,9
Atharva Sharma,0.0098,0.0294,0.7549,0.5455,0.4,0.5,1,102,14,0.5333,7
Attila Balazs,0.0426,0.0548,0.5909,0.673,0.5147,0.7343,131,8577,1336,0.5824,355
Attila Boros,0.0339,0.0339,0.4322,0.5882,0.4478,0.5,2,118,18,0.25,9
August Holmgren,0.0954,0.0491,0.622,0.7371,0.5305,0.8322,163,11808,1871,0.6387,314
Augusto Laranja,0.0118,0.2157,0.5059,0.6434,0.3651,0.5429,3,255,35,0.619,16
Augusto Virgili,0.0483,0.0763,0.5903,0.616,0.3945,0.5573,13,891,131,0.5469,58
Aurel Ciocanu,0.0312,0.1146,0.4062,0.7692,0.4386,0.6923,1,96,13,0.6364,4
Aurelien Marne,0.0,0.1714,0.4,0.4286,0.2381,0.1667,1,35,6,0.4444,5
Austin Hussey,0.0,0.0291,0.6019,0.6452,0.5122,0.7059,2,103,17,0.2857,5
Austin Karosi,0.05,0.035,0.62,0.7,0.5,0.78,1,0,0,0.58,0
Austin Krajicek,0.0951,0.0379,0.6192,0.7358,0.5292,0.8277,162,10134,1608,0.6331,277
Austin Rapp,0.0488,0.0488,0.6504,0.7,0.4419,0.7368,2,123,19,0.4444,5
Austin Smith,0.0571,0.0629,0.5714,0.64,0.4533,0.5926,3,175,27,0.5417,11
Axel Garcian,0.0167,0.05,0.6444,0.5841,0.3672,0.5179,11,720,112,0.4194,54
Axel Geller,0.0693,0.0439,0.5739,0.6559,0.4797,0.6744,12,866,129,0.5172,42
Axel Michon,0.0209,0.0294,0.6757,0.6177,0.4693,0.661,134,9553,1407,0.5596,477
Axel Nefve,0.0492,0.0766,0.6282,0.667,0.4007,0.6712,20,1463,222,0.5437,73
Ayoub Benamar,0.0667,0.08,0.5867,0.5455,0.5484,0.6364,2,75,11,0.5556,4
Ayoub Chakrouni,0.0049,0.0686,0.5931,0.405,0.3373,0.2,5,204,35,0.3488,28
Azariah Rusher,0.029,0.058,0.5652,0.6667,0.4333,0.6364,1,69,11,0.3333,4
Aziz Dadabaev,0.0141,0.0599,0.5176,0.5782,0.5036,0.5455,5,284,44,0.4595,20
Aziz Dougaz,0.0823,0.0473,0.5915,0.7214,0.4857,0.7822,201,14345,2218,0.6121,486
Aziz Ouakaa,0.0355,0.066,0.5862,0.6378,0.4459,0.6175,29,1832,285,0.524,109
Azizbek Akhmadjonov,0.08,0.06,0.56,0.5357,0.3636,0.4286,1,50,7,0.3333,4
Azizbek Lukmanov,0.0612,0.0408,0.7245,0.493,0.4815,0.4706,2,98,17,0.3077,9
Azizhon Turgunov,0.0175,0.0175,0.5789,0.5758,0.5833,0.6667,1,57,9,0.5,3
Bang Shuo Yin,0.0606,0.0428,0.6488,0.706,0.4822,0.7674,8,561,86,0.6078,20
Baptiste Anselmo,0.0341,0.0682,0.5227,0.6957,0.4762,0.6923,1,88,13,0.5,4
Baptiste Crepatte,0.0723,0.0275,0.6018,0.6849,0.5034,0.7464,59,4066,623,0.5809,158
Bar Tzuf Botzer,0.0517,0.0453,0.6041,0.6831,0.4935,0.7563,10,773,119,0.5915,29
Baran Cengiz,0.019,0.0952,0.4762,0.54,0.4909,0.5,2,105,18,0.5,9
Baris Erguden,0.0668,0.0508,0.5561,0.6346,0.4759,0.6667,6,374,57,0.4722,19
Barkat Khan,0.0462,0.0308,0.6615,0.5814,0.3636,0.5,1,65,10,0.375,5
Barkin Yalcinkale,0.0142,0.0319,0.5922,0.521,0.3565,0.375,5,282,40,0.569,25
Barlaham Zuluaga Gaviria,0.0,0.1892,0.7297,0.4444,0.1,0.1667,1,37,6,0.1667,5
Barnaby Smith,0.0498,0.0356,0.573,0.677,0.4917,0.75,3,281,40,0.6552,10
Bart Stevens,0.0228,0.0558,0.5774,0.6176,0.3904,0.5526,10,788,114,0.5189,51
Bart Van Den Berg,0.0455,0.1212,0.5455,0.6944,0.2667,0.5556,1,66,9,0.7143,4
Bastian Berenz,0.0,0.1316,0.2632,0.4,0.2857,0.0,1,38,6,0.3333,6
Bastian Malla,0.0239,0.0433,0.6595,0.6317,0.4711,0.6774,54,3603,558,0.5238,180
Bastian Trinker,0.0715,0.0625,0.6076,0.6561,0.4505,0.6825,42,2546,378,0.5699,120
Bastien Presuhn,0.0361,0.0482,0.6064,0.6093,0.398,0.5938,3,249,32,0.6389,13
Batyr Sapaev,0.0099,0.0579,0.6201,0.5945,0.4796,0.5943,9,708,106,0.5376,43
Bautista De La Pena,0.0141,0.0732,0.569,0.5446,0.4248,0.5,6,355,48,0.5932,24
Bautista Vilicich,0.009,0.0374,0.6691,0.578,0.4697,0.5979,28,1898,286,0.5363,115
Beck Pennington,0.0345,0.1897,0.5172,0.6667,0.3929,0.5556,1,58,9,0.6364,4
Beibit Zhukayev,0.1393,0.0518,0.5969,0.7641,0.4924,0.8302,239,18113,2750,0.6539,479
Bekkhan Atlangeriev,0.045,0.0341,0.5937,0.6148,0.4611,0.5985,13,822,132,0.4592,53
Bekzat Usipbekov,0.0,0.1026,0.641,0.44,0.0714,0.1429,1,39,7,0.1429,6
Ben Jones,0.1145,0.0464,0.687,0.7238,0.4848,0.8197,49,3467,549,0.6008,99
Ben Mclachlan,0.1433,0.0274,0.7591,0.6948,0.5316,0.8113,5,328,53,0.5238,10
Ben Patael,0.0681,0.0396,0.6201,0.6652,0.4907,0.7183,49,3261,504,0.5506,142
Ben Shelton,0.1071,0.046,0.6218,0.7442,0.5657,0.866,58,4043,627,0.6868,88
Benard Bruno Nkomba,0.0217,0.163,0.4457,0.5976,0.3333,0.3704,4,184,27,0.4138,17
Benedikt Emesz,0.0198,0.0357,0.6111,0.5779,0.5102,0.6,3,252,40,0.5,16
Benedikt Henning,0.0536,0.0421,0.6245,0.5767,0.4388,0.5238,4,261,42,0.4118,20
Benedikt Szerencsits,0.0,0.0444,0.6889,0.4839,0.4286,0.4286,1,45,7,0.3333,4
Benito Massacri,0.0415,0.0737,0.5622,0.5656,0.3579,0.4545,4,217,33,0.4857,18
Benito Sanchez Martinez,0.0405,0.0495,0.5856,0.6692,0.4783,0.6857,7,444,70,0.5686,22
Benjamin Balleret,0.0515,0.0315,0.5914,0.643,0.4576,0.6486,15,952,148,0.5185,52
Benjamin Becker,0.0915,0.0445,0.6031,0.7372,0.4928,0.804,74,4744,750,0.6142,147
Benjamin Bonzi,0.0714,0.0311,0.6114,0.7145,0.523,0.8011,369,25785,3982,0.6176,797
Benjamin Chelia,0.004,0.064,0.704,0.5625,0.4054,0.5484,2,250,31,0.6316,14
Benjamin Denis Alarcon,0.0,0.023,0.7465,0.537,0.4364,0.5152,3,217,33,0.5,16
Benjamin Dhoe,0.0171,0.0171,0.5726,0.597,0.42,0.5263,2,117,19,0.4706,9
Benjamin Hannestad,0.0379,0.0758,0.5682,0.6667,0.386,0.5789,2,132,19,0.5556,8
Benjamin Hassan,0.0609,0.0473,0.5511,0.6894,0.5009,0.7394,374,27507,4152,0.5793,1091
Benjamin Ignacio Torres Fernandez,0.0256,0.054,0.6307,0.545,0.4308,0.5094,6,352,53,0.4468,26
Benjamin Kittay,0.0909,0.0625,0.5597,0.731,0.4323,0.7407,5,352,54,0.6,14
Benjamin Lock,0.0682,0.0292,0.6592,0.6828,0.493,0.7493,171,11988,1871,0.5756,469
Benjamin Martin,0.0159,0.0476,0.6667,0.7143,0.4286,0.8,1,63,10,0.7143,2
Benjamin Mitchell,0.0649,0.0633,0.6544,0.6789,0.4542,0.7409,66,3822,579,0.6063,150
Benjamin Pietri,0.0471,0.0353,0.6235,0.6038,0.5781,0.6897,3,170,29,0.4,9
Benjamin Sigouin,0.0569,0.0577,0.5436,0.6749,0.4537,0.6528,42,2671,409,0.5419,142
Benjamin Thomas George,0.0138,0.0692,0.6444,0.6331,0.4332,0.6446,21,1662,242,0.5924,86
Benjamin Torrealba,0.0357,0.0528,0.5805,0.6098,0.4535,0.6037,28,1819,270,0.556,107
Benjamin Vandixhorn,0.02,0.06,0.62,0.4516,0.3158,0.25,1,50,8,0.3333,6
Benjamin Willwerth,0.0269,0.019,0.5997,0.6412,0.4625,0.6458,8,632,96,0.4516,34
Benjamin Winter Lopez,0.0356,0.0315,0.6236,0.6232,0.427,0.6043,15,983,139,0.5528,55
Benjamin Zuniga Garcia,0.0,0.0256,0.7436,0.3793,0.4,0.2857,1,39,7,0.2857,5
Benoit Paire,0.0977,0.0701,0.5187,0.7456,0.4473,0.7329,235,16968,2542,0.5766,685
Berk Bugarikj,0.0441,0.0588,0.6078,0.5968,0.45,0.5484,3,204,31,0.4615,14
Berk Ilkel,0.0088,0.0708,0.5487,0.4677,0.4216,0.3784,5,226,37,0.3611,23
Bernabe Zapata Miralles,0.0282,0.0297,0.6586,0.6408,0.4902,0.7054,387,26387,3999,0.5632,1199
Bernard Tomic,0.0861,0.0278,0.6002,0.7209,0.5031,0.7925,288,19665,3060,0.6134,639
Bernardo Munk Mesa,0.0458,0.085,0.5556,0.7294,0.5294,0.8571,2,153,21,0.8125,3
Bernardo Saraiva,0.0161,0.0569,0.5834,0.5996,0.4392,0.5748,13,809,127,0.4545,54
Beruk Tsegai,0.0,0.02,0.66,0.3333,0.5882,0.1429,1,50,7,0.5714,6
Besir Durguti,0.0263,0.0,0.5789,0.3182,0.5,0.2857,1,38,7,0.1667,5
Bharath Nishok Kumaran,0.0132,0.1382,0.4408,0.6119,0.4118,0.5,3,152,26,0.3158,13
Billy Harris,0.0789,0.0365,0.6107,0.7247,0.5007,0.7991,266,19523,2976,0.6099,614
Billy Suarez,0.0793,0.0441,0.4934,0.6607,0.4609,0.6341,4,227,41,0.3478,15
Bjarne Mannheims,0.0426,0.0851,0.4894,0.5217,0.25,0.1429,1,47,7,0.4545,6
Bjorn Fratangelo,0.0623,0.031,0.6065,0.7173,0.522,0.8038,376,25477,3924,0.6231,781
Bjorn Hoffmann,0.0,0.0851,0.6596,0.4839,0.375,0.4444,1,47,9,0.2857,5
Bjorn Nareyka,0.0,0.1556,0.5556,0.4,0.4,0.2857,1,45,7,0.375,5
Blade Fong,0.0,0.0364,0.5818,0.4375,0.5652,0.375,1,55,8,0.375,5
Blaise Bicknell,0.0466,0.042,0.6753,0.6655,0.4933,0.7377,99,7398,1140,0.5753,299
Blake Bayldon,0.0753,0.0632,0.6169,0.6797,0.4491,0.7368,11,744,114,0.5946,30
Blake Ellis,0.1039,0.0417,0.5776,0.7143,0.4931,0.7649,151,11017,1689,0.6104,397
Blake Mott,0.0428,0.0599,0.6637,0.6772,0.4681,0.7333,114,7311,1155,0.553,308
Blas Ruiz Romero,0.0,0.0741,0.4815,0.1538,0.0714,0.0,1,27,6,0.25,6
Blaz Kavcic,0.0654,0.0457,0.6254,0.6991,0.491,0.7624,265,17839,2765,0.5671,665
Blaz Rola,0.0755,0.0336,0.6333,0.7027,0.5137,0.7879,400,28120,4347,0.6105,934
Blazo N Djurovic,0.0709,0.126,0.4724,0.65,0.3731,0.4706,2,127,17,0.5,9
Blu Baker,0.0078,0.0493,0.6215,0.591,0.4408,0.6103,14,893,136,0.5508,53
Bobbie De Goeijen,0.0111,0.0111,0.5222,0.5532,0.3953,0.3333,1,90,9,0.5714,6
Bogdan Bobrov,0.0462,0.0273,0.5835,0.674,0.49,0.7157,113,7659,1182,0.5836,336
Bogdan Borza,0.0086,0.0773,0.5579,0.5923,0.3786,0.4706,4,233,34,0.5,18
Bogdan Ionut Apostol,0.0567,0.046,0.5664,0.6957,0.442,0.7133,16,934,143,0.5816,41
Bogdan Pavel,0.0784,0.0382,0.5459,0.7093,0.4589,0.7261,15,1046,157,0.5865,43
Bohua Dong,0.036,0.036,0.5856,0.5692,0.413,0.5,2,111,16,0.5,8
Bor Artnak,0.0361,0.0462,0.5861,0.6463,0.4791,0.6701,55,3878,588,0.5446,194
Bora Sengul,0.0377,0.0566,0.6604,0.5429,0.3333,0.375,1,53,8,0.2857,5
Boris Arias,0.0357,0.0648,0.5797,0.6194,0.4346,0.603,36,2239,335,0.5366,133
Boris Butulija,0.0678,0.0508,0.6271,0.5541,0.3636,0.4667,2,118,15,0.5789,8
Boris Fassbender,0.0303,0.0404,0.6667,0.4394,0.3939,0.3571,2,99,14,0.5263,9
Boris Kozlov,0.0096,0.051,0.6545,0.5523,0.4101,0.48,11,628,100,0.4409,52
Boris Nicola Bakalov,0.025,0.3,0.425,0.6471,0.2609,0.2857,1,40,7,0.0,5
Boris Pokotilov,0.0213,0.0745,0.5585,0.7048,0.4096,0.6129,3,188,31,0.25,12
Borna Coric,0.0718,0.0284,0.6021,0.7414,0.5506,0.8389,80,5318,863,0.6243,139
Borna Gojo,0.1194,0.0433,0.6306,0.7516,0.5011,0.8358,340,25256,3855,0.6487,646
Borys Zgola,0.0185,0.0926,0.4444,0.625,0.2667,0.2857,1,54,7,0.375,5
Botic Van De Zandschulp,0.0761,0.0601,0.6164,0.72,0.4732,0.7712,184,13068,2015,0.5959,470
Botond Kisantal,0.0488,0.122,0.3902,0.8125,0.44,0.625,1,41,8,0.0,3
Bowen Ouyang,0.0967,0.0259,0.6485,0.6828,0.4574,0.7456,13,734,114,0.5538,29
Boy Westerhof,0.1044,0.0326,0.5508,0.7479,0.4627,0.7442,18,1073,172,0.551,44
Bozo Barun,0.0123,0.0494,0.6296,0.5608,0.4467,0.5667,6,405,60,0.4468,26
Braden Shick,0.0484,0.0425,0.5513,0.6822,0.4739,0.7098,17,1364,193,0.619,56
Bradley Klahn,0.0919,0.0508,0.6282,0.7459,0.525,0.8371,198,13652,2155,0.6266,354
Bradley Mousley,0.1083,0.0472,0.6178,0.7344,0.5022,0.8175,99,7038,1074,0.6531,196
Brandon Holt,0.0661,0.0161,0.6558,0.6836,0.5081,0.7703,230,16347,2495,0.5876,584
Brandon Murphy,0.0513,0.1282,0.4786,0.8214,0.3607,0.6667,2,117,18,0.4545,6
Brandon Nakashima,0.0847,0.0266,0.6333,0.7372,0.5438,0.8428,170,12093,1909,0.6443,307
Brandon Perez,0.0641,0.0468,0.5908,0.6354,0.4437,0.6311,21,1388,206,0.5449,76
Brandon Stringfellow,0.0,0.0189,0.5849,0.6129,0.3636,0.5,1,53,8,0.4286,4
Brandon Walkin,0.072,0.0385,0.6334,0.6837,0.473,0.7466,30,1972,296,0.6305,75
Branko Djuric,0.092,0.0485,0.5331,0.757,0.5191,0.8291,15,1011,158,0.6494,27
Brayden Schnur,0.0929,0.0416,0.6477,0.7053,0.4914,0.7808,265,18990,2924,0.6184,643
Breno Braga,0.0067,0.0488,0.6297,0.5141,0.3892,0.3971,7,451,68,0.4225,41
Breno Lodis,0.0301,0.1128,0.4436,0.5254,0.3108,0.3182,3,133,22,0.3182,15
Brian Baker,0.0618,0.0491,0.6292,0.6792,0.4835,0.7394,31,2120,330,0.5141,86
Brian Battistone,0.035,0.1259,0.6364,0.6154,0.2885,0.5,2,143,16,0.6364,8
Brian Brogan,0.019,0.0286,0.619,0.5692,0.25,0.3333,2,105,15,0.4118,10
Brian Cernoch,0.0175,0.048,0.5764,0.5985,0.4639,0.6129,3,229,31,0.6471,12
Brian De Vrind,0.0,0.04,0.74,0.4324,0.3846,0.1667,1,50,6,0.4444,5
Brian Orradre,0.0154,0.0154,0.5692,0.4865,0.4286,0.4,1,65,10,0.0,6
Brian Tran,0.0486,0.0393,0.5271,0.6454,0.4466,0.6234,7,535,77,0.5167,29
Bruno Britez,0.0511,0.0596,0.5234,0.6667,0.4554,0.6857,3,235,35,0.6207,11
Bruno Caula,0.0,0.0484,0.6613,0.5122,0.4762,0.5,1,62,10,0.375,5
Bruno Fernandez,0.0267,0.0463,0.6499,0.6219,0.4693,0.6816,22,1534,223,0.5359,71
Bruno Kuzuhara,0.0233,0.0372,0.6689,0.6243,0.4896,0.6867,115,8544,1267,0.5676,403
Bruno Malacarne,0.0,0.0779,0.5455,0.4524,0.4857,0.5455,1,77,11,0.2857,5
Bruno Mardones,0.012,0.0663,0.5663,0.5,0.3611,0.36,3,166,25,0.4483,16
Bruno Oliveira,0.0062,0.0679,0.5802,0.6489,0.3824,0.619,2,162,21,0.6,8
Bruno Pessoa,0.0,0.0278,0.7778,0.3571,0.5,0.2857,1,36,7,0.2857,5
Bruno Pujol Navarro,0.0161,0.0736,0.6253,0.5294,0.4294,0.5075,7,435,67,0.45,33
Bruno Santanna,0.0506,0.0665,0.5874,0.6597,0.4575,0.6807,39,2511,379,0.5724,121
Bruno Soares,0.036,0.0791,0.4748,0.6212,0.4658,0.5789,2,139,19,0.6,8
Bryce Nakashima,0.0952,0.034,0.5714,0.7262,0.4921,0.8293,4,294,41,0.7667,7
Brydan Klein,0.0892,0.0587,0.5905,0.7245,0.4878,0.7814,223,15557,2424,0.6171,530
Bu Yunchaokete,0.081,0.0239,0.582,0.7204,0.5355,0.8237,153,10793,1668,0.6525,294
Bumpei Sato,0.0755,0.0189,0.5849,0.5806,0.5909,0.6667,1,53,9,0.4,3
Burak Can Yilmaz,0.0,0.0862,0.5862,0.3824,0.4167,0.25,1,58,8,0.5,6
Buvaysar Gadamauri,0.0496,0.0356,0.6291,0.6843,0.5225,0.7727,82,6284,959,0.6318,218
Cade Birrell,0.0706,0.0824,0.5647,0.5,0.4054,0.4545,1,85,11,0.6,6
Caheer Warik,0.0,0.1463,0.4878,0.65,0.2381,0.4286,1,41,7,0.5,4
Caio Silva,0.0241,0.0483,0.7223,0.6379,0.4348,0.6582,8,497,79,0.5179,27
Caio Zampieri,0.0526,0.0297,0.662,0.6753,0.4892,0.7451,80,5727,875,0.5847,223
Caleb Chakravarthi,0.0478,0.0861,0.5981,0.704,0.369,0.6129,2,209,31,0.52,12
Calin Manda,0.0217,0.0435,0.6957,0.6562,0.4,0.6857,4,230,35,0.3889,11
Calin Teodor Stirbu,0.0308,0.0538,0.4538,0.6271,0.3944,0.5263,2,130,19,0.4,9
Calum Puttergill,0.0329,0.0653,0.6119,0.6174,0.4494,0.6106,65,4071,624,0.5207,243
Calvin Hemery,0.0916,0.0529,0.6184,0.7209,0.4957,0.79,464,31805,4919,0.6062,1044
Cameron Green,0.0735,0.0196,0.652,0.7368,0.5211,0.8438,3,204,32,0.5833,5
Cameron Norrie,0.061,0.0454,0.636,0.6922,0.502,0.7754,144,9736,1518,0.6228,341
Cameron Silverman,0.0213,0.1277,0.5532,0.5,0.2857,0.25,1,47,8,0.1429,6
Camilo Andres Erazo,0.0172,0.0586,0.5966,0.5029,0.4872,0.5208,6,290,48,0.3611,23
Camilo Ponce,0.0486,0.0625,0.5764,0.6265,0.459,0.5909,3,144,22,0.625,9
Camilo Ugo Carabelli,0.0298,0.0314,0.6283,0.6655,0.4995,0.7378,340,23571,3593,0.6007,946
Cannon Kingsley,0.0964,0.0285,0.6264,0.718,0.5127,0.8024,124,8882,1397,0.6167,276
Carl Emil Overbeck,0.113,0.0405,0.6515,0.7465,0.5116,0.8129,30,1974,326,0.5448,61
Carl Holder,0.0465,0.1395,0.4419,0.5263,0.2917,0.2857,1,43,7,0.4444,5
Carl Roothman,0.0245,0.049,0.5735,0.5897,0.4023,0.5517,3,204,29,0.5667,13
Carl Soderlund,0.0294,0.0362,0.592,0.653,0.4896,0.7,23,1767,260,0.602,78
Carles Hernandez,0.0204,0.0204,0.5918,0.4138,0.55,0.5,1,49,8,0.2,4
Carlo Alberto Caniato,0.0662,0.0441,0.596,0.7014,0.5583,0.8031,28,1995,325,0.5328,64
Carlo Alberto Fossati,0.0426,0.0638,0.5532,0.6154,0.3333,0.4286,1,47,7,0.5556,4
Carlos Alcaraz,0.0198,0.0316,0.6837,0.6371,0.5408,0.7493,61,4688,710,0.6036,178
Carlos Andres Carrera Hidalgo,0.0351,0.1053,0.4561,0.5769,0.4516,0.5556,1,57,9,0.3333,4
Carlos Arana,0.0244,0.0732,0.5122,0.4286,0.25,0.1429,1,41,7,0.4,6
Carlos Berlocq,0.0312,0.0307,0.6538,0.666,0.5232,0.7512,204,12801,1945,0.5795,497
Carlos Boluda Purkiss,0.0166,0.0347,0.6374,0.6259,0.4933,0.6801,51,3489,522,0.5846,167
Carlos Cuevas,0.0,0.119,0.5238,0.3182,0.4,0.1667,1,42,6,0.375,5
Carlos De La Pena,0.0216,0.0719,0.6259,0.6782,0.5,0.64,3,139,25,0.4375,9
Carlos Diaz Ruiz,0.0,0.093,0.6163,0.566,0.3333,0.4286,2,86,14,0.2,8
Carlos Eduardo Lino,0.0244,0.0976,0.4878,0.6,0.2857,0.2857,1,41,7,0.1667,5
Carlos Eduardo Severino,0.0336,0.0458,0.5351,0.6545,0.4685,0.6626,27,1639,243,0.5591,82
Carlos Gimeno Valero,0.0126,0.0898,0.6833,0.6252,0.4319,0.6499,75,5147,774,0.5375,271
Carlos Gomez Herrera,0.0342,0.0371,0.6442,0.6771,0.4925,0.7526,147,10837,1641,0.6206,406
Carlos Jose Cuevas,0.082,0.1148,0.5574,0.5882,0.4815,0.5556,1,61,9,0.4286,4
Carlos Lopez Montagud,0.0281,0.03,0.6595,0.645,0.502,0.7029,64,4335,680,0.5711,202
Carlos Maria Zarate,0.0358,0.0432,0.5733,0.6559,0.4701,0.6799,33,2428,353,0.5815,113
Carlos Ramirez Utermann,0.0709,0.0539,0.6317,0.6585,0.4519,0.6667,12,649,105,0.5333,35
Carlos Salamanca,0.0876,0.0331,0.6417,0.692,0.5326,0.784,16,1027,162,0.507,35
Carlos Sanchez Jover,0.0176,0.0427,0.6368,0.6233,0.4839,0.6634,165,11401,1729,0.5614,582
Carlos Silvestre,0.0,0.0645,0.5806,0.3889,0.1538,0.1667,1,31,6,0.1667,5
Carlos Taberner,0.0302,0.0448,0.617,0.6657,0.4948,0.7222,489,33647,5122,0.5804,1428
Carsten Ball,0.0702,0.0175,0.807,0.6957,0.6364,0.8,1,57,10,0.6,2
Casey Hoole,0.1065,0.0494,0.654,0.7326,0.4725,0.8537,4,263,41,0.7391,6
Cash Hanzlik,0.05,0.035,0.62,0.7,0.5,0.78,1,0,0,0.58,0
Casper Ruud,0.0539,0.036,0.64,0.6984,0.5223,0.7911,152,10088,1565,0.6085,330
Catalin Ionut Gard,0.0,0.1277,0.4894,0.6957,0.2083,0.375,2,47,8,0.5,5
Catalin Mateas,0.068,0.0777,0.5631,0.6207,0.3556,0.5556,2,103,18,0.2727,8
Cayetano March,0.0607,0.0525,0.5741,0.6037,0.474,0.5923,13,857,130,0.5546,53
Cedric Willems,0.0629,0.0559,0.6154,0.7045,0.4545,0.72,2,143,25,0.4167,7
Cedrik Marcel Stebe,0.0393,0.0402,0.6052,0.6675,0.5034,0.7353,247,16985,2588,0.594,689
Cem Ilkel,0.0728,0.0347,0.5826,0.7108,0.504,0.7632,359,25631,3935,0.5796,943
Cemil Duran,0.0,0.1091,0.5636,0.5806,0.3333,0.375,1,55,8,0.4444,5
Cengiz Aksu,0.0291,0.0813,0.5862,0.6708,0.4545,0.6833,12,824,120,0.5581,38
Cesar Antonio Gomez Diaz,0.0426,0.1489,0.4255,0.6,0.2593,0.2857,1,47,7,0.6154,5
Cesar Bouchelaghem,0.0628,0.0327,0.608,0.6736,0.4615,0.6885,6,398,61,0.525,19
Cesar Ramirez,0.0463,0.0259,0.663,0.6313,0.467,0.6582,8,540,79,0.5781,27
Cezar Cretu,0.035,0.0401,0.6315,0.6525,0.4885,0.7157,83,5310,830,0.5496,236
Cezar Gabriel Papoe,0.0,0.0192,0.7308,0.5132,0.3929,0.4545,1,104,11,0.6842,6
Cezar Stefan Bentzel,0.0079,0.0079,0.7778,0.5816,0.4286,0.5789,2,126,19,0.2727,8
Chaleechan Tanasugarn,0.0323,0.0591,0.578,0.5302,0.465,0.5085,7,372,59,0.4528,29
Chan Yeong Oh,0.0316,0.0316,0.5624,0.615,0.457,0.5905,11,665,105,0.5,43
Chanchai Sookton Eng,0.0299,0.0833,0.4658,0.656,0.432,0.5652,7,468,69,0.434,30
Chandril Sood,0.0361,0.0799,0.5309,0.6505,0.4176,0.6066,8,388,61,0.5636,24
Chang Lin Tsai,0.0651,0.0651,0.4497,0.6974,0.4301,0.6154,3,169,26,0.4737,10
Changwei Peng,0.0343,0.0571,0.6286,0.5909,0.4462,0.6071,3,175,28,0.45,11
Chanon Phunsawat,0.0457,0.0457,0.5543,0.6186,0.3718,0.5667,3,175,30,0.35,13
Charles Bertimon,0.0294,0.0147,0.6324,0.6047,0.44,0.6667,1,68,9,0.625,3
Charles Broom,0.0855,0.0397,0.6212,0.7077,0.4894,0.7647,141,10474,1632,0.5808,384
Charles Chen,0.0759,0.0494,0.5475,0.7162,0.4404,0.7018,17,1094,171,0.5487,51
Charles Force,0.0059,0.0531,0.6224,0.5877,0.3984,0.5273,6,339,55,0.4091,26
Charlie Camus,0.0365,0.0344,0.6515,0.6314,0.4419,0.6599,14,987,147,0.5726,50
Charlie Maher,0.0323,0.1613,0.3871,0.25,0.1579,0.0,1,31,6,0.1429,6
Charlie Robertson,0.027,0.0686,0.5803,0.6516,0.462,0.6934,20,1444,212,0.5695,65
Charly Zick,0.031,0.0775,0.6124,0.5696,0.4,0.5,2,129,16,0.5789,8
Chase Buchanan,0.0402,0.0489,0.6261,0.6636,0.4753,0.7226,42,2763,411,0.5682,114
Chase Ferguson,0.037,0.0142,0.7009,0.6504,0.5429,0.7818,6,351,55,0.625,12
Chase Wood,0.0112,0.0503,0.6536,0.5897,0.3387,0.5,3,179,26,0.5667,13
Chayanon Kaewsuto,0.0281,0.0895,0.5396,0.5877,0.3611,0.4746,6,391,59,0.4833,31
Cheik Pandzou Ekoume,0.0526,0.2105,0.4868,0.4865,0.2051,0.2143,2,76,14,0.0,11
Cheng Peng Hsieh,0.0649,0.0966,0.5421,0.6693,0.4467,0.6487,29,1863,279,0.5566,98
Cheng Yu Yu,0.0982,0.0263,0.5952,0.7082,0.4704,0.7313,13,835,134,0.6,36
Chengze Lu,0.0504,0.0672,0.5714,0.6324,0.3235,0.4848,4,238,33,0.4333,17
Cheong Eui Kim,0.0477,0.0333,0.6235,0.6716,0.4905,0.7313,89,6125,934,0.5919,251
Chieh Fu Wang,0.0663,0.0608,0.6022,0.6422,0.3333,0.5,3,181,28,0.4815,14
Chien Hsun Lo,0.0489,0.0519,0.5808,0.6899,0.4964,0.7568,26,2004,296,0.617,72
Chih Chi Huang,0.0534,0.0229,0.6336,0.6145,0.3958,0.5714,2,131,21,0.5,9
Chih Jen Ho,0.02,0.02,0.73,0.4932,0.3704,0.3571,2,100,14,0.5263,9
Chirag Duhan,0.112,0.0502,0.5637,0.6918,0.4867,0.7805,4,259,41,0.5909,9
Chris Guccione,0.05,0.035,0.62,0.7,0.5,0.78,4,0,0,0.58,0
Chris Harrison,0.0213,0.0426,0.7234,0.5,0.3846,0.4286,1,47,7,0.6,4
Chris Rodesch,0.0901,0.0428,0.6759,0.7159,0.4972,0.8131,95,6702,1038,0.6211,194
Chris Wettengel,0.0222,0.1111,0.6889,0.6452,0.2857,0.5,1,45,8,0.2,4
Chrisjan Van Wyk,0.0274,0.0959,0.589,0.6047,0.4667,0.6667,1,73,9,0.5,3
Christian Harrison,0.0656,0.0378,0.6211,0.6795,0.5,0.7427,194,13562,2021,0.6095,533
Christian Hirschmueller,0.0927,0.059,0.5871,0.7512,0.4014,0.8,4,356,50,0.697,10
Christian Lakoseljac,0.0667,0.0944,0.5389,0.6289,0.3976,0.5385,3,180,26,0.6,12
Christian Langmo,0.1021,0.046,0.6202,0.7239,0.489,0.7958,180,12835,1964,0.6423,401
Christian Lindell,0.059,0.054,0.5846,0.6827,0.4612,0.7175,124,8168,1232,0.6054,348
Christian Oliveira,0.0291,0.0388,0.6505,0.6194,0.4722,0.6562,3,206,32,0.5926,11
Christian Oliver Lee,0.05,0.035,0.62,0.7,0.5,0.78,1,0,0,0.58,0
Christian Samuelsson,0.1273,0.0955,0.5364,0.7712,0.3824,0.7273,4,220,33,0.625,9
Christian Seraphim,0.1333,0.0481,0.6444,0.7471,0.5,0.8293,5,270,41,0.6667,7
Christian Sigsgaard,0.0202,0.0662,0.6103,0.6536,0.4953,0.7317,8,544,82,0.6271,22
Christian Voinea,0.0465,0.093,0.4186,0.4444,0.4,0.2,1,43,5,0.5,4
Christoffer Solberg,0.029,0.0373,0.6515,0.7261,0.5,0.8108,5,241,37,0.7308,7
Christoph Negritu,0.0764,0.0184,0.579,0.7264,0.4877,0.78,128,9867,1527,0.6208,336
Christopher Bulus,0.0233,0.0117,0.6693,0.657,0.5294,0.7778,4,257,36,0.7241,8
Christopher Diaz Figueroa,0.0614,0.0711,0.4991,0.7241,0.4886,0.7333,15,1140,165,0.6393,44
Christopher Eubanks,0.1382,0.051,0.6584,0.7526,0.5097,0.853,334,24695,3844,0.6443,577
Christopher G Haworth,0.0196,0.0588,0.549,0.5357,0.6087,0.625,1,51,8,0.5714,3
Christopher Heyman,0.0587,0.0374,0.6634,0.666,0.4984,0.7518,63,4513,689,0.587,171
Christopher Li,0.0113,0.058,0.6634,0.6141,0.3992,0.5882,9,707,102,0.5758,42
Christopher Oconnell,0.0856,0.0294,0.6194,0.7225,0.5093,0.8065,299,20500,3183,0.6257,618
Christopher Rosensteel,0.0303,0.1061,0.5758,0.6316,0.4643,0.6,1,66,10,0.3333,4
Christopher Rungkat,0.0252,0.0414,0.6339,0.6164,0.4916,0.6764,32,1789,275,0.5659,89
Christos Antonopoulos,0.0,0.1456,0.5437,0.6071,0.3191,0.4286,2,103,14,0.619,8
Christos Glavas,0.0,0.0625,0.5729,0.4364,0.5366,0.4,2,96,15,0.1818,9
Chu Huan Yi,0.1042,0.1019,0.5596,0.7451,0.4573,0.7541,16,1276,183,0.6739,45
Chuhan Wang,0.0485,0.054,0.6063,0.6323,0.4394,0.6346,41,2723,405,0.5302,148
Chukang Wang,0.0179,0.0374,0.7025,0.5702,0.4322,0.5446,10,669,101,0.4713,46
Chun Chien Hou,0.0352,0.0493,0.5,0.6338,0.4648,0.6667,2,142,18,0.7143,6
Chun Hsin Tseng,0.0362,0.0344,0.5852,0.676,0.5089,0.7406,340,24253,3682,0.588,960
Chun Ming Yam,0.0189,0.0377,0.6981,0.4054,0.3125,0.1429,1,53,7,0.4,6
Chung Han Tsai,0.0227,0.0227,0.6364,0.5714,0.5312,0.5833,1,88,12,0.6429,5
Chung Hyo Woo,0.0118,0.1137,0.6431,0.4634,0.2527,0.2368,6,255,38,0.4082,29
Cian Maguire,0.0,0.027,0.7297,0.4815,0.0,0.2857,1,37,7,0.2857,5
Cing Yang Meng,0.0449,0.0607,0.5778,0.6758,0.5062,0.7333,7,379,60,0.5294,16
Claude Ishimwe,0.0368,0.0735,0.6176,0.4405,0.3654,0.25,3,136,20,0.4828,15
Claudio Fortuna,0.0221,0.0429,0.545,0.6117,0.465,0.5893,10,723,112,0.5106,46
Clay Thompson,0.1158,0.0634,0.6042,0.7412,0.4961,0.8243,27,1925,296,0.6709,52
Cleeve Harper,0.0322,0.0492,0.6176,0.6168,0.5085,0.6803,27,1990,294,0.5747,94
Clement Chidekh,0.0397,0.0488,0.6154,0.6787,0.5035,0.7526,139,10060,1536,0.5983,380
Clement Dorsemaine,0.1205,0.012,0.6265,0.7692,0.5161,0.8571,1,83,14,0.5,2
Clement Geens,0.0577,0.0552,0.5807,0.6587,0.4498,0.6606,61,3966,607,0.5512,206
Clement Larriere,0.013,0.026,0.4481,0.6522,0.4941,0.6818,2,154,22,0.6818,7
Clement Tabur,0.0441,0.0411,0.6046,0.6881,0.4923,0.7435,189,13475,2047,0.5914,530
Coleman Wong,0.1046,0.0314,0.6008,0.7271,0.4977,0.7912,176,12881,1935,0.6074,415
Colin Fleming,0.05,0.035,0.62,0.7,0.5,0.78,3,0,0,0.58,0
Colin Markes,0.0639,0.0538,0.6207,0.661,0.4787,0.6914,32,2286,350,0.5443,108
Colin Sinclair,0.0966,0.0276,0.6392,0.7179,0.5023,0.8054,117,8486,1341,0.611,261
Colin Van Beem,0.0121,0.0364,0.5273,0.5517,0.3077,0.3571,4,165,28,0.3571,18
Collin Altamirano,0.0635,0.0354,0.5736,0.6812,0.49,0.7235,86,6125,904,0.5789,251
Collin Johns,0.0145,0.0507,0.5616,0.6581,0.4463,0.6667,4,276,42,0.44,14
Colton Smith,0.072,0.0308,0.6619,0.6956,0.5384,0.8062,80,5817,908,0.6466,176
Cong Tien Le,0.0267,0.0133,0.48,0.75,0.359,0.6667,1,75,9,0.7692,3
Congsup Congcar,0.0208,0.0429,0.5571,0.5408,0.4575,0.4957,14,770,115,0.4957,58
Conner Huertas Del Pino,0.0488,0.0351,0.6379,0.6679,0.4707,0.7097,129,8823,1364,0.5691,396
Connor Farren,0.0855,0.073,0.5735,0.68,0.4748,0.7042,28,2000,311,0.564,92
Connor Hance,0.0,0.0625,0.5312,0.3529,0.3333,0.1667,1,32,6,0.1667,5
Connor Smith,0.0543,0.0392,0.6291,0.6486,0.4656,0.6962,49,3370,497,0.6118,151
Connor Thomson,0.0705,0.0514,0.5977,0.6683,0.4526,0.703,10,681,101,0.589,30
Conor Berg,0.0784,0.0392,0.5686,0.6207,0.3636,0.5,1,51,8,0.6,4
Constant Lestienne,0.0569,0.0467,0.5863,0.6968,0.4875,0.7434,468,33037,5004,0.5857,1302
Constantin Belot,0.0429,0.1,0.4286,0.5333,0.4,0.3333,1,70,9,0.4545,6
Constantin Bittoun Kouzmine,0.0311,0.0323,0.6525,0.6432,0.4948,0.7077,54,3896,585,0.587,171
Constantin Frantzen,0.0889,0.0759,0.5857,0.663,0.445,0.6957,7,461,69,0.5625,21
Cooper Errey,0.0148,0.0963,0.6444,0.5977,0.2917,0.5263,2,135,19,0.5263,9
Cooper Kose,0.0469,0.0938,0.3984,0.6863,0.5195,0.7368,2,128,19,0.6429,5
Cooper Williams,0.0536,0.0317,0.6053,0.6758,0.5096,0.7394,32,2237,353,0.5556,92
Cooper Woestendick,0.0603,0.0251,0.6382,0.6378,0.6111,0.8,3,199,30,0.6,6
Corban Crowther,0.0852,0.0599,0.571,0.6022,0.4338,0.5682,5,317,44,0.587,19
Corentin Denolly,0.0503,0.0552,0.6268,0.6604,0.4604,0.6999,155,10611,1593,0.5973,478
Corentin Moutet,0.0248,0.0425,0.6613,0.654,0.5058,0.7392,267,19479,2956,0.5998,776
Corey Craig,0.01,0.0,0.62,0.5645,0.3421,0.4375,2,100,16,0.4,9
Corey Gaal,0.0703,0.0511,0.6198,0.6495,0.4538,0.7143,9,626,91,0.5938,26
Corrado Summaria,0.0258,0.0285,0.625,0.6457,0.4746,0.6752,10,736,117,0.5581,38
Cosme Rolland De Ravel,0.0511,0.0219,0.5401,0.6622,0.5079,0.6667,2,137,24,0.3333,8
Cosmin Ontica,0.0746,0.0597,0.5672,0.6053,0.4828,0.6,1,67,10,0.6364,4
Costin Paval,0.0364,0.1455,0.4727,0.5,0.4138,0.2857,1,55,7,0.5833,5
Courtney John Lock,0.0303,0.0709,0.6266,0.6036,0.4414,0.6044,20,1256,182,0.5838,72
Credit Chaiyarin,0.0357,0.0476,0.6185,0.6109,0.446,0.6282,17,1093,156,0.5504,58
Cristian Campese,0.0469,0.0625,0.6484,0.5542,0.2,0.2857,3,128,21,0.4444,15
Cristian Carli,0.0209,0.0776,0.5552,0.6075,0.4832,0.6038,5,335,53,0.4878,21
Cristian Felipe Sanchez Rojas,0.0,0.0476,0.7143,0.4333,0.5,0.4286,1,42,7,0.2,4
Cristian Garin,0.0533,0.0439,0.5959,0.6855,0.5011,0.754,319,22007,3329,0.6052,831
Cristian Rodriguez,0.0611,0.0399,0.5826,0.7073,0.5164,0.7735,118,7812,1232,0.5811,279
Cristobal Castro,0.0083,0.0628,0.5769,0.4871,0.3125,0.3158,12,605,95,0.3868,65
Cristobal Grandon Diaz,0.0196,0.088,0.5795,0.5738,0.4302,0.5082,6,409,61,0.5385,30
Cristobal Quevedo Brea,0.0,0.0152,0.6212,0.5854,0.48,0.7,1,66,10,0.5,3
Cristobal Saavedra Corvalan,0.0345,0.0383,0.6054,0.6013,0.4078,0.6098,5,261,41,0.4839,16
Cristopher Kohl,0.0143,0.0571,0.5762,0.4959,0.4607,0.4444,3,210,27,0.5161,15
Cruz Hewitt,0.0487,0.0521,0.5586,0.6724,0.4876,0.7089,20,1459,213,0.6,62
Curtis Clarke,0.0214,0.1,0.5786,0.5185,0.3051,0.2857,3,140,21,0.4828,15
Cyril Vandermeersch,0.0472,0.0526,0.5587,0.686,0.4495,0.6897,21,1482,232,0.5168,72
Dac Tien Nguyen,0.0833,0.0833,0.3542,0.6471,0.2903,0.2857,1,48,7,0.5455,5
Dae Hee Lee,0.0222,0.0222,0.6444,0.4828,0.375,0.375,1,45,8,0.4444,5
Daiki Kato,0.0,0.0426,0.7234,0.5588,0.3077,0.5,1,47,8,0.3333,4
Daiki Yoshimura,0.0,0.0417,0.6667,0.6667,0.3333,0.6,1,72,10,0.4286,4
Daisuke Sumizawa,0.0335,0.0471,0.5385,0.6403,0.4882,0.6527,15,1105,167,0.5639,58
Dakotah Bobo,0.028,0.042,0.5874,0.4762,0.3729,0.381,2,143,21,0.5357,13
Dali Blanch,0.0556,0.0415,0.5618,0.686,0.4911,0.7274,83,5789,884,0.5512,241
Dalibor Svrcina,0.0143,0.0576,0.6704,0.623,0.4348,0.6443,275,19210,2848,0.5351,1027
Dalwinder Singh,0.0769,0.0506,0.4555,0.7156,0.4981,0.7013,8,494,77,0.5577,23
Daly Meinert,0.0714,0.0476,0.7381,0.6774,0.4545,0.625,2,42,8,0.0,3
Damian Farinola,0.0059,0.05,0.6029,0.6439,0.4444,0.66,6,340,50,0.6792,17
Damien Salvestre,0.0996,0.0705,0.6058,0.726,0.5053,0.8205,4,241,39,0.65,7
Damien Wenger,0.0298,0.0468,0.5966,0.6532,0.4877,0.6941,63,4234,644,0.5699,197
Damir Dzumhur,0.0228,0.0312,0.665,0.6496,0.5181,0.7342,423,28640,4375,0.592,1177
Damir Zhalgasbay,0.0246,0.0246,0.6148,0.52,0.4681,0.4737,2,122,19,0.3333,10
Damon Gooch,0.0357,0.0672,0.6276,0.6595,0.4472,0.6742,20,1399,221,0.5663,72
Dan Added,0.0686,0.0295,0.5861,0.7007,0.4865,0.7459,185,12649,1944,0.6067,494
Dan Alexandru Tomescu,0.0476,0.025,0.6143,0.6707,0.5211,0.7441,27,1597,254,0.5486,65
Dan Martin,0.0514,0.035,0.6247,0.6826,0.4997,0.7646,72,5199,786,0.6358,185
Danai Udomchoke,0.0365,0.0411,0.6164,0.6963,0.4405,0.6944,8,219,36,0.4211,11
Dane Propoggia,0.0647,0.0579,0.5952,0.6877,0.4684,0.7291,24,1329,203,0.5736,55
Dane Sweeny,0.0358,0.0465,0.6214,0.6522,0.5031,0.7144,176,12386,1884,0.5774,538
Dane Webb,0.078,0.0413,0.656,0.6573,0.4533,0.7273,3,218,33,0.5,9
Daniel Adeleye,0.0346,0.05,0.5577,0.6,0.4522,0.6,3,260,35,0.6216,14
Daniel Alejandro Ortiz,0.0,0.122,0.5854,0.5833,0.2353,0.4286,1,41,7,0.0,4
Daniel Altmaier,0.0812,0.0312,0.6089,0.7204,0.5034,0.7936,278,19590,3043,0.6095,628
Daniel Antonio Nunez,0.0395,0.0379,0.5605,0.6643,0.4744,0.6823,46,3242,491,0.5452,156
Daniel Appelgren,0.0372,0.0176,0.6164,0.6381,0.551,0.7037,9,511,81,0.4419,24
Daniel Bagnolini,0.012,0.024,0.58,0.6138,0.4381,0.6098,4,250,41,0.5152,16
Daniel Baquero,0.0203,0.0743,0.5676,0.5714,0.3281,0.4167,3,148,24,0.4615,14
Daniel Batista,0.0171,0.0626,0.5825,0.5765,0.4864,0.6,9,527,80,0.5294,32
Daniel Bennett,0.0634,0.0704,0.5141,0.5479,0.3188,0.2857,3,142,21,0.4444,15
Daniel Berdecio,0.0,0.0625,0.6562,0.2857,0.1818,0.0,1,32,6,0.25,6
Daniel Bien,0.0164,0.0328,0.5246,0.5,0.4483,0.5,1,61,8,0.6,4
Daniel Brands,0.1099,0.0386,0.6614,0.7381,0.5075,0.8354,199,12450,1944,0.6432,324
Daniel Cox,0.0523,0.0554,0.5794,0.7014,0.4878,0.7457,75,5254,806,0.5773,205
Daniel Cukierman,0.0379,0.0622,0.6212,0.6605,0.4592,0.6994,104,7094,1081,0.5423,325
Daniel Dutra Da Silva,0.0474,0.044,0.5706,0.6654,0.4761,0.6907,277,19360,2971,0.5519,924
Daniel Elahi Galan,0.0661,0.025,0.628,0.6962,0.5116,0.7841,492,35888,5419,0.6223,1187
Daniel Evans,0.0602,0.0395,0.6183,0.7283,0.5165,0.8207,208,14110,2209,0.6316,399
Daniel Garza,0.0369,0.0492,0.5533,0.6778,0.5229,0.76,8,488,75,0.64,18
Daniel Gimeno Traver,0.0316,0.0617,0.5987,0.6631,0.478,0.6968,206,13933,2114,0.5678,647
Daniel Glancy,0.0475,0.0348,0.5823,0.6033,0.5152,0.6591,6,316,44,0.5714,15
Daniel Groom,0.0,0.0781,0.5938,0.5263,0.4615,0.4444,1,64,9,0.4444,5
Daniel Guccione,0.0377,0.0189,0.7547,0.6,0.2308,0.5,1,53,8,0.4286,4
Daniel Hobart,0.1053,0.067,0.6077,0.7362,0.4451,0.7656,8,418,64,0.6341,15
Daniel Jade,0.0163,0.0463,0.5995,0.5955,0.4626,0.5818,5,367,55,0.5306,23
Daniel Jovanovski,0.0661,0.0741,0.5691,0.6725,0.4558,0.7027,6,499,74,0.5926,22
Daniel Lara Salmeron,0.0154,0.0615,0.6385,0.5783,0.3404,0.5,2,130,18,0.4375,9
Daniel Little,0.1127,0.0329,0.4648,0.7576,0.4561,0.6389,4,213,36,0.4583,13
Daniel Masur,0.0713,0.0467,0.6332,0.7091,0.4825,0.7742,460,33246,5147,0.6045,1172
Daniel Merida Aguilar,0.0287,0.0497,0.6585,0.6489,0.4641,0.6995,158,11350,1687,0.5655,517
Daniel Michalski,0.0218,0.0293,0.6052,0.641,0.4947,0.6863,186,12923,1967,0.5548,617
Daniel Milavsky,0.083,0.0457,0.6006,0.7158,0.5005,0.795,31,2361,361,0.63,74
Daniel Mora,0.0108,0.0836,0.6132,0.5275,0.4077,0.469,15,742,113,0.3878,60
Daniel Munoz de la Nava,0.049,0.0432,0.5709,0.7011,0.5028,0.7461,150,9706,1532,0.5785,389
Daniel Nguyen,0.0403,0.063,0.5749,0.6633,0.4718,0.689,152,10301,1550,0.579,482
Daniel Nolan,0.0215,0.0449,0.6472,0.6436,0.5165,0.7425,17,1114,167,0.6091,43
Daniel Orlita,0.0198,0.0396,0.5248,0.5472,0.4375,0.5,1,101,14,0.5625,7
Daniel Paty,0.0667,0.0444,0.56,0.7063,0.404,0.7097,3,225,31,0.6786,9
Daniel Rincon,0.0572,0.0429,0.6036,0.6847,0.4735,0.7281,203,14459,2229,0.5756,606
Daniel Rodrigues,0.0347,0.0632,0.6109,0.6288,0.4936,0.6694,12,807,124,0.4675,41
Daniel Salazar Martinez,0.0264,0.0385,0.667,0.598,0.4554,0.6279,14,910,129,0.5514,48
Daniel Siniakov,0.0213,0.0699,0.6748,0.6031,0.3959,0.5635,20,1359,197,0.5169,86
Daniel Smethurst,0.0652,0.0509,0.6005,0.6637,0.4653,0.686,19,1119,172,0.5748,54
Daniel Svensson,0.0364,0.0727,0.6,0.7273,0.1364,0.4286,1,55,7,0.6364,4
Daniel Tamir,0.0,0.0,0.7,0.6429,0.25,0.4286,1,40,7,0.2,4
Daniel Uta,0.0297,0.0685,0.5868,0.5875,0.3591,0.5079,7,438,63,0.6026,31
Daniel Windahl,0.0795,0.0341,0.6818,0.6333,0.5,0.6667,2,88,15,0.2857,5
Daniel Yoo,0.0459,0.0655,0.5242,0.6425,0.4628,0.6404,12,763,114,0.6058,41
Daniele Capecchi,0.021,0.0618,0.6327,0.622,0.4311,0.6041,25,1522,245,0.4699,97
Daniele Catini,0.0167,0.1,0.4833,0.5517,0.3226,0.2857,1,60,7,0.6154,5
Daniele Chiurulli,0.0111,0.1222,0.4778,0.5814,0.5319,0.6364,1,90,11,0.5556,4
Daniele Minighini,0.1127,0.0563,0.507,0.7222,0.4286,0.8,1,71,10,0.5,2
Daniele Rapagnetta,0.0114,0.0341,0.4432,0.4359,0.4286,0.2222,1,88,9,0.5882,7
Daniele Spinnato,0.0212,0.0395,0.6412,0.6652,0.4331,0.6897,11,708,116,0.5135,36
Daniiar Duldaev,0.0378,0.0398,0.5873,0.6417,0.4802,0.6966,15,979,145,0.5644,44
Daniil Glinka,0.0903,0.0363,0.5913,0.7207,0.5229,0.805,126,9236,1436,0.6311,280
Daniil Golubev,0.0215,0.1138,0.5323,0.5202,0.3355,0.3704,7,325,54,0.4603,34
Daniil Klimov,0.0588,0.0353,0.6235,0.6226,0.5312,0.8,1,85,10,0.6667,2
Daniil Medvedev,0.0863,0.0421,0.5841,0.7366,0.505,0.8113,108,6694,1044,0.645,197
Daniil Ostapenkov,0.0955,0.0571,0.5902,0.6959,0.5294,0.7861,15,1120,173,0.4789,37
Daniil Sarksian,0.0,0.0656,0.377,0.5652,0.4474,0.5,1,61,8,0.6923,4
Daniil Zarichanskyy,0.0588,0.049,0.5196,0.5849,0.3673,0.4375,2,102,16,0.4375,9
Danijal Muminovic,0.0,0.0702,0.5965,0.5,0.4348,0.4444,1,57,9,0.375,5
Danil Ozernoy,0.0144,0.1579,0.6077,0.5039,0.1585,0.1935,4,209,31,0.4681,25
Danilo Petrovic,0.1002,0.0508,0.6258,0.7213,0.4903,0.7939,228,15905,2484,0.5997,520
Danny Thomas,0.0451,0.0442,0.5695,0.6494,0.5299,0.697,16,1087,165,0.6124,50
Dante Carlos Teramo,0.0,0.08,0.48,0.5,0.4231,0.375,1,50,8,0.375,5
Dante Gennaro,0.0252,0.0473,0.6467,0.6341,0.4911,0.7021,10,634,94,0.5882,28
Dante Pagani,0.0096,0.0382,0.6369,0.545,0.4298,0.4894,5,314,47,0.5,24
Danylo Kalenichenko,0.0657,0.0388,0.6163,0.7017,0.4948,0.7596,44,3013,470,0.5784,113
Danylo Veremeychuk,0.0,0.0909,0.6136,0.4444,0.5294,0.4286,1,44,7,0.3333,4
Darian King,0.028,0.03,0.6584,0.6397,0.5078,0.7111,251,16006,2413,0.5752,706
Dario Acosta,0.0095,0.0525,0.5847,0.5592,0.4368,0.5246,7,419,61,0.5085,29
Dario Vogogna,0.0,0.0196,0.6863,0.3429,0.5,0.1429,1,51,7,0.3333,6
Darius Florin Pop,0.0141,0.0493,0.6268,0.5281,0.3396,0.4348,2,142,23,0.3158,13
Darren K Polkinghorne,0.0473,0.0592,0.5602,0.6338,0.4888,0.6933,8,507,75,0.549,23
Darwin Blanch,0.0853,0.0446,0.589,0.7194,0.4944,0.7796,60,4326,676,0.6058,149
David Argasinski,0.0,0.0656,0.6721,0.5122,0.35,0.4,1,61,10,0.5385,6
David Barclay,0.0571,0.0586,0.5857,0.675,0.4629,0.7048,8,683,105,0.5571,31
David Damian Brna,0.0288,0.0863,0.524,0.6098,0.3893,0.4444,4,313,45,0.4048,25
David Eichenseher,0.0388,0.0291,0.7087,0.6575,0.3333,0.6111,2,103,18,0.2222,7
David Ferrer,0.0741,0.0453,0.6132,0.8054,0.5426,0.9024,5,243,41,0.6364,4
David Fix,0.0236,0.0471,0.6047,0.5671,0.4106,0.5,5,382,50,0.5192,25
David Fleming,0.0175,0.076,0.5965,0.5539,0.3841,0.4898,8,342,49,0.5614,25
David Goffin,0.0634,0.0384,0.5893,0.7232,0.509,0.7806,110,8104,1276,0.5864,280
David Guez,0.0276,0.0311,0.5853,0.6597,0.4845,0.6926,116,8108,1233,0.5598,379
David Hough,0.0505,0.0808,0.596,0.4746,0.375,0.4,2,99,15,0.3571,9
David Jorda Sanchis,0.0633,0.0369,0.586,0.7069,0.4862,0.7655,163,11588,1770,0.6154,415
David Juras,0.0526,0.0602,0.7218,0.6042,0.4054,0.5714,2,133,21,0.1,9
David Koch Carrillo,0.0339,0.1186,0.5085,0.6,0.4483,0.5556,1,59,9,0.4286,4
David Lucas Ambrozic,0.016,0.064,0.544,0.3824,0.3158,0.1053,3,125,19,0.3462,17
David Marrero,0.0316,0.0438,0.5839,0.625,0.4737,0.6094,7,411,64,0.537,25
David Naharro,0.0,0.1,0.55,0.3636,0.3333,0.1429,1,40,7,0.0,6
David Nguyen,0.1168,0.0511,0.5693,0.7308,0.5593,0.7917,2,137,24,0.375,5
David O'Hare,0.0804,0.0907,0.614,0.7032,0.4407,0.758,15,1070,157,0.6275,38
David Pel,0.0766,0.0909,0.6172,0.677,0.4292,0.69,11,627,100,0.5,31
David Perez Sanz,0.0559,0.0498,0.5506,0.6813,0.4348,0.6599,52,3311,491,0.5761,167
David Pichler,0.052,0.0397,0.5939,0.688,0.4841,0.7289,100,6908,1088,0.5398,295
David Poljak,0.0652,0.0415,0.6037,0.6833,0.4735,0.7327,117,8681,1328,0.5764,355
David Prokop,0.1146,0.1042,0.5417,0.6538,0.3636,0.56,3,192,25,0.4211,11
David Rice,0.0456,0.0547,0.6492,0.6421,0.4481,0.6875,6,439,64,0.5745,20
David Simunek,0.0388,0.0097,0.5728,0.5932,0.4773,0.6111,3,103,18,0.3636,7
David Souto,0.0428,0.0642,0.5909,0.6516,0.5359,0.7097,6,374,62,0.5135,18
David Szintai,0.0488,0.0244,0.5017,0.6181,0.4615,0.6389,3,287,36,0.675,13
David Vega Hernandez,0.0383,0.0536,0.6185,0.6506,0.4654,0.6695,58,3790,587,0.5457,194
David Volfson,0.0247,0.0725,0.625,0.6296,0.3992,0.5686,11,648,102,0.45,44
David Warren,0.0,0.0488,0.4878,0.35,0.2381,0.1429,1,41,7,0.25,6
Davide Galoppini,0.0111,0.0574,0.6491,0.5809,0.4349,0.5815,21,1533,227,0.4947,95
Davide Guerra,0.0,0.0851,0.4468,0.5238,0.2692,0.2857,1,47,7,0.2857,5
Davide Pontoglio,0.0381,0.0472,0.6479,0.6303,0.4897,0.6905,8,551,84,0.5738,26
Davide Pozzi,0.0455,0.1136,0.5682,0.6,0.2105,0.2857,1,44,7,0.1667,5
Davide Ragonese,0.0185,0.0926,0.4259,0.7391,0.2903,0.4444,1,54,9,0.1667,5
Dax Donders,0.061,0.1463,0.4634,0.7105,0.3864,0.5833,1,82,12,0.375,5
Dayne Kelly,0.0694,0.0476,0.6288,0.7048,0.4948,0.7822,151,10334,1621,0.6276,353
Dean Obrien,0.0409,0.0602,0.6334,0.6272,0.4613,0.6466,15,881,133,0.5983,47
Deiton Baughman,0.0561,0.0529,0.5934,0.6838,0.4556,0.7112,18,1247,187,0.6224,54
Dekel Bar,0.06,0.088,0.568,0.6585,0.4722,0.6795,8,500,78,0.5536,25
Delf Gohlke,0.0159,0.0,0.5556,0.5429,0.2857,0.3333,1,63,9,0.6,6
Demetris Azoides,0.0378,0.0744,0.5903,0.616,0.415,0.5433,14,847,127,0.5126,58
Demian Raab,0.0435,0.0435,0.4783,0.5455,0.375,0.2857,1,46,7,0.2857,5
Deney Wassermann,0.0564,0.0526,0.5256,0.7463,0.5216,0.822,10,780,118,0.6667,21
Deni Zmak,0.0192,0.0192,0.4808,0.76,0.4444,0.6667,1,52,9,0.5714,3
Denis Bejtulahi,0.05,0.035,0.62,0.7,0.5,0.78,1,0,0,0.58,0
Denis Constantin Spiridon,0.0,0.0476,0.5556,0.6571,0.5,0.6667,1,63,9,0.5714,3
Denis Istomin,0.0757,0.0277,0.6593,0.7082,0.5025,0.7995,234,15675,2424,0.6045,490
Denis Kudla,0.0769,0.0401,0.5921,0.7153,0.5129,0.7931,434,29385,4548,0.6192,950
Denis Matsukevitch,0.0632,0.0525,0.5822,0.6798,0.4428,0.6677,33,2135,337,0.5044,112
Denis Petak,0.0294,0.0809,0.5735,0.6667,0.4655,0.6667,2,136,21,0.3,7
Denis Shapovalov,0.1041,0.0655,0.5705,0.7549,0.5447,0.838,67,4428,716,0.6282,116
Denis Yevseyev,0.0372,0.0334,0.6438,0.6419,0.4768,0.6867,421,29491,4513,0.5438,1415
Dennis Nevolo,0.0332,0.0438,0.5665,0.6799,0.5075,0.7243,54,3700,584,0.5165,161
Dennis Novak,0.056,0.0363,0.645,0.6865,0.5009,0.7651,401,27787,4262,0.5922,1015
Dennis Novikov,0.1008,0.0492,0.5787,0.725,0.4962,0.7822,252,17065,2617,0.6157,576
Dennis Uspensky,0.0231,0.0577,0.5769,0.64,0.3636,0.6098,4,260,41,0.4483,16
Denys Klok,0.0392,0.0495,0.6099,0.6328,0.3915,0.589,15,969,146,0.5,60
Denys Molchanov,0.0695,0.0432,0.5854,0.6924,0.4952,0.7423,114,6853,1067,0.5642,275
Denys Mylokostov,0.0,0.0645,0.5484,0.2941,0.1429,0.0,1,31,6,0.25,6
Derek Pham,0.0304,0.0304,0.5741,0.5894,0.4107,0.5128,4,263,39,0.5778,19
Dev Javia,0.0717,0.0391,0.6196,0.7404,0.5486,0.8611,6,460,72,0.7059,10
Devin Badenhorst,0.0,0.0612,0.6735,0.4848,0.3125,0.2857,1,49,7,0.0,5
Dhakshineswar Suresh,0.1254,0.0324,0.6272,0.7444,0.5127,0.8233,28,2009,317,0.6763,56
Dhruv Sunish,0.0512,0.0512,0.4968,0.6223,0.4576,0.6212,6,469,66,0.5968,25
Dhruva Mulye,0.0073,0.1314,0.5839,0.4375,0.2807,0.2381,3,137,21,0.36,16
Di Wu,0.0378,0.0337,0.59,0.6605,0.5099,0.7178,202,12996,1981,0.5643,559
Dian Nedev,0.0833,0.0417,0.5208,0.76,0.6087,0.9333,1,96,15,0.8333,1
Diego Alejandro Giraldo Restrepo,0.0189,0.0377,0.5849,0.4194,0.4091,0.25,1,53,8,0.25,6
Diego Augusto Barreto Sanchez,0.0166,0.0343,0.5886,0.6214,0.4985,0.6632,38,2477,380,0.5096,128
Diego Balderas,0.0845,0.0423,0.4085,0.6552,0.3333,0.375,1,71,8,0.6429,5
Diego Bustamante,0.0,0.0952,0.631,0.4717,0.1613,0.2143,2,84,14,0.2143,11
Diego Dedura Palomero,0.0148,0.0264,0.706,0.6077,0.5057,0.683,65,4734,713,0.5695,226
Diego Eloy Mendez Montiel,0.0,0.0971,0.6019,0.6129,0.2927,0.5,2,103,16,0.5,8
Diego Fernandez Flores,0.0051,0.0238,0.6825,0.5597,0.4225,0.5114,8,589,88,0.5114,43
Diego Garcia Dalisay,0.022,0.0769,0.6044,0.5818,0.5833,0.6875,2,91,16,0.4444,5
Diego Gomez,0.0229,0.0305,0.6794,0.6067,0.4762,0.6471,2,131,17,0.6667,6
Diego Hidalgo,0.0524,0.035,0.6312,0.6608,0.468,0.7098,55,3853,579,0.5971,168
Diego Jarry Fillol,0.0345,0.0259,0.7155,0.6807,0.5455,0.7692,3,232,39,0.4375,9
Diego Jose Manrique Velazquez,0.0,0.0294,0.6765,0.5,0.5455,0.5,1,68,8,0.6667,4
Diego Matos,0.025,0.15,0.45,0.3889,0.2273,0.0,1,40,6,0.3333,6
Diego Ortiz Gamonal,0.0,0.0444,0.6,0.4815,0.3333,0.375,1,45,8,0.375,5
Diego Schwartzman,0.0288,0.0444,0.6192,0.6597,0.507,0.7265,84,5833,863,0.5808,244
Digvijaypratap Singh,0.0934,0.044,0.5513,0.7025,0.4518,0.6869,19,1317,198,0.5948,62
Dillon Beckles,0.0267,0.0987,0.6373,0.6109,0.3309,0.5333,7,375,60,0.4043,28
Dimitar Grabuloski,0.0256,0.0641,0.5513,0.6977,0.3714,0.6667,1,78,9,0.6667,3
Dimitar Kutrovsky,0.0364,0.0615,0.57,0.6871,0.4863,0.7363,27,1951,292,0.601,77
Dimitar Kuzmanov,0.0338,0.031,0.6639,0.6567,0.5154,0.7416,411,29120,4447,0.5763,1155
Dimitri Morogiannis,0.0448,0.0398,0.5423,0.578,0.4674,0.5333,4,201,30,0.5172,14
Dimitris Sakellaridis,0.0258,0.0323,0.5935,0.6341,0.4233,0.625,6,465,64,0.625,24
Dimitriy Voronin,0.0074,0.0446,0.6064,0.5429,0.4717,0.5263,6,404,57,0.5179,27
Dinko Dinev,0.0521,0.0583,0.6025,0.6217,0.4556,0.6442,16,1132,163,0.5735,58
Dino Marcan,0.0202,0.0573,0.6394,0.6527,0.4766,0.6738,29,1833,279,0.5381,91
Dino Molokova Ferreira,0.025,0.15,0.5333,0.5156,0.2143,0.2,3,120,20,0.4074,16
Dino Prizmic,0.0533,0.0433,0.599,0.6947,0.5235,0.7785,146,9723,1517,0.6162,342
Diogo Lourenco,0.021,0.035,0.6224,0.6742,0.3704,0.6818,2,143,22,0.5333,7
Diogo Marques,0.0296,0.0414,0.5799,0.6224,0.3568,0.5065,8,507,77,0.573,38
Diogo Morais,0.0,0.0517,0.7069,0.4634,0.4118,0.2857,1,58,7,0.5,5
Divij Sharan,0.0675,0.0512,0.6312,0.6839,0.4274,0.6954,18,1288,197,0.5,60
Djordje Djokovic,0.0,0.0917,0.4587,0.44,0.4068,0.3333,4,109,18,0.25,12
Dmitry Bezborodov,0.0,0.0652,0.5435,0.4,0.381,0.1429,1,46,7,0.5385,6
Dmitry Popko,0.0542,0.0395,0.5605,0.6844,0.497,0.7324,456,32500,4933,0.5809,1331
Dmitry Surchenko,0.0347,0.1078,0.5205,0.6333,0.3771,0.55,20,1095,160,0.4627,72
Dmitry Tursunov,0.0609,0.0433,0.5738,0.6978,0.5133,0.7895,18,969,152,0.5429,32
Dmytro Badanov,0.0172,0.0172,0.7759,0.6444,0.2692,0.5652,3,116,23,0.2308,10
Dmytro Kamynin,0.05,0.035,0.62,0.7,0.5,0.78,1,0,0,0.58,0
Domagoj Biljesko,0.0409,0.076,0.5556,0.6474,0.3947,0.551,6,342,49,0.5769,22
Domen Gostincar,0.0056,0.0667,0.6278,0.5664,0.4776,0.5484,3,180,31,0.3636,14
Domenico Scelzi,0.0182,0.0364,0.6182,0.4412,0.381,0.25,1,55,8,0.4545,6
Dominic Stricker,0.1085,0.0429,0.5723,0.7477,0.5165,0.8157,161,11490,1747,0.6379,331
Dominic Thiem,0.0507,0.035,0.6271,0.6682,0.5061,0.7333,34,2427,375,0.5816,100
Dominic West,0.0463,0.1296,0.6296,0.6618,0.375,0.5625,1,108,16,0.4615,7
Dominick Mosejczuk,0.0438,0.0292,0.5839,0.7375,0.4737,0.8421,2,137,19,0.8,3
Dominik Boehler,0.0591,0.0246,0.5616,0.7105,0.4944,0.7941,3,203,34,0.4615,7
Dominik Kellovsky,0.0577,0.0604,0.5631,0.6908,0.4527,0.6901,63,4520,684,0.5843,212
Dominik Koepfer,0.0547,0.0508,0.6189,0.6955,0.5175,0.7827,282,20017,3060,0.6101,669
Dominik Palan,0.1028,0.0628,0.621,0.7329,0.4865,0.8026,93,6849,1064,0.6125,210
Dominik Recek,0.0408,0.0479,0.5443,0.6156,0.4864,0.6375,6,564,80,0.5167,29
Dominik Sproch,0.0229,0.1178,0.4517,0.5797,0.3552,0.382,11,611,89,0.4608,55
Dominik Suc,0.0092,0.0429,0.5184,0.6272,0.4968,0.6226,5,326,53,0.3103,20
Dominique Rolland,0.0837,0.0518,0.5139,0.6512,0.5164,0.7317,4,251,41,0.5417,11
Donald Young,0.0403,0.0713,0.5943,0.6765,0.4819,0.7154,185,12501,1869,0.5893,547
Dong Hak Sin,0.018,0.0631,0.5586,0.5968,0.2653,0.4118,2,111,17,0.5,10
Dong Ju Kim,0.0141,0.031,0.5915,0.5333,0.4276,0.4643,6,355,56,0.3878,30
Donggeun Oh,0.0,0.1081,0.5135,0.2632,0.3333,0.0,1,37,6,0.25,6
Dorian Descloix,0.0805,0.0185,0.5856,0.702,0.4777,0.7326,8,596,86,0.5965,23
Dorian Juszczak,0.037,0.0556,0.6019,0.5846,0.2791,0.375,2,108,16,0.5652,10
Dorian Tomaz Janezic,0.0183,0.0642,0.5963,0.6462,0.5909,0.7778,2,109,18,0.6364,4
Dostanbek Tashbulatov,0.0147,0.0543,0.5921,0.5412,0.4199,0.4586,19,1086,157,0.488,85
Dragos Constantin Ignat,0.0383,0.0575,0.6599,0.6243,0.4261,0.6066,12,835,122,0.5556,48
Dragos Dima,0.0174,0.0276,0.6448,0.6178,0.4473,0.631,68,4991,748,0.5483,276
Dragos Nicolae Cazacu,0.0306,0.0387,0.6228,0.6367,0.4649,0.6533,14,981,150,0.48,52
Dragos Nicolae Madaras,0.0401,0.042,0.629,0.6588,0.4646,0.6922,56,3620,549,0.5764,169
Drazen Petrovic,0.0216,0.0144,0.6978,0.5052,0.4524,0.4444,2,139,18,0.5,10
Drew Van Orderlain,0.012,0.0254,0.6302,0.62,0.4453,0.62,9,668,100,0.5422,38
Driss Lbahy,0.0,0.1622,0.4865,0.5,0.1053,0.1429,1,37,7,0.25,6
Duarte Vale,0.0212,0.0636,0.6292,0.6301,0.4266,0.6156,42,2737,411,0.5198,158
Duck Hee Lee,0.0386,0.0479,0.5927,0.6623,0.4838,0.7003,287,18722,2870,0.549,860
Dudi Sela,0.0319,0.0382,0.6238,0.6801,0.5236,0.7644,173,11139,1732,0.5874,413
Duilio Beretta,0.0056,0.0899,0.4944,0.6023,0.5222,0.6296,3,178,27,0.5,10
Duje Ajdukovic,0.0594,0.0341,0.6054,0.682,0.4792,0.731,306,22819,3435,0.5818,930
Duje Kekez,0.041,0.0448,0.6455,0.6214,0.4842,0.7027,7,536,74,0.6071,22
Duje Markovina,0.0826,0.0602,0.5628,0.6728,0.3898,0.622,8,581,82,0.5921,31
Duncan Chan,0.045,0.0409,0.6074,0.7003,0.5052,0.759,8,489,83,0.4872,20
Dusan Lajovic,0.0492,0.0196,0.6761,0.6935,0.5465,0.8125,213,13524,2165,0.6173,406
Dusan Lojda,0.0267,0.0467,0.63,0.5767,0.4955,0.6087,4,300,46,0.5135,18
Dusan Obradovic,0.0192,0.0271,0.5751,0.6208,0.4707,0.6391,13,885,133,0.5385,48
Dusan Rsovac,0.0526,0.0877,0.5439,0.6129,0.3846,0.5556,1,57,9,0.4286,4
Dustin Brown,0.1056,0.0615,0.601,0.7419,0.4898,0.8132,205,14189,2200,0.6253,411
Dylan Dietrich,0.0873,0.0535,0.5761,0.7176,0.4934,0.7763,20,1420,219,0.6231,49
Dylan Gee,0.0615,0.0462,0.5692,0.7568,0.3571,0.7273,1,65,11,0.0,3
Dylan Salton,0.0,0.1522,0.4348,0.6,0.2692,0.2857,1,46,7,0.7059,5
Dzmitry Zhyrmont,0.0644,0.0421,0.6104,0.6947,0.4914,0.7442,74,4936,770,0.58,197
Edan Bakshi,0.0,0.039,0.5974,0.5435,0.5161,0.6,1,77,10,0.6667,4
Edan Leshem,0.0518,0.0523,0.5721,0.6922,0.4913,0.7388,150,10295,1566,0.5946,409
Edas Butvilas,0.0647,0.0324,0.6193,0.7075,0.5064,0.7826,145,10792,1674,0.6208,364
Eddie Grabill,0.0,0.0926,0.6296,0.5588,0.2,0.3333,1,54,9,0.4,6
Edgar Jeanmougin,0.0216,0.1007,0.5396,0.4267,0.375,0.25,3,139,20,0.4643,15
Edison Ambarzumjan,0.0283,0.0486,0.5749,0.5986,0.419,0.5714,4,247,35,0.5714,15
Edoardo Castagna,0.0,0.098,0.4314,0.6364,0.3103,0.2857,1,51,7,0.5,5
Edoardo Cherie Ligniere,0.0227,0.0682,0.5682,0.44,0.2632,0.1429,1,44,7,0.3333,6
Edoardo Eremin,0.0838,0.0464,0.532,0.7293,0.5034,0.7688,89,6506,1012,0.5993,234
Edoardo Lamberti,0.0054,0.0272,0.5761,0.6321,0.4231,0.5862,3,184,29,0.5,12
Edoardo Lavagno,0.0184,0.0434,0.6706,0.611,0.4704,0.6539,103,7273,1072,0.5624,375
Edoardo Sardella,0.0222,0.1111,0.5778,0.4231,0.2632,0.1429,1,45,7,0.3333,6
Edoardo Tessaro,0.0185,0.0741,0.4444,0.625,0.4667,0.5556,1,54,9,0.3333,4
Edoardo Zanada,0.0125,0.0938,0.5375,0.6279,0.3649,0.5455,2,160,22,0.375,10
Edouard Roger-Vasselin,0.0559,0.0231,0.6535,0.7118,0.5122,0.8012,63,3201,513,0.6136,102
Eduard Esteve Lobato,0.0364,0.0282,0.6419,0.6616,0.4793,0.7167,57,3904,593,0.5435,168
Eduard Guell Bartrina,0.0099,0.099,0.5941,0.6333,0.4634,0.6667,1,101,15,0.375,5
Eduard Silviu Schipor,0.0256,0.0513,0.6154,0.5,0.4,0.4286,1,39,7,0.0,4
Eduardo Agustin Torre,0.0,0.0,0.5417,0.2308,0.3636,0.0,1,24,4,0.3333,4
Eduardo Dischinger,0.0354,0.055,0.5574,0.653,0.4458,0.6263,18,1272,198,0.5287,74
Eduardo Lacalle,0.0,0.0612,0.6122,0.5,0.3684,0.2857,1,49,7,0.5833,5
Eduardo Nava,0.0616,0.0832,0.5593,0.6694,0.4406,0.6702,8,649,94,0.5811,31
Eduardo Ribeiro,0.0322,0.0191,0.6383,0.6306,0.4918,0.6951,103,7431,1112,0.5911,339
Eduardo Russi,0.0175,0.0671,0.6035,0.5217,0.3456,0.3585,7,343,53,0.4848,34
Eduardo Struvay,0.1055,0.0484,0.5979,0.7401,0.4956,0.8,75,4852,755,0.6281,151
Eduardo Yahir Orozco Rangel,0.0,0.0606,0.3939,0.3077,0.25,0.0,1,33,6,0.3333,6
Edward Bourchier,0.0369,0.0319,0.6769,0.6461,0.5361,0.76,14,814,125,0.6053,30
Edward Corrie,0.0704,0.034,0.6093,0.7028,0.5157,0.7824,114,7669,1213,0.6066,264
Edward Nguyen,0.0094,0.0613,0.5189,0.6455,0.4608,0.6129,3,212,31,0.5862,12
Edward Winter,0.0325,0.0368,0.6609,0.6832,0.5128,0.7621,55,3692,580,0.5843,138
Eero Vasa,0.0813,0.0538,0.5953,0.7177,0.473,0.7546,45,3160,493,0.5799,121
Efe Yurtacan,0.0212,0.0476,0.7302,0.6159,0.3529,0.5714,3,189,28,0.52,12
Egor Agafonov,0.0663,0.0946,0.6176,0.7108,0.4356,0.7425,39,2822,431,0.625,111
Egor Gerasimov,0.0988,0.0401,0.6326,0.7306,0.497,0.8085,361,25607,3933,0.6178,766
Egor Kovalev,0.0147,0.1814,0.5147,0.6286,0.3232,0.4242,4,204,33,0.3214,19
Egor Matvievici,0.0,0.0263,0.8421,0.3438,0.1667,0.1429,1,38,7,0.25,6
Egor Noskin,0.0538,0.0968,0.457,0.6941,0.4356,0.6429,2,186,28,0.4737,10
Elgin Khoeblal,0.0577,0.0769,0.5,0.6923,0.2692,0.4,1,52,10,0.3333,6
Eli Stephenson,0.1,0.0667,0.6833,0.561,0.4737,0.6667,1,60,9,0.5,3
Eliakim Coulibaly,0.0793,0.0627,0.613,0.7116,0.4694,0.7587,85,5697,891,0.6112,215
Elias Ymer,0.0566,0.0407,0.5983,0.6953,0.4903,0.7576,566,40345,6097,0.5928,1494
Elie Rousset,0.1439,0.0432,0.6043,0.8095,0.3636,0.7083,3,139,24,0.5625,7
Elijah Sanogo,0.0337,0.0457,0.5913,0.687,0.4824,0.7143,5,416,63,0.6087,18
Elijah Strode,0.0859,0.0808,0.5303,0.6905,0.4839,0.6719,7,396,64,0.4878,21
Elio Jose Ribeiro Lago,0.102,0.1122,0.5,0.7143,0.4796,0.6875,3,196,32,0.5,10
Elio Ramaglia,0.0,0.1034,0.4483,0.2308,0.125,0.0,1,29,6,0.0,6
Eliot Spizzirri,0.0599,0.027,0.6683,0.6943,0.5158,0.7752,127,9270,1361,0.5731,321
Elliot Benchetrit,0.069,0.0331,0.588,0.6797,0.4881,0.7262,244,16381,2451,0.5821,674
Elmar Ejupovic,0.0971,0.0442,0.6307,0.7318,0.51,0.8225,188,13958,2180,0.6507,387
Elmer Moller,0.0369,0.0593,0.615,0.658,0.4648,0.7068,138,9619,1429,0.6006,419
Eloi Roux,0.0,0.1282,0.4872,0.4474,0.25,0.0833,2,78,12,0.3889,11
Elyas Abduljalil,0.0,0.07,0.62,0.5161,0.3684,0.4,2,100,15,0.55,9
Elyas Abdulnabi,0.0,0.093,0.4767,0.4878,0.3556,0.2857,2,86,14,0.4444,10
Emanuel Ivanisevic,0.0283,0.0377,0.5849,0.5806,0.5114,0.625,3,212,32,0.52,12
Emil Reinberg,0.0504,0.0553,0.522,0.6604,0.4728,0.6882,9,615,93,0.5167,29
Emil Ruusuvuori,0.0631,0.0478,0.6407,0.7221,0.5032,0.8039,162,10946,1739,0.616,341
Emile Hudd,0.0914,0.0438,0.6306,0.6949,0.5052,0.7695,22,1554,243,0.6084,56
Emiliano Aguilera Guerrero,0.0,0.0189,0.6604,0.5714,0.3333,0.5,1,53,8,0.2,4
Emiliano Maggioli,0.023,0.0362,0.5987,0.6319,0.3934,0.551,5,304,49,0.45,22
Emiliano Troche,0.0084,0.0252,0.6639,0.4557,0.425,0.3125,2,119,16,0.6071,11
Emilien Demanet,0.0271,0.0226,0.6185,0.6533,0.5266,0.7571,6,443,70,0.5405,17
Emilien Voisin,0.0745,0.0407,0.6423,0.6624,0.5114,0.7241,12,738,116,0.5789,32
Emilio Andrea Segarelli,0.0222,0.0296,0.5556,0.52,0.3833,0.4091,3,135,22,0.5185,13
Emilio Bowen,0.0164,0.082,0.5738,0.5,0.3846,0.375,2,122,16,0.5833,10
Emilio Camacho,0.0,0.0566,0.6226,0.6061,0.35,0.5556,1,53,9,0.2,4
Emilio Gomez,0.0456,0.0465,0.6007,0.687,0.4998,0.7555,403,28574,4310,0.6003,1078
Emilio Nava,0.0924,0.0388,0.6312,0.7161,0.5163,0.8083,312,22347,3479,0.6136,677
Emon Van Loben Sels,0.0393,0.0426,0.6033,0.6576,0.4711,0.7111,3,305,45,0.5806,13
Eneko Rios Perez,0.0148,0.0815,0.437,0.6271,0.4605,0.6,2,135,20,0.4667,8
Enmanuel Munoz,0.0052,0.0681,0.6073,0.5431,0.44,0.5,3,191,26,0.5357,13
Enrico Baldisserri,0.0682,0.0,0.7273,0.4688,0.3333,0.4286,1,44,7,0.3333,4
Enrico Becuzzi,0.0067,0.1366,0.5245,0.4727,0.2943,0.268,14,593,97,0.3932,71
Enrico Dalla Valle,0.0527,0.0265,0.6675,0.6637,0.4956,0.7315,197,13592,2097,0.5833,563
Enrico Dos Santos Lima,0.0,0.0167,0.55,0.4545,0.6296,0.5556,1,60,9,0.3333,4
Enrico Fioravante,0.0317,0.0,0.5873,0.6757,0.5,0.7,1,63,10,0.4,3
Enrico Iannuzzi,0.0865,0.0481,0.6154,0.6875,0.425,0.7143,1,104,14,0.5556,4
Enrique Bogo,0.0217,0.0304,0.5457,0.6016,0.4593,0.5634,7,460,71,0.4259,31
Enrique Carrascosa Diaz,0.025,0.0875,0.5625,0.6,0.4,0.5,1,80,12,0.4,6
Enrique Lopez Perez,0.0977,0.0526,0.5896,0.7249,0.4935,0.7856,214,14039,2155,0.6087,470
Enrique Pena,0.0249,0.0204,0.6599,0.5361,0.5067,0.5072,8,441,69,0.4925,34
Enzo Aguiard,0.1034,0.0296,0.6158,0.76,0.5064,0.8413,5,406,63,0.6296,10
Enzo Camargo Lima,0.0114,0.0496,0.6282,0.522,0.4333,0.4877,18,1049,162,0.4236,83
Enzo Couacaud,0.0852,0.0429,0.5508,0.7311,0.4916,0.7605,383,26404,4050,0.5872,984
Enzo Frances Tessari,0.0222,0.0444,0.68,0.6013,0.375,0.5758,4,225,33,0.5,14
Enzo Kohlmann De Freitas,0.0474,0.0454,0.6515,0.5854,0.426,0.5571,7,485,70,0.5867,31
Enzo Kohn,0.0909,0.0909,0.5227,0.6087,0.2381,0.375,1,44,8,0.2857,5
Enzo Lima,0.0,0.0841,0.5701,0.6393,0.413,0.625,1,107,16,0.3333,6
Enzo Wallart,0.0655,0.0371,0.6129,0.6697,0.4907,0.7113,45,3206,485,0.5745,140
Ercole Di Ianni,0.0,0.0444,0.7111,0.3125,0.4615,0.1429,1,45,7,0.3333,6
Ergi Kirkin,0.0447,0.0363,0.5509,0.6699,0.4718,0.6922,201,14588,2180,0.5788,671
Eric Ahren Moonga,0.0,0.0505,0.6566,0.5077,0.3529,0.4118,2,99,17,0.375,10
Eric Butorac,0.0833,0.0556,0.662,0.6643,0.3973,0.6486,4,216,37,0.2353,13
Eric Hadigian,0.1395,0.0698,0.6279,0.5556,0.25,0.2857,1,43,7,0.375,5
Eric Johnson,0.049,0.0541,0.6031,0.6517,0.487,0.6917,12,776,120,0.4714,37
Eric Morris,0.0286,0.0429,0.7143,0.56,0.3,0.5556,1,70,9,0.6364,4
Eric Quigley,0.0722,0.0433,0.5773,0.7239,0.4989,0.7869,73,5264,807,0.6301,172
Eric Samuelsson,0.068,0.0922,0.5728,0.7288,0.3864,0.6897,3,206,29,0.5909,9
Eric Vanshelboim,0.0194,0.0395,0.7149,0.6204,0.4788,0.6716,67,4381,676,0.5394,222
Erik Arutiunian,0.1041,0.0378,0.5802,0.7246,0.5166,0.806,22,1508,232,0.64,45
Erik Chren,0.0968,0.0968,0.5,0.6774,0.2903,0.375,1,62,8,0.2857,5
Erik Crepaldi,0.0238,0.0335,0.6582,0.6189,0.5014,0.6772,76,5170,793,0.5345,256
Erik De Santis,0.0411,0.137,0.5068,0.4595,0.3889,0.3846,2,73,13,0.2,8
Erik Grevelius,0.0567,0.0638,0.6099,0.5465,0.3818,0.4,2,141,20,0.4,12
Erik Holt Crossman,0.0703,0.0391,0.5898,0.6556,0.4476,0.6585,4,256,41,0.3,14
Ernest Habiyambere,0.0157,0.0709,0.5748,0.5616,0.3519,0.4375,2,127,16,0.6087,9
Ernesto Escobedo,0.0837,0.0388,0.6057,0.7268,0.5287,0.8178,366,26546,4094,0.6161,754
Ernests Gulbis,0.0982,0.0741,0.5496,0.7506,0.4668,0.7773,192,12555,1895,0.5989,434
Eros Siringo,0.0101,0.0404,0.6869,0.4853,0.2903,0.2857,2,99,14,0.4444,10
Erwin Troebinger,0.0528,0.0639,0.5167,0.6452,0.4655,0.6481,5,360,54,0.5476,19
Essa Qabazard,0.0392,0.1176,0.549,0.6429,0.2826,0.5556,2,102,18,0.4667,8
Esteban Bruna,0.0337,0.0782,0.5812,0.6335,0.4282,0.622,12,831,127,0.4783,48
Esteban Davila Gasser,0.0662,0.1397,0.5441,0.5541,0.3065,0.3913,3,136,23,0.3,14
Ethan Cook,0.1029,0.0387,0.6477,0.6822,0.4261,0.7258,12,826,124,0.5584,34
Ethan Quinn,0.0768,0.0363,0.6099,0.7183,0.5071,0.8016,143,11360,1709,0.6202,343
Etienne Donnet,0.0919,0.0571,0.5919,0.7108,0.4763,0.7391,14,1034,161,0.5484,42
Etienne Niyigena,0.0213,0.0709,0.5248,0.4054,0.3134,0.15,3,141,20,0.4688,17
Ettore Capello,0.0435,0.087,0.4783,0.5758,0.5,0.5556,1,69,9,0.6364,4
Ettore Zito,0.0141,0.0493,0.5493,0.6154,0.5469,0.6538,3,142,26,0.3077,9
Eun Chong Shin,0.0,0.0169,0.7797,0.5435,0.4615,0.5,1,59,8,0.5556,4
Evaldo Neto,0.0256,0.0256,0.5385,0.381,0.2778,0.0,1,39,6,0.25,6
Evan Burnett,0.019,0.057,0.5886,0.7097,0.4615,0.7083,2,158,24,0.6667,7
Evan Bynoe,0.0431,0.0667,0.5686,0.6759,0.4727,0.7105,4,255,38,0.6562,11
Evan Furness,0.0421,0.0488,0.6025,0.6708,0.4787,0.7158,214,15227,2287,0.5749,650
Evan Hoyt,0.0932,0.0353,0.6139,0.7225,0.4768,0.7761,23,1673,259,0.5887,58
Evan King,0.0604,0.0297,0.6399,0.6868,0.5027,0.7616,224,15305,2353,0.5832,566
Evan Sharygin,0.0417,0.125,0.6042,0.4483,0.1579,0.1429,1,48,7,0.3333,6
Evan Song,0.0578,0.0257,0.6259,0.6748,0.4883,0.7441,112,7434,1137,0.6161,291
Evan Zhu,0.0531,0.0401,0.6159,0.6574,0.4936,0.7119,163,12360,1850,0.5763,533
Evangelos Kypriotis,0.0,0.0533,0.6667,0.52,0.48,0.6667,1,75,9,0.625,3
Evgenii Tiurnev,0.1097,0.0567,0.5559,0.7321,0.4599,0.7332,99,6575,1027,0.5574,274
Evgeny Danilov,0.0312,0.0312,0.5469,0.5429,0.4483,0.5,1,64,8,0.5556,4
Evgeny Donskoy,0.0663,0.0323,0.5869,0.7324,0.5284,0.8084,432,29443,4582,0.6245,888
Evgeny Elistratov,0.0688,0.0417,0.5854,0.6157,0.4724,0.6027,10,480,73,0.5323,29
Evgeny Karlovskiy,0.0752,0.0457,0.6607,0.6954,0.462,0.7475,374,25772,3996,0.5926,1012
Evgeny Korolev,0.0844,0.0222,0.5556,0.76,0.5,0.871,4,225,31,0.7143,4
Evgeny Philippov,0.0336,0.0451,0.6201,0.7022,0.5,0.76,14,953,150,0.4706,36
Ewan Moore,0.0,0.0294,0.7206,0.4898,0.3158,0.25,1,68,8,0.6471,6
Eward Covalschi,0.0684,0.0513,0.5128,0.8167,0.4211,0.7778,2,117,18,0.6364,4
Ewen Lumsden,0.0429,0.0429,0.6571,0.6087,0.5139,0.6897,2,210,29,0.6786,9
Ezekiel Clark,0.0166,0.0392,0.676,0.6037,0.481,0.6501,54,3979,603,0.5226,211
Ezequiel Monferrer,0.0259,0.0613,0.6626,0.5864,0.4525,0.589,22,1467,219,0.5385,90
Ezequiel Simonit,0.023,0.0507,0.6083,0.5909,0.4824,0.6552,3,217,29,0.6,10
Fabian Fallert,0.0315,0.0787,0.5906,0.6,0.3846,0.55,2,127,20,0.4375,9
Fabian Lara,0.0099,0.099,0.5149,0.5385,0.3878,0.4375,2,101,16,0.5263,9
Fabian Marozsan,0.0478,0.0318,0.6592,0.7034,0.5314,0.8132,122,8305,1317,0.6361,246
Fabian Penzkofer,0.05,0.0875,0.55,0.7386,0.375,0.6087,3,160,23,0.5909,9
Fabiano De Paula,0.0155,0.0275,0.7021,0.6023,0.4544,0.6368,44,3162,468,0.5503,170
Fabien Reboul,0.072,0.0432,0.5756,0.6785,0.4784,0.7146,80,5556,848,0.5813,242
Fabien Salle,0.1059,0.0353,0.4882,0.7108,0.3908,0.6296,3,170,27,0.4118,10
Fabio Coelho,0.0199,0.0586,0.6789,0.5637,0.3746,0.4935,16,1006,154,0.4545,78
Fabio Costa,0.0638,0.1064,0.617,0.4828,0.3333,0.375,1,47,8,0.5455,5
Fabio Fognini,0.0336,0.0651,0.5846,0.6878,0.4828,0.7346,87,6362,972,0.5859,258
Fabio Mercuri,0.0348,0.0299,0.6567,0.6288,0.5072,0.6774,3,201,31,0.5,10
Fabrice Martin,0.1174,0.0338,0.6234,0.7212,0.4898,0.8,23,1686,260,0.6286,52
Fabricio Neis,0.0792,0.0649,0.5687,0.723,0.4879,0.7454,59,3726,597,0.5337,152
Fabrizio Andaloro,0.0453,0.0414,0.5674,0.6635,0.4883,0.7135,37,2561,377,0.6276,108
Fabrizio Karol Pio Osti,0.0,0.0111,0.7333,0.4848,0.4167,0.5,2,90,16,0.3846,8
Fabrizio Ornago,0.0539,0.0502,0.6058,0.6784,0.4837,0.7174,54,3881,598,0.5266,169
Facundo Arguello,0.0288,0.0398,0.5995,0.6675,0.5012,0.7297,224,15100,2316,0.579,626
Facundo Bagnis,0.0637,0.0476,0.6032,0.7086,0.5105,0.7869,515,35506,5420,0.6268,1185
Facundo Diaz Acosta,0.0407,0.044,0.5942,0.6898,0.5124,0.7591,238,17016,2619,0.604,634
Facundo Jofre,0.0,0.1452,0.5806,0.5,0.1923,0.2727,2,62,11,0.4286,8
Facundo Juarez,0.0111,0.0401,0.7438,0.6208,0.4765,0.6835,93,6740,1027,0.5718,325
Facundo Mena,0.0715,0.039,0.5504,0.7031,0.4969,0.7419,396,27027,4146,0.5721,1074
Fahad Mohammed,0.05,0.035,0.62,0.7,0.5,0.78,1,0,0,0.58,0
Fajing Sun,0.0399,0.0304,0.6053,0.6728,0.5169,0.7419,181,12335,1883,0.5772,493
Fanming Meng,0.0698,0.0465,0.814,0.4571,0.25,0.2857,1,43,7,0.5,5
Fares Ghasya,0.0409,0.0585,0.6433,0.6273,0.4918,0.7083,2,171,24,0.72,7
Faris Zakaryia,0.039,0.0585,0.5832,0.6041,0.4353,0.5922,11,667,103,0.4815,42
Farrukh Dustov,0.0919,0.0274,0.6742,0.7077,0.4651,0.7682,105,6428,1014,0.5884,235
Farzin Danny Amiri,0.0539,0.0299,0.5928,0.6263,0.3824,0.6111,2,167,18,0.75,7
Fausto Tabacco,0.0179,0.1198,0.6377,0.6261,0.3419,0.5415,26,1728,253,0.5655,116
Fayzullokhon Mavlyudov,0.0,0.0513,0.7179,0.5,0.3636,0.375,1,39,8,0.2857,5
Federico Aguilar Cardozo,0.0095,0.0333,0.6498,0.5366,0.4208,0.4904,11,631,104,0.3117,53
Federico Agustin Gomez,0.0707,0.0574,0.5963,0.703,0.5011,0.7777,183,13258,1988,0.6105,453
Federico Arnaboldi,0.0433,0.0486,0.58,0.6647,0.4753,0.6878,151,10665,1608,0.5612,502
Federico Bertuccioli,0.0326,0.0761,0.5,0.587,0.3587,0.4,3,184,25,0.5946,15
Federico Bonacia,0.0106,0.0638,0.5106,0.75,0.3696,0.7143,1,94,14,0.75,4
Federico Bondioli,0.0467,0.052,0.6037,0.6645,0.4835,0.7179,64,4671,716,0.5869,202
Federico Campana,0.0172,0.0431,0.5776,0.4776,0.4286,0.4118,2,116,17,0.4118,10
Federico Cecconi,0.0,0.0667,0.5556,0.6,0.45,0.625,1,45,8,0.5,3
Federico Cina,0.0457,0.0324,0.6155,0.6957,0.5056,0.774,76,5345,823,0.6196,186
Federico Coria,0.027,0.0362,0.6892,0.6372,0.4975,0.7106,458,31924,4838,0.5696,1411
Federico Delbonis,0.045,0.0486,0.6226,0.7039,0.5276,0.7902,185,12290,1921,0.5962,405
Federico Gaio,0.0667,0.0505,0.5702,0.7138,0.5055,0.7661,528,36788,5678,0.5952,1344
Federico Gaston Gonzalez Benitez,0.0175,0.0614,0.6316,0.5,0.3333,0.3125,2,114,16,0.2667,11
Federico Iannaccone,0.0165,0.0385,0.6906,0.5988,0.4772,0.6357,75,5093,785,0.5069,286
Federico Maccari,0.0697,0.0545,0.5879,0.6546,0.3529,0.5349,5,330,43,0.6154,20
Federico Moreno,0.0065,0.0588,0.634,0.5979,0.3929,0.52,3,153,25,0.4783,12
Federico Nicolas Bertucci,0.0,0.0294,0.6765,0.6304,0.3182,0.5556,1,68,9,0.5,4
Federico Salomone,0.0544,0.0408,0.5495,0.6219,0.3836,0.5395,8,515,76,0.5205,35
Federico Zeballos,0.0549,0.049,0.5367,0.6753,0.4599,0.6681,113,7402,1130,0.5675,375
Fedor Chervyakov,0.0244,0.0396,0.6768,0.6126,0.4717,0.6122,7,328,49,0.62,19
Feliciano Lopez,0.1432,0.06,0.5659,0.7892,0.5099,0.8622,43,3135,479,0.7027,66
Felipe Assuncao Garla,0.0114,0.1143,0.5257,0.6413,0.4699,0.6667,3,175,27,0.6087,9
Felipe Cunha Silva,0.0071,0.0857,0.6429,0.6222,0.44,0.619,2,140,21,0.6667,8
Felipe De Dios,0.0,0.0123,0.7037,0.5789,0.4167,0.5833,1,81,12,0.5,5
Felipe Escobar,0.0471,0.0275,0.6627,0.5976,0.4419,0.5882,5,255,34,0.5625,14
Felipe Galvao,0.02,0.24,0.36,0.6667,0.25,0.2857,1,50,7,0.2857,5
Felipe Hernandez,0.0,0.0417,0.6583,0.3671,0.2683,0.1053,3,120,19,0.4516,17
Felipe Lima,0.0263,0.1316,0.4737,0.3333,0.3,0.0,1,38,6,0.0,6
Felipe Mantilla,0.048,0.0413,0.6081,0.6617,0.5067,0.732,60,4210,638,0.5604,171
Felipe Martinez Sarrasague,0.0175,0.0664,0.6434,0.5652,0.3824,0.4884,5,286,43,0.3889,22
Felipe Meligeni Alves,0.0418,0.0222,0.6736,0.6698,0.5164,0.7668,328,23303,3504,0.6143,832
Felipe Muzzi,0.0,0.0526,0.5526,0.3333,0.2353,0.0,1,38,6,0.25,6
Felipe Ramirez Luna,0.0351,0.0585,0.5556,0.6526,0.4605,0.6071,3,171,28,0.4762,11
Felipe Rojas,0.05,0.035,0.62,0.7,0.5,0.78,3,0,0,0.58,0
Felipe Santamaria,0.033,0.0989,0.5714,0.6154,0.4615,0.7,1,91,10,0.5,3
Felipe Virgili Berini,0.0163,0.0813,0.6748,0.5904,0.3,0.5294,2,123,17,0.5,8
Felix  Einig,0.0476,0.0476,0.5714,0.7292,0.5833,0.75,1,84,16,0.3333,4
Felix Albert,0.0,0.0588,0.4412,0.5333,0.4737,0.5,1,34,4,0.5,2
Felix Auger Aliassime,0.081,0.0535,0.6222,0.718,0.4834,0.7831,116,8076,1217,0.6253,269
Felix Balshaw,0.1379,0.0383,0.5383,0.7744,0.4905,0.7746,12,914,142,0.6145,32
Felix Corwin,0.0732,0.0636,0.5523,0.7042,0.456,0.7079,81,6035,921,0.5546,269
Felix Gill,0.0429,0.0333,0.6329,0.6753,0.5174,0.7648,85,6254,965,0.5975,227
Felix Rauch,0.0161,0.0806,0.4839,0.6667,0.3438,0.5,1,62,8,0.5,4
Ferdinand Livet Novkirichka,0.0,0.0444,0.6,0.5185,0.5,0.4286,1,45,7,0.5,4
Fermin Tenti,0.0069,0.0385,0.6952,0.5706,0.3955,0.5361,26,1742,263,0.4649,122
Fernando Cabrera,0.0278,0.0833,0.6111,0.4545,0.0714,0.1429,1,36,7,0.25,6
Fernando Cavallo,0.0441,0.0247,0.5432,0.6851,0.4247,0.6667,7,567,87,0.5323,29
Fernando Romboli,0.0621,0.0546,0.6115,0.6744,0.4654,0.7044,89,5509,866,0.5345,256
Fernando Verdasco,0.0536,0.0469,0.6451,0.6829,0.4971,0.7484,88,6286,914,0.5856,242
Fernando Yamacita,0.0216,0.0612,0.5518,0.6346,0.4598,0.6243,18,1111,173,0.4758,65
Filiberto Fumagalli,0.0116,0.0193,0.6255,0.5309,0.4227,0.475,5,259,40,0.5,21
Filip Ambrozy,0.007,0.0986,0.5845,0.506,0.322,0.3636,3,142,22,0.5,14
Filip Bergevi,0.083,0.0433,0.5505,0.7262,0.492,0.7557,17,1108,176,0.5521,43
Filip Cristian Jianu,0.0318,0.0235,0.6425,0.6444,0.5065,0.7164,267,18732,2881,0.5791,817
Filip Dolezel,0.0303,0.0606,0.4545,0.5,0.3611,0.1429,1,66,7,0.6842,6
Filip Duda,0.0372,0.0537,0.6405,0.6355,0.3621,0.5821,6,484,67,0.65,28
Filip Gabriel Bara,0.02,0.11,0.62,0.5323,0.3684,0.3333,2,100,15,0.4737,10
Filip Horansky,0.042,0.0447,0.6343,0.6575,0.4686,0.6998,315,22090,3325,0.5572,1006
Filip Jeff Planinsek,0.0702,0.0401,0.5315,0.6981,0.4648,0.7143,9,698,98,0.6216,28
Filip Kana,0.0,0.0233,0.4419,0.5789,0.2083,0.2857,1,43,7,0.1667,5
Filip Kolasinski,0.0,0.0076,0.6061,0.6125,0.5577,0.7143,2,132,21,0.5385,6
Filip Krajinovic,0.0511,0.0184,0.6495,0.6887,0.5301,0.7934,209,13026,2033,0.6303,420
Filip Malbasic,0.0134,0.0491,0.7366,0.6121,0.3729,0.5882,3,224,34,0.5625,14
Filip Misolic,0.0404,0.0346,0.5815,0.6797,0.5114,0.7484,210,15336,2309,0.6056,588
Filip Peliwo,0.0451,0.0491,0.574,0.6607,0.4658,0.6767,244,16243,2465,0.553,802
Filip Pieczonka,0.0864,0.078,0.5385,0.7379,0.4695,0.7524,28,2026,315,0.5873,78
Filip Polasek,0.0323,0.1129,0.5161,0.7188,0.3667,0.625,1,62,8,0.625,3
Filip Veger,0.0471,0.0312,0.716,0.6387,0.4959,0.7057,27,1697,265,0.5,78
Filipe Brandao,0.0526,0.0351,0.5789,0.6162,0.5556,0.6667,3,171,27,0.5,9
Filipp Kekercheni,0.0418,0.0607,0.5523,0.6932,0.4206,0.6957,8,478,69,0.6316,21
Filippo Baldi,0.0295,0.0357,0.6447,0.6603,0.4999,0.7319,183,13181,1973,0.5869,537
Filippo Giorgetti,0.0183,0.0642,0.5413,0.5932,0.4,0.5238,3,109,21,0.1667,10
Filippo Leonardi,0.05,0.035,0.62,0.7,0.5,0.78,2,0,0,0.58,0
Filippo Moggian,0.0,0.1667,0.5833,0.2381,0.3333,0.0,1,36,6,0.4545,6
Filippo Mora,0.0222,0.0444,0.5333,0.5,0.381,0.5,1,45,8,0.3333,4
Filippo Moroni,0.0295,0.0459,0.5842,0.6413,0.4646,0.64,21,1460,225,0.515,81
Filippo Piranomonte,0.0,0.037,0.6481,0.5429,0.5789,0.5556,1,54,9,0.6364,4
Filippo Romano,0.0632,0.0358,0.5952,0.6894,0.4819,0.7353,56,4306,646,0.6023,171
Filippo Speziali,0.0308,0.0462,0.7077,0.587,0.4737,0.6667,1,65,9,0.5,3
Filippo Verdese,0.0,0.1463,0.4634,0.4737,0.4091,0.375,1,41,8,0.1667,5
Filippo Volandri,0.0073,0.0256,0.6998,0.6178,0.5021,0.6808,86,5627,874,0.5396,279
Finn Bass,0.0996,0.0713,0.5475,0.7327,0.4319,0.7079,19,1346,202,0.528,59
Finn Murgett,0.0373,0.0435,0.5652,0.6593,0.4571,0.625,2,161,24,0.4375,9
Finn Reynolds,0.1056,0.0674,0.609,0.7048,0.3621,0.6418,7,445,67,0.5932,24
Finn Tearney,0.0269,0.0776,0.6136,0.6413,0.4094,0.62,33,1972,300,0.5022,114
Fitriadi M Rifqi,0.0,0.0796,0.6219,0.568,0.4737,0.5172,3,201,29,0.4167,14
Flavio Cipolla,0.0116,0.0399,0.7266,0.5942,0.4832,0.6345,62,4239,643,0.5309,235
Flavio Cobolli,0.0472,0.0429,0.5463,0.6787,0.4937,0.7199,225,16099,2431,0.5777,685
Fletcher Scott,0.025,0.075,0.525,0.6984,0.4386,0.7,2,120,20,0.3333,6
Florent Bax,0.0825,0.0406,0.5631,0.7382,0.4963,0.7851,63,4607,712,0.6016,153
Florent Diep,0.0495,0.028,0.6108,0.6725,0.453,0.6753,7,465,77,0.4792,25
Florent Serra,0.053,0.0093,0.5296,0.6824,0.4901,0.7,5,321,50,0.4643,15
Florian Broska,0.0488,0.0416,0.6071,0.7005,0.5158,0.7937,34,2502,383,0.6089,79
Florian Fallert,0.0164,0.0351,0.6956,0.5926,0.4538,0.6119,6,427,67,0.4583,26
Florian Lakat,0.1277,0.0878,0.5532,0.6971,0.3869,0.6271,5,376,59,0.3889,22
Florian Mayer,0.0603,0.0263,0.5814,0.7076,0.5271,0.78,58,4147,659,0.5785,145
Florian Reynet,0.0412,0.0529,0.5353,0.6813,0.481,0.7391,2,170,23,0.5,6
Florian Valsot,0.0492,0.0492,0.5902,0.6944,0.36,0.6667,1,61,9,0.4,3
Flynn Thomas,0.0323,0.0369,0.6037,0.6794,0.4767,0.7742,3,217,31,0.5625,7
Fons Van Sambeek,0.0357,0.0408,0.6276,0.622,0.3562,0.5556,5,392,54,0.5102,24
Fran Rakonic,0.0,0.069,0.6552,0.1579,0.4,0.1667,1,29,6,0.1667,5
Fran Zvonimir Zgombic,0.0526,0.109,0.5226,0.6978,0.4016,0.5909,6,266,44,0.4857,18
Frances Tiafoe,0.0753,0.0316,0.6164,0.7175,0.5099,0.8078,171,12011,1868,0.626,359
Francesco Bessire,0.0113,0.0621,0.6045,0.5327,0.3143,0.3929,3,177,28,0.32,17
Francesco Borgo,0.0395,0.0452,0.5876,0.6346,0.5068,0.6923,2,177,26,0.6522,8
Francesco Faggella,0.0217,0.1087,0.4348,0.4,0.3462,0.1429,1,46,7,0.4545,6
Francesco Ferrari,0.022,0.0321,0.6588,0.612,0.4587,0.6397,25,1776,272,0.4645,98
Francesco Forti,0.0736,0.0424,0.6131,0.6952,0.508,0.7666,165,11642,1825,0.5981,426
Francesco Garzelli,0.0,0.0625,0.5625,0.4444,0.4762,0.5,1,48,8,0.3333,4
Francesco Giorgetti,0.0,0.0606,0.7121,0.5532,0.3684,0.5,1,66,10,0.375,5
Francesco Maestrelli,0.0725,0.0489,0.6078,0.6984,0.4631,0.7379,275,20073,3007,0.5918,792
Francesco Moncagatto,0.1111,0.0476,0.4921,0.7419,0.3438,0.6,1,63,10,0.2,4
Francesco Paschetto,0.028,0.1049,0.5524,0.7089,0.4375,0.625,3,143,24,0.4,9
Francesco Passaro,0.0557,0.0297,0.6519,0.688,0.5176,0.7802,251,18195,2766,0.6169,621
Francesco Picco,0.0316,0.0443,0.6076,0.6354,0.3629,0.619,4,316,42,0.5294,16
Francesco Vilardo,0.0389,0.0327,0.6013,0.6798,0.5063,0.75,39,2779,420,0.625,105
Francis Casey Alcantara,0.0623,0.0656,0.5213,0.6667,0.4384,0.625,5,305,48,0.4194,18
Francisco Adolfo Blanco Paris,0.05,0.05,0.6167,0.4865,0.3478,0.2857,1,60,7,0.4444,5
Francisco Aranguren,0.0,0.1579,0.5,0.4211,0.2632,0.2857,1,38,7,0.1667,5
Francisco Bahamonde,0.0286,0.0297,0.6006,0.6808,0.4854,0.7303,18,944,152,0.5444,41
Francisco Cabral,0.0599,0.0345,0.5759,0.6268,0.4855,0.6524,20,1219,187,0.5113,65
Francisco Castro,0.009,0.0588,0.5656,0.408,0.3125,0.2286,5,221,35,0.4255,27
Francisco Cerundolo,0.0291,0.0376,0.6582,0.6603,0.4899,0.7353,144,10577,1579,0.5851,429
Francisco Comesana,0.0599,0.0284,0.6629,0.6787,0.5078,0.7565,193,13045,1988,0.5801,493
Francisco Dias,0.0231,0.1157,0.5324,0.6261,0.3762,0.5161,3,216,31,0.4231,15
Francisco Faigenbaum,0.0143,0.1,0.7571,0.5849,0.3529,0.5714,1,70,14,0.3333,6
Francisco Llanes,0.0122,0.0326,0.7108,0.5845,0.3944,0.55,8,491,80,0.4375,36
Francisco Pini,0.0169,0.0593,0.5593,0.6667,0.3269,0.6364,1,118,11,0.7333,4
Francisco Rocha,0.0443,0.0451,0.5519,0.6406,0.467,0.6528,38,2571,386,0.5719,134
Franco Agamenone,0.0286,0.0416,0.6638,0.6391,0.4653,0.6895,298,21320,3150,0.5741,991
Franco Emanuel Egea,0.0267,0.032,0.6364,0.6563,0.4843,0.7222,18,1312,198,0.6358,55
Franco Feitt,0.0319,0.0876,0.6653,0.5629,0.4524,0.5263,5,251,38,0.5263,18
Franco Moral,0.0125,0.0875,0.5125,0.439,0.3333,0.1538,4,80,13,0.3889,11
Franco Ribero,0.0317,0.0302,0.6608,0.6425,0.468,0.6947,48,3408,511,0.5829,156
Franco Roncadelli,0.0105,0.0189,0.7384,0.5906,0.4866,0.6438,99,6828,1033,0.5523,368
Francois Arthur Vibert,0.0248,0.0559,0.5776,0.6022,0.4559,0.5769,3,161,26,0.5417,11
Frane Nincevic,0.0204,0.0704,0.65,0.547,0.418,0.5227,9,540,88,0.4,42
Franjo Raspudic,0.0333,0.0542,0.5708,0.6131,0.4078,0.5714,3,240,35,0.5161,15
Frank Barnett,0.0,0.125,0.625,0.5333,0.2778,0.375,1,48,8,0.5,5
Frank Dancevic,0.093,0.0364,0.5949,0.735,0.5133,0.8159,119,7892,1222,0.6383,225
Frank Moser,0.0789,0.0283,0.5665,0.7256,0.4755,0.7857,14,849,126,0.686,27
Franko Skugor,0.0832,0.0251,0.6238,0.7309,0.4971,0.8114,150,9925,1559,0.608,294
Frantisek Cermak,0.05,0.035,0.62,0.7,0.5,0.78,2,0,0,0.58,0
Frantisek Polanka,0.0,0.075,0.65,0.3077,0.3571,0.1429,1,40,7,0.4,6
Frazier Rengifo,0.0117,0.0746,0.5641,0.5744,0.4759,0.5429,8,429,70,0.4386,32
Fred Simonsson,0.0853,0.071,0.583,0.7161,0.4876,0.7765,24,1746,264,0.5816,59
Frederic Stotz,0.0,0.0441,0.4853,0.5455,0.2857,0.1429,1,68,7,0.5714,6
Frederico Ferreira Silva,0.0406,0.0287,0.6124,0.6657,0.5118,0.7374,415,30070,4581,0.6007,1210
Frederico Gil,0.031,0.0265,0.5995,0.6256,0.4738,0.6243,18,1096,173,0.4922,65
Frederik Nielsen,0.0586,0.0422,0.5806,0.6927,0.5048,0.7603,139,9848,1502,0.6044,360
Fredrik Ask,0.06,0.08,0.6,0.7286,0.4571,0.7885,5,350,52,0.7027,11
Fritz Verdad,0.0,0.0392,0.6471,0.5455,0.3333,0.4444,1,51,9,0.1667,5
Fritz Wolmarans,0.0519,0.0411,0.6515,0.7375,0.5404,0.831,6,462,71,0.5862,12
Fryderyk Lechno Wasiutynski,0.0279,0.0439,0.6088,0.6164,0.4031,0.5811,6,501,74,0.4038,31
Fumin Jiang,0.0345,0.069,0.7069,0.5854,0.4118,0.625,1,58,8,0.5714,3
Gabi Adrian Boitan,0.0458,0.0712,0.6272,0.6871,0.4702,0.7382,90,6247,974,0.584,255
Gabor Borsos,0.0598,0.0487,0.62,0.6465,0.4725,0.6972,21,1437,218,0.5658,66
Gabor Hornung,0.0,0.0633,0.7215,0.614,0.3182,0.6,1,79,10,0.6667,4
Gabor Mathe,0.0,0.0141,0.6479,0.5652,0.4,0.6,1,71,10,0.6,4
Gabriel Alejandro Hidalgo,0.014,0.0444,0.585,0.6421,0.5107,0.7043,11,788,115,0.618,34
Gabriel Andres Yaguar Espinoza,0.0,0.1,0.45,0.4444,0.3182,0.1429,1,40,7,0.25,6
Gabriel Ciro Da Silva,0.0132,0.0263,0.6842,0.5192,0.5833,0.6,1,76,10,0.6364,4
Gabriel De Andrade Bendazoli,0.018,0.0539,0.6587,0.6818,0.5263,0.8333,2,167,24,0.75,4
Gabriel Debru,0.0526,0.0405,0.6262,0.6705,0.4747,0.7204,108,7934,1198,0.5781,335
Gabriel Decamps,0.0452,0.0684,0.5979,0.6785,0.4806,0.7255,83,5640,867,0.575,238
Gabriel Diallo,0.1086,0.0398,0.6704,0.728,0.5231,0.837,154,11407,1767,0.6184,295
Gabriel Diaz Freire,0.05,0.035,0.62,0.7,0.5,0.78,1,0,0,0.58,0
Gabriel Donev,0.0234,0.0468,0.6433,0.5545,0.4262,0.5357,3,171,28,0.3158,13
Gabriel Elicha Navas,0.016,0.016,0.7005,0.5344,0.4821,0.5172,3,187,29,0.4167,14
Gabriel Evans,0.0309,0.0412,0.6082,0.5932,0.5263,0.7143,1,97,14,0.6364,4
Gabriel Ghetu,0.0182,0.0318,0.5227,0.5826,0.419,0.4667,3,220,30,0.4667,16
Gabriel Gomez,0.0526,0.0351,0.6316,0.5556,0.2857,0.4286,1,57,7,0.6364,4
Gabriel Pascotto Tumasonis,0.0376,0.0673,0.59,0.6525,0.4351,0.6364,10,639,99,0.55,36
Gabriel Petit,0.0631,0.0391,0.5549,0.7341,0.4249,0.7107,11,793,121,0.5513,35
Gabriel Roveri Sidney,0.0417,0.0788,0.6006,0.6019,0.3828,0.5301,19,1079,166,0.4968,78
Gabriel Schenekenberg,0.0202,0.0292,0.6607,0.5918,0.4437,0.5714,7,445,70,0.4737,30
Gabriel Vallim,0.0,0.2105,0.3947,0.5333,0.1739,0.0,1,38,6,0.3333,6
Gabriele Bosio,0.0221,0.0613,0.5809,0.6414,0.3918,0.6034,6,408,58,0.5965,23
Gabriele Brancatelli,0.06,0.06,0.5,0.48,0.28,0.1429,1,50,7,0.4,6
Gabriele Camilli,0.0,0.14,0.64,0.6562,0.1111,0.2857,1,50,7,0.6154,5
Gabriele Crivellaro,0.0175,0.0175,0.614,0.4286,0.4091,0.3333,1,57,9,0.5,6
Gabriele Felline,0.0,0.0286,0.5429,0.2632,0.125,0.0,1,35,7,0.3,7
Gabriele Maria Noce,0.0386,0.0433,0.6187,0.6352,0.4571,0.6855,11,855,124,0.6214,39
Gabriele Moghini,0.0185,0.0556,0.5741,0.5484,0.4783,0.5,1,54,8,0.5556,4
Gabriele Pennaforti,0.0434,0.0858,0.6039,0.6764,0.4764,0.7133,41,2994,457,0.5868,131
Gabriele Piraino,0.0265,0.0426,0.5937,0.6332,0.4741,0.6604,79,5616,857,0.5432,291
Gabriele Vulpitta,0.0144,0.0325,0.5776,0.6625,0.4188,0.5814,4,277,43,0.4545,18
Gabrielius Guzauskas,0.1667,0.05,0.7167,0.6279,0.4118,0.6,1,60,10,0.4286,4
Gael Monfils,0.1068,0.0627,0.5729,0.7219,0.5278,0.7935,9,590,92,0.5778,19
Gage Brymer,0.0228,0.0381,0.6452,0.6286,0.511,0.6964,56,3856,583,0.5893,177
Gal Emersic Potocnik,0.0182,0.0909,0.7091,0.4872,0.375,0.375,1,55,8,0.375,5
Garrett Johns,0.0599,0.0282,0.5794,0.6944,0.4959,0.748,108,7551,1139,0.5978,290
Garry Tokas,0.0,0.0233,0.6977,0.3333,0.3846,0.1429,1,43,7,0.4545,6
Garvit Batra,0.0156,0.125,0.5625,0.6667,0.3214,0.5556,1,64,9,0.6364,4
Gary Kushnirovich,0.0503,0.0377,0.6289,0.59,0.3729,0.52,3,159,25,0.4,12
Gastao Elias,0.0468,0.0356,0.5536,0.6989,0.4952,0.7375,472,32940,5043,0.5816,1338
Gaston Arturo Grimolizzi,0.0171,0.1282,0.5214,0.6885,0.3214,0.4706,2,117,17,0.4,9
Gaston Tonello,0.0222,0.1111,0.4889,0.5909,0.2609,0.375,1,45,8,0.375,5
Gauthier Onclin,0.0227,0.0393,0.6047,0.6553,0.4908,0.7069,168,11917,1771,0.5944,522
Gavin Goode,0.044,0.033,0.6319,0.687,0.5224,0.7931,3,182,29,0.6667,6
Gavin Van Peperzeel,0.0805,0.0436,0.6228,0.6985,0.4987,0.7688,49,3094,480,0.5993,111
Gen Nakamura,0.0317,0.0317,0.5556,0.5429,0.5714,0.6667,1,63,9,0.5,3
Genaro Alberto Olivieri,0.023,0.0247,0.6743,0.6282,0.4927,0.6948,317,22559,3440,0.5541,1054
Gengo Kikuchi,0.067,0.0194,0.672,0.6667,0.4785,0.7416,8,567,89,0.623,23
Geoffrey Blancaneaux,0.0421,0.0478,0.6229,0.6624,0.4799,0.7132,437,30397,4623,0.5737,1337
George Botezan,0.0424,0.0549,0.5636,0.677,0.4457,0.6885,6,401,61,0.4865,19
George Goldhoff,0.086,0.1398,0.5018,0.6571,0.4604,0.625,4,279,40,0.6512,15
George Hime,0.0238,0.0714,0.6429,0.4444,0.2667,0.2857,1,42,7,0.375,5
George Houghton,0.0766,0.046,0.6092,0.7673,0.4804,0.814,4,261,43,0.6667,8
George Jecminek,0.04,0.09,0.54,0.6852,0.3696,0.6667,1,100,12,0.7333,4
George Lazarov,0.0,0.0396,0.7723,0.5385,0.4348,0.5455,1,101,11,0.6875,5
George Loffhagen,0.0993,0.0564,0.5758,0.7487,0.5247,0.8171,54,3725,574,0.6111,105
George Tsivadze,0.1429,0.0408,0.6633,0.7231,0.5152,0.8571,1,98,14,0.7143,2
George Von Massow,0.0901,0.037,0.5913,0.717,0.4705,0.7572,32,2241,346,0.5779,84
Georgi Georgiev,0.0529,0.0274,0.5949,0.6656,0.455,0.7,7,548,80,0.5472,24
Georgi Rumenov Payakov,0.0066,0.0698,0.6744,0.5961,0.4592,0.6136,4,301,44,0.5278,17
Georgii Kravchenko,0.0415,0.049,0.5907,0.6842,0.5077,0.7444,67,4288,669,0.5746,171
Georgios Nouchakis,0.0145,0.0,0.6232,0.4419,0.5769,0.4444,1,69,9,0.6154,5
Georgyi Malyshev,0.0392,0.0098,0.598,0.5246,0.5366,0.5294,2,102,17,0.4667,8
Gerald Melzer,0.0539,0.0357,0.6187,0.689,0.5302,0.7871,304,19603,2987,0.6197,650
Gerard Campana Lee,0.0263,0.0499,0.6291,0.6354,0.4853,0.6831,128,9283,1420,0.55,450
Gerard Granollers,0.0246,0.0367,0.573,0.6598,0.4971,0.6929,105,7242,1107,0.5624,340
Gerard Planelles Ripoll,0.0645,0.0645,0.5161,0.6562,0.2667,0.375,1,62,8,0.5,5
Gerardo Irarrazabal,0.05,0.035,0.62,0.7,0.5,0.78,1,0,0,0.58,0
Gerardo Lopez Villasenor,0.044,0.0357,0.6335,0.6751,0.4957,0.716,23,1569,243,0.5714,69
Gergely Kisgyorgy,0.0734,0.0275,0.422,0.7391,0.5238,0.7778,2,109,18,0.5556,4
Gergely Madarasz,0.0288,0.0278,0.7401,0.6126,0.4656,0.6897,12,1008,145,0.5909,45
Gerhardt Marius Becker,0.0164,0.0656,0.4754,0.5517,0.4062,0.4444,1,61,9,0.1667,5
Germain Gigounon,0.0302,0.0293,0.613,0.6583,0.486,0.6967,89,5896,920,0.5578,279
Gero Kretschmer,0.0628,0.148,0.5157,0.6957,0.4259,0.6875,3,223,32,0.7059,10
Geronimo Barrios,0.0309,0.1082,0.4742,0.6522,0.5392,0.6452,3,194,31,0.5,11
Ghanim Al Sulaiti,0.0,0.2778,0.4722,0.4118,0.2632,0.1667,1,36,6,0.0,5
Giacomo Crisostomo,0.0,0.046,0.5172,0.4889,0.3333,0.25,1,87,12,0.5,9
Giacomo Dambrosi,0.0437,0.0469,0.657,0.6232,0.5094,0.7033,9,618,91,0.625,27
Giacomo Miccini,0.0397,0.0331,0.6225,0.5532,0.4211,0.5217,3,151,23,0.56,11
Giammarco Gandolfi,0.0,0.0364,0.7091,0.5385,0.375,0.375,1,55,8,0.375,5
Gian Gruenig,0.0642,0.0183,0.6789,0.6216,0.4571,0.6875,1,109,16,0.6667,5
Gian Luca Tanner,0.0483,0.069,0.5655,0.6829,0.5397,0.7826,2,145,23,0.5,5
Gian Marco Moroni,0.0332,0.0568,0.6357,0.6664,0.4726,0.7142,267,18852,2845,0.5719,821
Gian Marco Ortenzi,0.0265,0.0606,0.6932,0.6612,0.4444,0.75,4,264,40,0.5455,10
Gian Matias Di Natale,0.0296,0.0321,0.6272,0.6457,0.4901,0.7069,6,405,58,0.6222,17
Gianluca Ballotta,0.0085,0.0404,0.6277,0.5525,0.4743,0.5493,7,470,71,0.5362,32
Gianluca Cadenasso,0.0242,0.0375,0.6247,0.6311,0.5118,0.6876,49,3389,525,0.5328,164
Gianluca Di Nicola,0.0187,0.05,0.6082,0.6429,0.483,0.6878,57,3900,583,0.5854,182
Gianluca Mager,0.0826,0.042,0.5842,0.7182,0.4968,0.7735,437,30422,4724,0.6,1076
Gianluca Naso,0.0513,0.0297,0.5859,0.6675,0.4865,0.7193,43,2864,424,0.5993,119
Gianluca Quinzi,0.0,0.225,0.5,0.35,0.3,0.0,1,40,6,0.4,6
Gianluigi Quinzi,0.0432,0.0303,0.6011,0.6798,0.5098,0.7444,178,12370,1921,0.5797,496
Gianmarco De Santis,0.0351,0.1228,0.4737,0.5556,0.3,0.3636,1,57,11,0.0,7
Gianmarco Ferrari,0.0594,0.0483,0.5795,0.6811,0.513,0.7537,72,5318,808,0.6151,199
Gianni Mina,0.0678,0.0316,0.6567,0.667,0.4983,0.7254,52,3420,539,0.5673,148
Gianni Ross,0.0464,0.0497,0.5662,0.7135,0.4656,0.7234,4,302,47,0.5185,13
Giannicola Misasi,0.0,0.0,0.6512,0.4643,0.4,0.375,1,43,8,0.1667,5
Gibril Diarra,0.0823,0.0487,0.6147,0.7136,0.4812,0.781,31,1931,306,0.5964,67
Gijs Brouwer,0.0689,0.035,0.6677,0.6981,0.5146,0.8008,220,14911,2304,0.6299,466
Gilbert Soares Klier Junior,0.0499,0.0349,0.6227,0.6652,0.5285,0.7547,62,4092,640,0.5836,157
Giles Hussey,0.0509,0.0364,0.6162,0.6625,0.5214,0.7555,88,6342,957,0.5909,234
Gilles Arnaud Bailly,0.0256,0.0251,0.6055,0.6705,0.4957,0.733,48,3549,528,0.605,141
Gilles Muller,0.1612,0.0851,0.5616,0.8161,0.4959,0.8764,8,552,89,0.7179,11
Gilles Simon,0.043,0.0358,0.639,0.6574,0.4786,0.7123,63,4468,664,0.5901,191
Gillian Osmont,0.0173,0.0578,0.5838,0.5149,0.3333,0.3043,3,173,23,0.5789,16
Giorgi Giorgadze,0.0,0.1364,0.4773,0.5238,0.1739,0.0,1,44,6,0.4,6
Giorgio Portaluri,0.0261,0.0466,0.5736,0.6331,0.4803,0.6543,9,537,81,0.5484,28
Giorgio Ricca,0.055,0.0482,0.6466,0.6469,0.4264,0.6507,20,1327,209,0.4786,73
Giorgio Tabacco,0.0225,0.0313,0.5978,0.6137,0.4307,0.5723,15,1022,159,0.4963,68
Giovane Bueres,0.0375,0.05,0.6125,0.6531,0.3548,0.6,1,80,10,0.5556,4
Giovanni Ciocca,0.025,0.025,0.625,0.4,0.2667,0.1429,1,40,7,0.25,6
Giovanni Cozzolino,0.0426,0.0638,0.5532,0.6538,0.4048,0.6,1,94,15,0.3333,6
Giovanni David,0.0,0.1,0.44,0.6364,0.1786,0.25,1,50,8,0.3333,6
Giovanni Fonio,0.0564,0.0389,0.6298,0.6921,0.5281,0.779,268,18870,2977,0.5941,658
Giovanni Lapentti,0.0503,0.0432,0.6228,0.6752,0.4805,0.7358,78,4889,742,0.5942,196
Giovanni Mpetshi Perricard,0.1676,0.0504,0.6184,0.7919,0.5393,0.8954,147,11469,1816,0.687,190
Giovanni Oradini,0.0547,0.0331,0.6186,0.6764,0.4767,0.7225,94,6759,1045,0.5815,290
Giovanni Orsoni,0.0196,0.0392,0.6078,0.3548,0.6,0.4444,1,51,9,0.375,5
Giuliano Benedetti,0.0,0.0435,0.5942,0.6098,0.3214,0.6,1,69,10,0.5556,4
Giulio Colacioppo,0.0092,0.0367,0.5505,0.5333,0.4082,0.4,2,109,15,0.4706,9
Giulio Di Meo,0.0184,0.0552,0.5337,0.6437,0.4474,0.6296,3,163,27,0.4737,10
Giulio Giulioli,0.0,0.0294,0.7941,0.2963,0.1429,0.0,1,34,6,0.1429,6
Giulio Zeppieri,0.0783,0.0311,0.6281,0.7177,0.5214,0.8105,306,21546,3367,0.6358,642
Giuseppe La Vela,0.0262,0.0338,0.6238,0.6192,0.515,0.6667,10,800,120,0.4872,40
Giuseppe Ricciardi,0.0492,0.2131,0.4098,0.6,0.4444,0.6667,1,61,9,0.5714,3
Giuseppe Tresca,0.0354,0.0653,0.5719,0.5899,0.416,0.5319,14,904,141,0.3945,66
Glauco Pinheiro Da Cruz Junior,0.0,0.058,0.5072,0.3714,0.1765,0.0833,2,69,12,0.3125,11
Gleb Alekseenko,0.014,0.0744,0.6233,0.597,0.3704,0.5517,3,215,29,0.5806,13
Gleb Sakharov,0.062,0.0321,0.6014,0.6982,0.4834,0.7476,155,10120,1585,0.5851,400
Glenn Smits,0.125,0.1667,0.5833,0.5357,0.25,0.2857,1,48,7,0.2857,5
Go Soeda,0.0472,0.0312,0.5947,0.6957,0.5212,0.7688,352,22620,3491,0.5895,819
Gokberk Ergeneman,0.0,0.0533,0.56,0.4286,0.4848,0.4,1,75,10,0.5385,6
Gokberk Saritas,0.0412,0.0722,0.6392,0.4516,0.2857,0.3125,2,97,16,0.2143,11
Gokul Suresh,0.0192,0.0,0.5192,0.5556,0.6,0.6667,1,52,9,0.5714,3
Goncalo Andrade,0.0,0.0185,0.6481,0.5143,0.4211,0.4444,1,54,9,0.5,5
Goncalo Falcao,0.0123,0.076,0.6005,0.5796,0.3865,0.496,14,816,125,0.4878,63
Goncalo Oliveira,0.0469,0.046,0.6464,0.6561,0.5009,0.7228,332,22622,3467,0.586,961
Gonzales Austin,0.0446,0.0273,0.5911,0.7011,0.5434,0.7861,17,1098,173,0.6442,37
Gonzalo Achondo,0.0144,0.0719,0.6763,0.4681,0.3889,0.3721,5,278,43,0.4,27
Gonzalo Ariel Karakachian,0.0541,0.0901,0.5946,0.5606,0.4,0.5,2,111,18,0.3571,9
Gonzalo Bancalari,0.0347,0.0289,0.4277,0.6892,0.4949,0.6923,3,173,26,0.6,8
Gonzalo Bueno,0.0126,0.0344,0.6461,0.6173,0.4716,0.6575,193,13777,2076,0.5523,711
Gonzalo Escobar,0.0351,0.0383,0.6494,0.6666,0.5189,0.7459,188,12934,2023,0.5868,514
Gonzalo Lama,0.0353,0.0338,0.6223,0.6609,0.5091,0.7401,219,15825,2366,0.605,615
Gonzalo Urruticoechea,0.0,0.0851,0.7021,0.3939,0.2857,0.2,3,94,15,0.4783,12
Gonzalo Villanueva,0.0198,0.0325,0.6379,0.6331,0.4892,0.6867,346,23971,3645,0.5575,1142
Gonzalo Zeitune,0.0287,0.0402,0.6437,0.5536,0.4032,0.4815,3,174,27,0.5484,14
Goran Markovic,0.0595,0.0595,0.5714,0.7292,0.3611,0.6667,1,84,12,0.6923,4
Goran Radanovic,0.0556,0.0778,0.4667,0.4286,0.3125,0.2143,2,90,14,0.3889,11
Gorazd Srbljak,0.0,0.0222,0.3556,0.125,0.5172,0.1429,1,45,7,0.3333,6
Govind Nanda,0.0378,0.0239,0.6286,0.6492,0.4797,0.6877,106,7359,1111,0.5607,358
Graham Alrutz,0.0,0.0976,0.6585,0.5185,0.2143,0.2857,1,41,7,0.2857,5
Grant Solomon,0.0299,0.0448,0.6119,0.4878,0.4231,0.375,1,67,8,0.1667,5
Gray Voelzke,0.0656,0.0588,0.5385,0.7227,0.5245,0.8182,5,442,66,0.6129,12
Greg Jones,0.0841,0.0559,0.6141,0.7051,0.4902,0.7663,54,3827,582,0.644,136
Greg Ouellette,0.0435,0.0362,0.5942,0.561,0.4286,0.55,3,138,20,0.55,9
Grega Boh,0.038,0.1013,0.5316,0.4762,0.3514,0.4,2,79,15,0.4,9
Grega Zemlja,0.0976,0.0381,0.5654,0.7292,0.4946,0.7766,117,7458,1155,0.6103,258
Gregoire Barrere,0.0667,0.0341,0.6116,0.7123,0.5093,0.7871,407,28796,4420,0.6109,956
Gregoire Burquier,0.0517,0.0233,0.615,0.6849,0.4698,0.76,5,387,50,0.6571,12
Gregoire Jacq,0.0354,0.0538,0.6345,0.6453,0.4804,0.7116,62,3981,593,0.5799,171
Gregor Hausberger,0.0172,0.0862,0.431,0.56,0.2727,0.1429,1,58,7,0.5385,6
Gregor Ramskogler,0.0169,0.0339,0.6328,0.625,0.4462,0.625,5,354,56,0.5333,21
Gregorio Cordonnier,0.0557,0.0898,0.5356,0.6127,0.44,0.5556,6,323,45,0.5122,20
Grigor Dimitrov,0.1533,0.0547,0.5803,0.8868,0.5565,0.9231,5,274,52,0.6,4
Grigoriy Korobeynikov,0.0221,0.0379,0.6341,0.5075,0.4224,0.4524,5,317,42,0.5208,23
Grigoriy Lomakin,0.0624,0.0402,0.6606,0.6399,0.4325,0.6553,57,3733,557,0.5556,192
Grigoriy Reytman,0.0429,0.0429,0.6714,0.5745,0.3913,0.5455,1,70,11,0.5,5
Grzegorz Panfil,0.0705,0.0519,0.5581,0.67,0.4503,0.6589,28,1618,258,0.4793,88
Guelfo Borghini Baldovinetti,0.0,0.0179,0.5,0.5,0.3571,0.375,1,56,8,0.5455,5
Gui Gomes,0.0205,0.0533,0.6352,0.6645,0.5056,0.7,4,244,40,0.52,12
Guido Andreozzi,0.0378,0.0439,0.6069,0.6819,0.5018,0.7479,394,26368,4046,0.5881,1028
Guido Ivan Justo,0.0207,0.0317,0.6462,0.6287,0.4906,0.6828,120,8307,1258,0.5547,399
Guido Pella,0.0455,0.0345,0.6803,0.6792,0.5098,0.7751,123,7211,1134,0.6034,255
Guilherme Clezar,0.0515,0.0341,0.6417,0.6872,0.5192,0.7744,316,21790,3347,0.6003,759
Guilherme Valdoleiros,0.025,0.025,0.6944,0.472,0.3364,0.3019,7,360,53,0.3934,37
Guillaume Dalmasso,0.0795,0.1243,0.5882,0.7338,0.4507,0.7829,15,1207,175,0.7099,38
Guillaume Mackenzie,0.0294,0.0882,0.5882,0.3,0.2857,0.0,1,34,6,0.4,6
Guillaume Rufin,0.0594,0.0672,0.5297,0.722,0.4725,0.7167,6,387,60,0.6531,17
Guillermo Alejandro Arrambide Herrera,0.0182,0.0727,0.4545,0.48,0.4667,0.4286,1,55,7,0.6667,4
Guillermo Delgadillo,0.0,0.1364,0.4545,0.65,0.25,0.375,1,44,8,0.0,5
Guillermo Duran,0.0548,0.0526,0.5686,0.67,0.463,0.6817,34,2318,333,0.5638,106
Guillermo Garcia Lopez,0.0434,0.0463,0.5826,0.697,0.5113,0.7637,130,9301,1401,0.6038,336
Guillermo Olaso,0.0476,0.0321,0.5868,0.6694,0.5306,0.7538,30,2057,325,0.5604,80
Guillermo Rivera Aranguiz,0.0411,0.0295,0.6164,0.6632,0.511,0.7,16,949,150,0.5455,45
Guillermo Tunas,0.0149,0.0672,0.5896,0.538,0.3909,0.4359,6,268,39,0.5111,22
Gus Grumet,0.0141,0.0282,0.6197,0.5682,0.4074,0.6,1,71,10,0.4286,4
Gustav Hansson,0.0368,0.0368,0.6789,0.5736,0.4262,0.56,3,190,25,0.5769,11
Gustavo Albieri,0.0,0.1639,0.5082,0.5645,0.3333,0.3889,2,122,18,0.4762,11
Gustavo De Oliveira Cruz Cruz,0.0594,0.0781,0.5156,0.6606,0.4194,0.5918,5,320,49,0.5238,20
Gustavo Giudici,0.0,0.1136,0.5455,0.375,0.2,0.0,1,44,7,0.3,7
Gustavo Heide,0.0652,0.0526,0.5687,0.7164,0.5298,0.8007,163,11036,1721,0.6266,348
Gustavo Ribeiro De Almeida,0.0305,0.0528,0.6301,0.629,0.4011,0.5946,8,492,74,0.5714,30
Gustavo Teisen Pereira,0.0303,0.0909,0.5152,0.4118,0.125,0.0,1,33,6,0.25,6
Guy Den Heijer,0.0244,0.0488,0.561,0.5217,0.2778,0.2857,1,41,7,0.5,5
Guy Den Ouden,0.0369,0.0487,0.6045,0.6763,0.4995,0.7444,101,7365,1111,0.5817,284
Guy Orly Iradukunda,0.0506,0.0471,0.6126,0.6623,0.4481,0.6794,12,870,131,0.5435,42
Guy Stokman,0.039,0.1688,0.5714,0.5455,0.2121,0.2857,2,77,14,0.2308,10
Ha Minh Duc Vu,0.0519,0.0649,0.5325,0.4878,0.2778,0.2308,2,77,13,0.3333,10
Haadin Bava,0.0308,0.041,0.5282,0.6408,0.5652,0.7188,3,195,32,0.5,9
Hady Habib,0.1119,0.0538,0.6144,0.7284,0.4873,0.7986,147,11218,1713,0.6447,345
Haitong Xia,0.0207,0.0414,0.5921,0.5839,0.4365,0.5694,10,483,72,0.4833,31
Hamad Abbas Janahi,0.0,0.1,0.4,0.4167,0.0556,0.0,1,30,6,0.1429,6
Hamad Medjedovic,0.1049,0.0489,0.6267,0.7254,0.5112,0.814,157,10872,1661,0.6311,318
Hamish Stewart,0.1205,0.0579,0.6279,0.7456,0.5098,0.8352,50,3437,540,0.6197,89
Hamza Karmoussi,0.0,0.0923,0.5385,0.5143,0.6,0.7,1,65,10,0.5714,3
Hangyeom Kim,0.0137,0.0274,0.7123,0.5385,0.4762,0.4545,1,73,11,0.4,6
Hans Hach Verdugo,0.0638,0.055,0.6187,0.6767,0.4558,0.7247,43,3055,454,0.6106,125
Hans Podlipnik Castillo,0.0367,0.0325,0.5959,0.6775,0.5076,0.746,105,6514,1000,0.5829,254
Hantao Liu,0.0263,0.0414,0.6617,0.5795,0.3333,0.4762,5,266,42,0.3333,22
Hanwen Li,0.0598,0.0609,0.4921,0.6546,0.4463,0.5912,15,953,159,0.4492,65
Hanyi Liu,0.0672,0.0341,0.6348,0.6661,0.4397,0.6747,30,1906,292,0.5388,95
Hao Wu,0.0597,0.0476,0.6117,0.6203,0.4843,0.6454,15,904,141,0.505,50
Hao Yang Hu,0.0208,0.0417,0.8333,0.6,0.25,0.5,1,48,8,0.3333,4
Hao Yuan Ng,0.0,0.0,0.803,0.5283,0.7692,0.7,1,66,10,0.5714,3
Harold Mayot,0.0723,0.0388,0.6096,0.7045,0.4984,0.7798,267,18306,2788,0.6248,621
Harri Heliovaara,0.07,0.0324,0.6014,0.6791,0.4994,0.7331,62,4285,667,0.5637,178
Harrison Adams,0.057,0.0634,0.5677,0.7014,0.486,0.7477,22,1404,218,0.6309,55
Harrison Lombe,0.022,0.0769,0.7143,0.5538,0.3846,0.5,1,91,12,0.6842,6
Harrison Scott,0.0109,0.1087,0.5978,0.4364,0.4595,0.3571,2,92,14,0.4,9
Harry Bourchier,0.0735,0.0546,0.6073,0.6911,0.4823,0.7298,99,6636,1029,0.5552,278
Harry Wendelken,0.0519,0.0325,0.547,0.6889,0.5247,0.7533,76,5360,835,0.5992,206
Hasan Abdulnabi,0.0,0.1143,0.4857,0.2941,0.2778,0.0,1,35,6,0.3333,6
Hayato Matsuoka,0.0547,0.0433,0.6631,0.6853,0.5083,0.7706,53,3930,619,0.5836,142
Hayden Jones,0.0573,0.0486,0.6032,0.6621,0.4955,0.7075,24,1953,294,0.5678,86
Hazem Naw,0.0344,0.0552,0.628,0.6687,0.4632,0.7171,62,4417,661,0.5935,187
Hei Yin Andrew Li,0.0159,0.0,0.5397,0.6765,0.3793,0.6364,1,63,11,0.2,4
Hendrik Jebens,0.0856,0.048,0.5715,0.7188,0.4794,0.7473,25,1811,277,0.5977,70
Henri Haupt,0.01,0.0825,0.655,0.5076,0.3696,0.4211,7,400,57,0.5479,33
Henri Laaksonen,0.0708,0.0446,0.5794,0.7028,0.4899,0.7502,402,27445,4187,0.5905,1061
Henri Squire,0.0979,0.0577,0.6301,0.7277,0.4604,0.784,260,18712,2875,0.6162,624
Henrik Bladelius,0.0392,0.1961,0.549,0.75,0.2609,0.5556,1,51,9,0.0,4
Henrik Sillanpaa,0.0365,0.059,0.5815,0.657,0.4698,0.7059,4,356,51,0.6154,15
Henrik Wiersholm,0.0321,0.0481,0.5952,0.5859,0.4653,0.5915,6,499,71,0.5672,29
Henrique Cunha,0.0433,0.0537,0.5814,0.6822,0.4497,0.6988,30,1732,259,0.5873,78
Henrique Ortenblad Nogueira,0.0,0.1321,0.6038,0.6562,0.2857,0.5,1,53,8,0.4286,4
Henrique Petiz,0.0179,0.0893,0.4643,0.6154,0.3,0.3333,1,56,9,0.4545,6
Henrique Rocha,0.0421,0.0525,0.5858,0.681,0.4976,0.7355,176,12451,1875,0.5812,498
Henry Barrett,0.0,0.2062,0.4845,0.5106,0.44,0.4286,2,97,14,0.5,8
Henry Bernet,0.081,0.0396,0.6038,0.7052,0.5008,0.7738,22,1618,252,0.6096,57
Henry Choi,0.0,0.0294,0.5147,0.5714,0.3333,0.3636,1,68,11,0.4167,7
Henry Craig,0.0423,0.0613,0.5416,0.6712,0.5478,0.7429,9,685,105,0.6087,27
Henry Lamchinniah,0.025,0.1,0.5,0.5,0.25,0.1667,1,40,6,0.5,5
Henry Lieberman,0.0862,0.0345,0.4828,0.6786,0.3667,0.5,1,58,8,0.5,4
Henry Patten,0.0592,0.0868,0.5779,0.6997,0.4813,0.7467,7,507,75,0.6346,19
Henry Searle,0.0932,0.0361,0.6229,0.7244,0.5079,0.8129,52,3874,588,0.6636,110
Henry Von Der Schulenburg,0.0444,0.1111,0.4667,0.5714,0.25,0.375,1,45,8,0.1667,5
Herbert Jody Maginley,0.1025,0.0794,0.5685,0.7234,0.4448,0.7232,10,693,112,0.5507,31
Heremana Courte,0.0294,0.0588,0.6471,0.5909,0.25,0.4286,1,68,7,0.7647,4
Herkko Pollanen,0.0546,0.0294,0.6576,0.6262,0.5337,0.7,8,476,80,0.3514,24
Hermanni Tiainen,0.0328,0.0738,0.5492,0.5522,0.4,0.4706,2,122,17,0.6087,9
Hernan Casanova,0.006,0.0201,0.7494,0.5929,0.4832,0.6532,245,16530,2503,0.5514,868
Hernando Jose Escurra Isnardi,0.0922,0.0453,0.6003,0.7278,0.4453,0.74,9,618,100,0.5094,26
Hicham Khaddari,0.0204,0.1122,0.5408,0.5849,0.2667,0.3333,2,98,15,0.2857,10
Hikaru Shiraishi,0.03,0.031,0.615,0.6483,0.4958,0.6947,42,3065,475,0.5323,145
Hillel Rousseau,0.0062,0.0432,0.6667,0.5,0.3519,0.4,3,162,25,0.25,15
Hiroki Kondo,0.0952,0.0249,0.6327,0.7957,0.5864,0.8831,9,441,77,0.6538,9
Hiroki Moriya,0.0327,0.0422,0.5926,0.6602,0.4938,0.7086,544,36415,5505,0.5731,1617
Hiromasa Oku,0.0667,0.0417,0.6167,0.6081,0.3913,0.6111,2,120,18,0.5333,7
Hiroyasu Ehara,0.0233,0.0607,0.6907,0.6054,0.4599,0.6476,39,2700,403,0.5535,142
Ho Gi Kang,0.0104,0.026,0.7448,0.4755,0.3265,0.3333,3,192,27,0.3333,18
Hoang Anh Khoa Tran,0.0,0.0244,0.6911,0.5529,0.4737,0.5625,2,123,16,0.5,7
Holger Rune,0.0409,0.0396,0.6187,0.6866,0.5353,0.7779,92,6236,959,0.5924,214
Hong Chung,0.0177,0.0402,0.6056,0.6299,0.5164,0.7048,20,1468,210,0.6395,62
Hong Kit Jack Wong,0.0566,0.0,0.566,0.7333,0.3478,0.6667,1,53,9,0.5714,3
Hong Lin Fu,0.1376,0.0459,0.6239,0.5588,0.4146,0.5,2,109,16,0.3846,8
Honghan Wang,0.0,0.0533,0.7067,0.2642,0.2727,0.0769,2,75,13,0.4783,12
Horacio Zeballos,0.0823,0.0359,0.6009,0.7353,0.528,0.8239,157,10368,1641,0.6256,289
Hoyoung Roh,0.0381,0.0401,0.5992,0.5585,0.395,0.5,7,499,66,0.5479,33
Hsien Yin Peng,0.0499,0.0481,0.6144,0.6609,0.4434,0.6826,19,1123,167,0.6015,53
Hubert Hurkacz,0.085,0.0543,0.6326,0.7257,0.4952,0.8122,183,12807,1965,0.635,373
Hudson Rivera,0.0202,0.0648,0.587,0.6276,0.4608,0.7143,3,247,35,0.6296,10
Hugh Winter,0.0741,0.0222,0.6519,0.6705,0.4681,0.6522,2,135,23,0.5294,8
Hugo Car,0.0488,0.0244,0.5854,0.6042,0.5882,0.7692,1,82,13,0.5714,3
Hugo Cardinaud,0.0,0.0492,0.5082,0.5806,0.3667,0.4444,1,61,9,0.4444,5
Hugo Chapoutot,0.0,0.1667,0.3333,0.1,0.25,0.0,1,30,6,0.1429,6
Hugo Dellien,0.0262,0.0216,0.7294,0.6559,0.5153,0.757,443,30626,4741,0.5985,1162
Hugo Di Feo,0.009,0.0741,0.6347,0.6125,0.401,0.5814,8,553,86,0.493,36
Hugo Gaston,0.0413,0.0337,0.5534,0.6826,0.5095,0.7313,280,19664,3003,0.571,819
Hugo Grenier,0.0901,0.0478,0.6359,0.7133,0.4736,0.7773,477,34127,5223,0.6054,1183
Hugo Maia,0.0068,0.0406,0.6005,0.5865,0.3898,0.5231,7,443,65,0.5079,31
Hugo Minda,0.1117,0.067,0.514,0.7065,0.5402,0.8148,3,179,27,0.5455,5
Hugo Nys,0.0773,0.041,0.556,0.7084,0.4752,0.7455,121,8840,1332,0.6156,339
Hugo Pontico,0.05,0.0615,0.6731,0.6571,0.4471,0.6585,4,260,41,0.4167,14
Hugo Schott,0.0097,0.0777,0.6117,0.4762,0.325,0.2941,3,103,17,0.4286,12
Hugo Voljacques,0.0542,0.0397,0.5596,0.7097,0.459,0.75,4,277,44,0.5926,11
Huixin Wang,0.0534,0.0427,0.6512,0.612,0.5,0.6739,5,281,46,0.4643,15
Hunter Callahan,0.0667,0.0357,0.5679,0.6855,0.4931,0.7583,11,840,120,0.642,29
Hunter Heck,0.0614,0.0482,0.5526,0.619,0.5147,0.6429,7,456,70,0.5614,25
Hunter Reese,0.0325,0.0546,0.5982,0.5739,0.4239,0.5472,12,769,106,0.5152,48
Hunter Tubert,0.0211,0.0483,0.6284,0.6154,0.4878,0.6735,4,331,49,0.5294,16
Hyeon Chung,0.0493,0.0548,0.611,0.7007,0.4916,0.7539,174,10558,1646,0.5818,409
Hyeong Don Kim,0.0076,0.0833,0.5303,0.5286,0.5161,0.55,2,132,20,0.625,9
Hyeong Jin Cho,0.0,0.0698,0.5814,0.6,0.2778,0.4286,1,43,7,0.4286,4
Hynek Barton,0.0808,0.0354,0.5768,0.7136,0.5119,0.7884,142,10138,1555,0.6192,329
Hyun Woo Nam,0.0353,0.0353,0.7294,0.629,0.5217,0.7143,3,85,14,0.3333,4
Hyung Taik Lee,0.0213,0.0638,0.6383,0.6333,0.4706,0.625,1,47,8,0.5,3
Iago Almeida,0.0,0.0,0.5,0.2381,0.381,0.1429,1,42,7,0.3333,6
Ian Luca Cervantes Tomas,0.0,0.0435,0.5797,0.5,0.5517,0.5,1,69,10,0.4444,5
Ian Mayew,0.0152,0.0758,0.5909,0.6154,0.4074,0.5556,1,66,9,0.6,4
Iancu Lustinian Ghinda,0.0161,0.0645,0.5806,0.5833,0.4231,0.5833,1,62,12,0.375,5
Iannis Miletich,0.0522,0.034,0.5692,0.6614,0.5421,0.7324,6,441,71,0.5,19
Ibrahim Snoussi,0.0204,0.1837,0.4286,0.619,0.3571,0.5,1,49,8,0.4286,4
Ignacio Antonio Becerra Otarola,0.0093,0.063,0.6198,0.5917,0.4239,0.5556,16,968,153,0.4603,68
Ignacio Buse,0.0417,0.0295,0.6258,0.6771,0.4989,0.7363,146,10483,1589,0.5791,426
Ignacio Carou,0.0189,0.0635,0.6069,0.5962,0.406,0.5413,65,4505,654,0.5177,300
Ignacio German Dagostino Herrera,0.0,0.0312,0.7188,0.5652,0.4444,0.5556,1,64,9,0.5,4
Ignacio Monzon,0.0087,0.0469,0.68,0.5968,0.4305,0.6063,80,5734,861,0.5413,339
Ignacio Novo,0.0,0.0175,0.6667,0.6579,0.3158,0.6667,1,57,9,0.25,3
Ignacio Parisca,0.0,0.0333,0.7833,0.5957,0.3846,0.6,1,60,10,0.5556,4
Ignasi De Rueda De Genover,0.0055,0.0331,0.6188,0.5536,0.3913,0.5,2,181,30,0.3182,15
Igor Banicevic,0.0,0.1053,0.4737,0.2778,0.3,0.0,1,38,6,0.1429,6
Igor Gimenez,0.0227,0.0469,0.6348,0.6036,0.4567,0.6169,55,3795,569,0.5209,218
Igor Kolaric,0.0426,0.0213,0.4255,0.5,0.5556,0.5556,1,47,9,0.3333,4
Igor Piasek,0.0263,0.0789,0.4211,0.4375,0.3636,0.2857,1,38,7,0.0,5
Igor Ribeiro Marcondes,0.0571,0.0385,0.6241,0.7028,0.5296,0.7977,58,3817,608,0.6045,123
Igor Rossi,0.0,0.05,0.45,0.3333,0.3636,0.1429,1,40,7,0.3333,6
Igor Saveljic,0.0485,0.0705,0.5683,0.6822,0.3878,0.6364,2,227,33,0.6129,12
Igor Sijsling,0.0596,0.0307,0.5891,0.7189,0.4904,0.7615,162,9910,1568,0.5872,374
Igor Zelenay,0.0955,0.042,0.6369,0.7216,0.4798,0.7682,14,953,151,0.5783,35
Iiro Vasa,0.0676,0.0432,0.5892,0.7294,0.4276,0.7119,6,370,59,0.5405,17
Iker Sevilla,0.0,0.0698,0.7209,0.3871,0.5,0.2857,1,43,7,0.5,5
Ilgiz Valiev,0.0504,0.0504,0.5827,0.6667,0.569,0.7391,2,139,23,0.5714,6
Ilia Simakin,0.093,0.0369,0.6213,0.7348,0.5206,0.8185,89,6214,1003,0.6396,182
Ilija Bozoljac,0.1603,0.0545,0.5908,0.7559,0.4961,0.8227,14,936,141,0.6753,25
Ilija Palavestra,0.0161,0.0484,0.5645,0.7429,0.4074,0.6667,1,62,12,0.3333,4
Ilija Vucic,0.0554,0.0554,0.5543,0.6845,0.4921,0.7098,20,1281,193,0.5659,56
Iliyan Radulov,0.0146,0.0268,0.611,0.6128,0.489,0.6825,11,820,126,0.5402,40
Iliyas Maratuly,0.0366,0.061,0.5854,0.6458,0.3529,0.625,1,82,8,0.8235,3
Illia Biloborodko,0.0141,0.0282,0.6197,0.6818,0.3704,0.6364,1,71,11,0.5556,4
Illia Stoliar,0.0263,0.2368,0.6053,0.4783,0.0667,0.1429,1,38,7,0.1429,6
Illya Marchenko,0.0736,0.0471,0.5688,0.7317,0.5113,0.7968,408,28621,4380,0.616,900
Ilya Ivashka,0.0752,0.0417,0.6287,0.7082,0.4941,0.783,283,19121,2940,0.6042,648
Ilya Snitari,0.0232,0.0351,0.599,0.6495,0.4991,0.7059,21,1424,221,0.5779,65
Ilya Tiraspolsky,0.0,0.0292,0.562,0.5844,0.4833,0.6667,1,137,15,0.7059,5
Ilya Vasilyev,0.0468,0.0936,0.5404,0.6877,0.4506,0.6916,15,705,107,0.5658,33
Imanol Lopez Morillo,0.0468,0.0361,0.6236,0.6839,0.4707,0.7213,28,1857,287,0.5855,80
Imran Sibille,0.0269,0.0699,0.4839,0.5333,0.3958,0.4,4,186,30,0.25,18
Inaki Cabrera Bello,0.0448,0.0746,0.6418,0.5349,0.4167,0.5455,2,67,11,0.2857,5
Inaki Montes De La Torre,0.0233,0.0611,0.6113,0.6635,0.4887,0.7208,101,6943,1060,0.5889,296
Inigo Cervantes Huegun,0.0832,0.0456,0.5134,0.7337,0.4834,0.7518,223,15449,2377,0.6016,590
Ioan Alexandru Chirita,0.0167,0.05,0.5667,0.6176,0.4231,0.5294,2,120,17,0.5294,8
Ioan Dan Abrudan,0.0222,0.0444,0.4444,0.5,0.44,0.4286,1,45,7,0.5,4
Ioannis Kountourakis,0.0542,0.0985,0.5025,0.5686,0.3861,0.4333,4,203,30,0.5,17
Ioannis Xilas,0.0132,0.0618,0.6379,0.6113,0.4861,0.6324,25,1585,253,0.4862,93
Iouri Sant Syromolotov Netrebin,0.0833,0.1151,0.5397,0.6985,0.3448,0.6,4,252,40,0.3333,16
Isaac Arturo Arevalo,0.0182,0.0636,0.6545,0.6528,0.3421,0.625,2,110,16,0.5,6
Isaac Becroft,0.0426,0.0213,0.5957,0.4643,0.4474,0.3571,2,94,14,0.4375,9
Isaac Frost,0.2656,0.0859,0.5,0.8125,0.5781,0.9,2,128,20,0.7143,2
Isaac Nortey,0.0625,0.0521,0.625,0.5833,0.4722,0.5625,2,96,16,0.5625,7
Isaac Stoute,0.0701,0.0935,0.4813,0.6893,0.4505,0.6562,3,214,32,0.5217,11
Isade Juneau,0.0,0.0,0.5455,0.5,0.4,0.375,2,66,8,0.5833,5
Isaiah Strode,0.041,0.0742,0.5079,0.6959,0.4947,0.7102,17,1146,176,0.5565,51
Isak Arvidsson,0.0982,0.0412,0.6125,0.7312,0.5042,0.7763,28,1822,295,0.5286,66
Ishaque Eqbal,0.0333,0.0267,0.6333,0.6579,0.5182,0.7447,5,300,47,0.625,12
Islam Orynbasar,0.0102,0.0374,0.6701,0.5228,0.4536,0.5,6,294,50,0.4318,25
Ismail Saadi,0.0571,0.2571,0.4857,0.4118,0.2222,0.1667,1,35,6,0.0,5
Issa Alharrasi,0.0408,0.0816,0.551,0.4444,0.3636,0.2857,1,49,7,0.5455,5
Issa Shanan Al Harrasi,0.0,0.0588,0.6275,0.5,0.3158,0.2857,1,51,7,0.4444,5
Issei Okamura,0.0402,0.0442,0.6007,0.6495,0.4784,0.6816,25,1743,267,0.5455,85
Itsuki Imina,0.0611,0.0076,0.7252,0.7053,0.6111,0.85,2,131,20,0.7273,3
Itsuki Matsumoto,0.0,0.0862,0.6207,0.6111,0.3636,0.5,1,58,8,0.5,4
Ivan Bjelica,0.0295,0.0884,0.645,0.6442,0.4192,0.6667,10,645,99,0.5417,33
Ivan Bryusov,0.0,0.5,0.2857,0.25,0.1,0.0,1,28,6,0.0,6
Ivan Davydov,0.0331,0.1258,0.5166,0.7821,0.3425,0.6522,2,151,23,0.4286,8
Ivan Denisov,0.0478,0.0432,0.5952,0.6631,0.5045,0.7229,15,1087,166,0.5893,46
Ivan Dodig,0.1145,0.0481,0.6046,0.7542,0.506,0.8111,76,4219,683,0.5657,129
Ivan Endara,0.049,0.0377,0.5936,0.6847,0.4891,0.7464,52,3612,548,0.6293,139
Ivan Gakhov,0.0634,0.0432,0.602,0.6888,0.4902,0.7523,345,25535,3868,0.6124,959
Ivan Goluza,0.0379,0.0833,0.5833,0.6104,0.4545,0.5789,2,132,19,0.6,8
Ivan Gretskiy,0.0366,0.1585,0.4268,0.8286,0.2979,0.6,1,82,10,0.6364,4
Ivan Ivanov,0.0136,0.0427,0.6019,0.6097,0.4293,0.6216,7,515,74,0.6316,28
Ivan Korol,0.0233,0.0698,0.2093,0.6667,0.2059,0.1429,1,43,7,0.5,6
Ivan Kosec,0.0233,0.186,0.5814,0.68,0.2778,0.5,1,43,8,0.2,4
Ivan Liutarevich,0.075,0.0524,0.572,0.6753,0.4284,0.651,26,1680,255,0.5365,89
Ivan Lopez Martos,0.0108,0.043,0.5376,0.52,0.186,0.25,2,93,16,0.3684,12
Ivan Marrero Curbelo,0.0112,0.047,0.6507,0.6191,0.4916,0.6627,47,3401,507,0.5581,171
Ivan Nedelko,0.0407,0.0393,0.5498,0.6337,0.4639,0.6376,129,8605,1272,0.5312,465
Ivan Perez Martin,0.0162,0.0757,0.5784,0.5794,0.4744,0.5556,2,185,27,0.5556,12
Ivan Randjelovic,0.0,0.1463,0.4634,0.3684,0.2273,0.0,2,82,13,0.2778,13
Ivan Sabanov,0.0194,0.0761,0.657,0.5714,0.3844,0.508,21,1236,187,0.5132,92
Ivan Saveljic,0.0505,0.0808,0.4949,0.5714,0.34,0.4,2,99,15,0.4706,9
Ivan Sergeyev,0.0226,0.0451,0.6466,0.5349,0.383,0.4762,3,133,21,0.3125,11
Ivan Yatsuk,0.0789,0.0132,0.4868,0.6216,0.3077,0.4444,1,76,9,0.6429,5
Ivar Jose Aramburu Contreras,0.005,0.0596,0.6621,0.5178,0.3529,0.4286,15,805,126,0.3333,72
Ivo Karlovic,0.2391,0.0444,0.6455,0.8304,0.5633,0.9145,56,4211,643,0.702,59
Ivo Klec,0.0518,0.0205,0.594,0.5984,0.5045,0.623,13,830,122,0.5619,46
Ivo Minar,0.0739,0.0389,0.559,0.6613,0.5471,0.75,10,771,120,0.5161,30
Izan Almazan Valiente,0.0432,0.0494,0.6276,0.6623,0.4917,0.7143,6,486,77,0.4211,22
Izan Corretja,0.0,0.25,0.4444,0.375,0.2,0.0,1,36,6,0.25,6
Izan Orgiles Garcia Retamero,0.02,0.12,0.42,0.5238,0.3793,0.2857,1,50,7,0.5,5
Iznaur Akhmaev,0.0,0.1194,0.6567,0.5455,0.2609,0.375,2,67,8,0.5455,5
Izyan Ahmad,0.0169,0.0508,0.6441,0.4737,0.4286,0.4286,1,59,7,0.6,4
J J Mercer,0.0128,0.0385,0.6282,0.5714,0.4138,0.5714,1,78,14,0.4545,6
J J Wolf,0.1077,0.0472,0.5738,0.7485,0.5144,0.8175,211,14288,2225,0.614,413
Jabor Al Mutawa,0.0073,0.1168,0.6131,0.4286,0.3396,0.2,3,137,20,0.4074,16
Jack Anthrop,0.0458,0.0174,0.6572,0.6995,0.4931,0.7576,9,633,99,0.6,24
Jack Bruce Smith,0.2115,0.1538,0.4808,0.76,0.3704,0.5556,1,52,9,0.5556,4
Jack Davis,0.0741,0.1852,0.537,0.6897,0.36,0.6667,1,54,9,0.4,3
Jack Draper,0.115,0.0553,0.5941,0.7643,0.4913,0.8154,93,6198,1002,0.6401,185
Jack Findel Hawkins,0.0767,0.0333,0.63,0.7143,0.5495,0.8409,3,300,44,0.5333,7
Jack Kennedy,0.0267,0.0426,0.6093,0.6164,0.4594,0.6298,17,1198,181,0.5282,67
Jack Loge,0.0131,0.0431,0.668,0.638,0.5276,0.725,11,765,120,0.5147,33
Jack Loutit,0.0362,0.029,0.587,0.6667,0.4737,0.7368,2,138,19,0.6154,5
Jack Mingjie Lin,0.0457,0.0599,0.534,0.6825,0.4597,0.6913,14,985,149,0.5054,46
Jack Molloy,0.0644,0.0403,0.6377,0.6742,0.4578,0.7439,7,621,82,0.7083,21
Jack Murray,0.0185,0.0556,0.5833,0.6508,0.3333,0.6154,1,108,13,0.6429,5
Jack Pinnington Jones,0.0643,0.066,0.6061,0.7025,0.4725,0.761,90,6550,958,0.6165,232
Jack Satterfield,0.0377,0.0283,0.5755,0.6393,0.4222,0.6471,2,106,17,0.3333,6
Jack Schipanski,0.0385,0.0962,0.5577,0.4483,0.3913,0.375,1,52,8,0.375,5
Jack Sock,0.0825,0.0467,0.602,0.7429,0.5372,0.8467,82,5912,933,0.6659,143
Jack Vance,0.0,0.0463,0.5648,0.5246,0.3617,0.375,2,108,16,0.5,10
Jackson J Withrow,0.0868,0.0543,0.5718,0.7197,0.5634,0.8043,16,1198,184,0.6129,36
Jackson Ross,0.0547,0.0448,0.597,0.7417,0.4691,0.8,3,201,30,0.5385,6
Jacob Adaktusson,0.05,0.035,0.62,0.7,0.5,0.78,2,0,0,0.58,0
Jacob Bradshaw,0.0586,0.029,0.6499,0.6614,0.5202,0.7353,26,1554,238,0.5855,63
Jacob Brumm,0.0496,0.0436,0.5676,0.6336,0.4809,0.6396,28,1813,283,0.49,102
Jacob Bullard,0.0185,0.037,0.5926,0.5625,0.5455,0.6667,1,54,9,0.625,3
Jacob Dunbar,0.0543,0.0233,0.6047,0.6667,0.5033,0.7258,5,387,62,0.5641,17
Jacob Eskeland,0.0189,0.0377,0.5849,0.3548,0.5909,0.2857,1,53,7,0.5,5
Jacob Fearnley,0.0768,0.0652,0.6109,0.7309,0.5098,0.8236,75,5232,805,0.6379,147
Jacob Grills,0.0476,0.036,0.6293,0.65,0.4807,0.6971,87,6297,974,0.5325,295
Jacob Kahoun,0.05,0.035,0.62,0.7,0.5,0.78,1,0,0,0.58,0
Jacopo Berrettini,0.0348,0.0458,0.5942,0.6593,0.4654,0.683,153,11049,1669,0.5471,529
Jacopo Bilardo,0.0293,0.0837,0.5607,0.5709,0.4333,0.5211,7,478,71,0.4138,34
Jacopo Stefanini,0.0286,0.0476,0.5833,0.5918,0.44,0.5714,6,420,63,0.55,27
Jacopo Vasami,0.0808,0.0451,0.5687,0.7193,0.5005,0.7978,32,2437,366,0.674,74
Jaden Weekes,0.0609,0.0696,0.5826,0.6746,0.3958,0.6118,8,575,85,0.5352,33
Jae Hwan Kim,0.0611,0.0382,0.5611,0.619,0.4174,0.5676,3,262,37,0.5429,16
Jae Min Seol,0.12,0.04,0.4667,0.6,0.45,0.6154,1,75,13,0.1667,5
Jagger Leach,0.0194,0.0388,0.6085,0.6433,0.4059,0.5882,3,258,34,0.5882,14
Jai Corbett,0.0155,0.0207,0.6062,0.7094,0.4474,0.7586,3,193,29,0.5625,7
Jaime Faria,0.0749,0.0608,0.5722,0.7051,0.4807,0.7479,151,10897,1634,0.5645,425
Jaime Fermosell Delgado,0.0242,0.1073,0.5779,0.6707,0.4344,0.6667,6,289,45,0.5588,15
Jaime Pulgar Garcia,0.029,0.1014,0.5072,0.6,0.3529,0.4,1,69,10,0.4,6
Jaimee Floyd Angele,0.1246,0.071,0.6637,0.6846,0.4734,0.7287,25,1677,258,0.5513,70
Jake Delaney,0.085,0.0478,0.6301,0.6995,0.4867,0.7679,78,5377,836,0.6,194
Jake Dembo,0.0,0.0179,0.5,0.5357,0.5,0.625,1,56,8,0.75,3
Jake Douglas,0.0303,0.053,0.5758,0.6447,0.4375,0.641,4,264,39,0.4167,14
Jake Fellows,0.1406,0.0469,0.6562,0.6429,0.5909,0.8,1,64,10,0.8,2
Jake Hersey,0.0562,0.0449,0.5056,0.7111,0.3182,0.5833,1,89,12,0.375,5
Jake Krug,0.0294,0.0588,0.4412,0.4667,0.3158,0.2857,1,34,7,0.2857,5
Jakob Aichhorn,0.0294,0.0441,0.5,0.7353,0.4412,0.7778,1,68,9,0.8,2
Jakob Amilon,0.0144,0.0647,0.6115,0.5529,0.4444,0.5294,2,139,17,0.6522,8
Jakob Schnaitter,0.0632,0.0605,0.6026,0.5939,0.404,0.5345,6,380,58,0.5091,27
Jakob Sude,0.0878,0.0416,0.6005,0.7538,0.5145,0.8286,6,433,70,0.5714,12
Jakub Filip,0.0097,0.0507,0.5556,0.5696,0.4402,0.5333,6,414,60,0.5,28
Jakub Gewert,0.0,0.0704,0.5352,0.5263,0.2727,0.1429,1,71,7,0.6667,6
Jakub Grzegorczyk,0.0189,0.0566,0.717,0.5789,0.2667,0.5,1,53,8,0.4286,4
Jakub Hadrava,0.012,0.1325,0.6446,0.6355,0.2373,0.45,2,166,20,0.6071,11
Jakub Katuch,0.0536,0.1071,0.5,0.6786,0.3571,0.5556,1,56,9,0.2,4
Jakub Mensik,0.0972,0.0509,0.5674,0.7372,0.472,0.7615,85,5740,868,0.5886,209
Jakub Nicod,0.0584,0.039,0.5635,0.693,0.5052,0.7378,47,3306,511,0.5607,134
Jakub Novak,0.0476,0.0833,0.4643,0.4615,0.4,0.2857,2,84,14,0.1667,10
Jakub Paul,0.0257,0.0263,0.6373,0.6499,0.4946,0.7206,151,10486,1564,0.5957,437
Jakub Wojcik,0.0268,0.0536,0.6071,0.6176,0.4091,0.5714,1,112,14,0.5714,6
James Cerretani,0.0296,0.0739,0.6108,0.5081,0.3924,0.4,4,203,30,0.4857,18
James Davis,0.1231,0.0462,0.6462,0.8095,0.4348,0.8333,1,65,12,0.6667,2
James Duckworth,0.1083,0.0346,0.5609,0.7723,0.5555,0.8596,434,29958,4822,0.658,687
James Frawley,0.0313,0.0741,0.5905,0.6926,0.4586,0.7273,26,1917,286,0.5806,78
James Hignett,0.0074,0.1407,0.5333,0.5972,0.3651,0.4444,2,135,18,0.6,10
James Hopper,0.0417,0.0729,0.5104,0.5918,0.4043,0.4375,2,96,16,0.25,9
James Ibrahim,0.0558,0.1295,0.5478,0.6145,0.4361,0.5915,7,502,71,0.5606,29
James Mackinlay,0.0218,0.1048,0.5633,0.6047,0.5,0.6452,3,229,31,0.6071,11
James Marsalek,0.0425,0.0723,0.5818,0.6405,0.4436,0.62,11,636,100,0.5422,38
James Mccabe,0.1072,0.0345,0.6024,0.7255,0.4806,0.7812,210,15285,2358,0.5975,516
James Mcgee,0.0625,0.0544,0.6078,0.6879,0.4792,0.7297,142,8969,1406,0.5637,380
James Story,0.0851,0.0332,0.6407,0.6517,0.5162,0.7262,16,1116,168,0.578,46
James Tracy,0.0208,0.0375,0.6602,0.6253,0.5031,0.713,19,1439,216,0.5634,62
James Trotter,0.1217,0.0435,0.5997,0.7612,0.5163,0.8469,177,13030,2051,0.6555,319
James Van Deinse,0.0,0.1591,0.4318,0.6316,0.12,0.1429,1,44,7,0.1429,6
James Ward,0.1071,0.0421,0.5906,0.7267,0.508,0.8049,191,13575,2061,0.6346,407
James Watt,0.1389,0.0354,0.6782,0.7538,0.5089,0.86,37,2455,400,0.6111,56
Jamie Davis,0.0104,0.0625,0.5417,0.5577,0.5,0.5625,2,96,16,0.2222,7
Jamie Mackenzie,0.1078,0.0422,0.5906,0.7778,0.4695,0.8039,9,640,102,0.6078,20
Jamie Vance,0.0303,0.1061,0.4848,0.6562,0.2941,0.375,1,66,8,0.5455,5
Jan Choinski,0.0506,0.0231,0.6421,0.6747,0.5162,0.7629,374,26224,4023,0.596,964
Jan Hernych,0.0612,0.0384,0.6148,0.7135,0.5132,0.8164,52,3333,512,0.6083,94
Jan Hrazdil,0.058,0.0967,0.5442,0.7107,0.3636,0.6346,5,362,52,0.5366,19
Jan Jermar,0.0518,0.0474,0.5881,0.6311,0.4332,0.5899,14,908,139,0.5043,57
Jan Klimas,0.0379,0.1276,0.531,0.6234,0.375,0.5,5,290,46,0.5,23
Jan Kobierski,0.0077,0.0385,0.5,0.5231,0.4615,0.4706,2,130,17,0.5,9
Jan Kumstat,0.0716,0.052,0.5005,0.6824,0.442,0.6235,16,1019,162,0.4959,61
Jan Lennard Struff,0.107,0.0457,0.5595,0.7714,0.532,0.8427,199,12673,2002,0.6322,320
Jan Mertl,0.0892,0.0383,0.6054,0.7246,0.4939,0.7889,78,4967,772,0.6236,163
Jan Satral,0.064,0.043,0.5648,0.7028,0.4853,0.748,198,12804,1960,0.6042,494
Jan Sebesta,0.0741,0.0926,0.5,0.7407,0.3333,0.6667,1,54,9,0.5,3
Jan Simon Vrbsky,0.0794,0.0317,0.7143,0.5111,0.5556,0.5556,1,63,9,0.6364,4
Jan Zednik,0.0,0.08,0.58,0.4138,0.2857,0.1429,1,50,7,0.5385,6
Jan Zielinski,0.0563,0.0434,0.6006,0.6636,0.4688,0.6748,15,1084,163,0.576,53
Janez Semrajc,0.0,0.0435,0.5217,0.4167,0.4091,0.2857,1,46,7,0.375,5
Jangjun Kim,0.0461,0.0337,0.6613,0.6783,0.4921,0.7711,8,564,83,0.6607,19
Janis Graski,0.0213,0.0851,0.5106,0.5417,0.2174,0.1667,1,47,6,0.5833,5
Janko Tipsarevic,0.0716,0.0413,0.5346,0.7481,0.5179,0.8065,46,2933,460,0.6114,89
Jannik Maute,0.0952,0.0317,0.6349,0.775,0.3913,0.7,1,63,10,0.4,3
Jannik Opitz,0.1147,0.0709,0.5992,0.7742,0.4148,0.7778,10,776,117,0.6338,26
Jannik Sinner,0.0761,0.0375,0.5647,0.7255,0.5097,0.7737,57,4245,632,0.5866,148
Jannis Liniger,0.05,0.035,0.62,0.7,0.5,0.78,1,0,0,0.58,0
Janos Zibrat,0.0727,0.0727,0.5091,0.6071,0.3333,0.4444,1,55,9,0.2857,5
Jared Donaldson,0.0604,0.0413,0.5363,0.7368,0.5148,0.7879,134,8467,1334,0.5974,283
Jared Hiltzik,0.1021,0.0361,0.5896,0.739,0.4645,0.7734,101,7181,1121,0.5863,254
Jared Pratt,0.055,0.0642,0.5688,0.5161,0.4681,0.5333,1,109,15,0.65,7
Jared Thompkins,0.0179,0.125,0.5179,0.569,0.3889,0.4,2,112,15,0.5714,9
Jarkko Nieminen,0.0542,0.0159,0.6481,0.7102,0.5038,0.7931,11,756,116,0.6522,24
Jarmere Jenkins,0.0381,0.0475,0.607,0.6487,0.4931,0.7037,20,1285,189,0.5659,56
Jarno Jans,0.16,0.08,0.6,0.7333,0.4,0.6667,1,25,3,0.6667,1
Jaroslav Pospisil,0.0375,0.0593,0.5533,0.6604,0.4793,0.6847,54,3577,536,0.5622,169
Jarred Wynan,0.178,0.0678,0.5508,0.6923,0.3774,0.6111,2,118,18,0.5625,7
Jarryd Chaplin,0.0833,0.0788,0.6147,0.696,0.4274,0.7131,25,1573,237,0.5828,68
Jarryd Woog,0.0681,0.0576,0.5916,0.6549,0.4359,0.6429,3,191,28,0.4444,10
Jason Jeremy Hildebrandt,0.0,0.0508,0.5593,0.4848,0.5769,0.5556,1,59,9,0.6,4
Jason Jung,0.0491,0.04,0.6292,0.6877,0.5124,0.7683,448,31110,4756,0.5933,1110
Jason Kros,0.0233,0.0698,0.3953,0.7059,0.3462,0.4286,1,43,7,0.4286,4
Jason Kubler,0.071,0.0547,0.6204,0.718,0.5085,0.7993,251,17291,2686,0.6169,541
Jason Taylor,0.025,0.0979,0.5687,0.5861,0.3671,0.4857,8,480,70,0.5556,36
Jasper Van Vliet,0.0,0.0952,0.5397,0.5882,0.3793,0.4286,1,63,7,0.6923,4
Jassem Al Zeyara,0.0,0.0,0.7742,0.2083,0.2857,0.0,1,31,6,0.25,6
Jasza Szajrych,0.0373,0.0747,0.5128,0.6207,0.4355,0.5833,8,509,72,0.589,30
Jatuporn Nalamphun,0.0,0.1833,0.4667,0.5714,0.25,0.1429,1,60,7,0.5385,6
Jaume Martinez Vich,0.0,0.0351,0.6842,0.6154,0.3333,0.5,1,57,8,0.3333,4
Jaume Munar,0.0394,0.0338,0.6595,0.6878,0.4974,0.7712,292,19719,3060,0.5982,700
Jaume Pla Malfeito,0.015,0.0526,0.6767,0.5806,0.4419,0.5882,16,1064,170,0.4167,70
Javier Barranco Cosano,0.029,0.042,0.6411,0.6399,0.4789,0.6906,257,18056,2705,0.594,842
Javier Ladron De Guevara Hi,0.0,0.0244,0.6585,0.4444,0.5,0.4286,1,41,7,0.3333,4
Javier Marti,0.0154,0.0296,0.6255,0.6148,0.4894,0.6603,37,2395,365,0.5441,124
Javier Molino,0.0,0.0154,0.6615,0.4651,0.5,0.4444,1,65,9,0.4444,5
Javier Naser,0.0133,0.0531,0.6991,0.6013,0.3824,0.5758,4,226,33,0.4815,14
Javier Nunez,0.0,0.0992,0.4656,0.4262,0.3857,0.2381,3,131,21,0.4483,16
Javier Pulgar Garcia,0.0102,0.0459,0.551,0.6389,0.5,0.72,3,196,25,0.75,7
Javier Rodriguez,0.0286,0.0286,0.5714,0.3,0.2667,0.0,1,35,6,0.0,6
Jay Clarke,0.0506,0.0392,0.569,0.6869,0.4971,0.7361,338,23864,3630,0.5739,972
Jay Dylan Hara Friend,0.0665,0.0444,0.6384,0.7011,0.5372,0.8051,20,1488,236,0.6,46
Jaycer Lyeons,0.0197,0.0337,0.6433,0.5284,0.4882,0.5094,5,356,53,0.4902,26
Jayden Court,0.1003,0.0596,0.6216,0.7125,0.4908,0.7838,13,1007,148,0.619,32
Jayesh Pungliya,0.0306,0.0393,0.69,0.6013,0.4225,0.6216,8,458,74,0.5088,28
Jc Aragone,0.0609,0.0492,0.6437,0.6685,0.4865,0.7369,201,14714,2155,0.5985,575
Jea Moon Lee,0.0357,0.0285,0.6191,0.6081,0.4496,0.6127,18,1121,173,0.5109,67
Jean Andersen,0.0923,0.0308,0.6615,0.6512,0.3636,0.6,1,65,10,0.5556,4
Jean Marc Werner,0.0183,0.0642,0.633,0.6232,0.525,0.6875,2,109,16,0.5833,5
Jean Paul Kadangah Kili,0.0189,0.1509,0.434,0.6087,0.3667,0.4286,1,53,7,0.3333,4
Jean Thirouin,0.0489,0.0384,0.6007,0.6492,0.5015,0.7087,11,859,127,0.5795,37
Jean Yves Aubone,0.0478,0.0229,0.6941,0.6749,0.4813,0.7662,6,523,77,0.6087,18
Jeevan Nedunchezhiyan,0.0677,0.0576,0.5669,0.6664,0.4752,0.693,39,2099,329,0.5409,101
Jeff Greenwald,0.0,0.0556,0.5667,0.6078,0.4615,0.6,1,90,10,0.7143,4
Jefferson Wendler Filho,0.0139,0.0726,0.6383,0.5884,0.406,0.5579,10,647,95,0.5333,42
Jeffrey Hsu,0.0208,0.0625,0.6042,0.5862,0.4737,0.5556,1,48,9,0.2,4
Jeffrey Schorsch,0.0403,0.0161,0.5887,0.6164,0.5098,0.7222,2,124,18,0.6154,5
Jeffrey Von Der Schulenburg,0.0325,0.0632,0.6222,0.6429,0.4344,0.6706,7,585,85,0.5758,28
Jelle Sels,0.0638,0.0329,0.5943,0.6887,0.4956,0.7454,330,22782,3476,0.596,890
Jens Janssen,0.0141,0.0423,0.3662,0.5385,0.4222,0.4,1,71,10,0.4545,6
Jenson Brooksby,0.0336,0.0232,0.6678,0.6666,0.5068,0.7516,76,5511,797,0.6378,201
Jeremias Rocco,0.0,0.0577,0.5769,0.6,0.2273,0.3333,1,52,9,0.3333,6
Jeremy Beale,0.0463,0.0527,0.6542,0.6838,0.455,0.7609,18,1252,184,0.6423,44
Jeremy Chardy,0.1209,0.0459,0.6168,0.7782,0.5177,0.8551,59,3896,642,0.6189,93
Jeremy Efferding,0.0361,0.0723,0.5422,0.8444,0.4737,0.8125,1,83,16,0.4,3
Jeremy Gschwendtner,0.0238,0.0476,0.5,0.381,0.2857,0.1429,1,42,7,0.3333,6
Jeremy Jahn,0.0438,0.0468,0.5849,0.6804,0.4994,0.7355,181,12962,1996,0.5897,528
Jeremy Jin,0.0482,0.0376,0.6127,0.6415,0.5323,0.7582,13,1038,153,0.6574,37
Jeremy Schifris,0.0217,0.0471,0.663,0.6038,0.5054,0.7,8,552,80,0.6712,24
Jeremy Zhang,0.0256,0.0684,0.7009,0.6382,0.4952,0.74,4,351,50,0.6579,13
Jeri Lassila,0.0479,0.0753,0.6301,0.6196,0.5,0.7143,2,146,21,0.625,6
Jerko Brkic,0.0476,0.0857,0.6381,0.6418,0.4474,0.6111,2,105,18,0.4615,7
Jeroen Vanneste,0.0437,0.0611,0.577,0.6802,0.4887,0.7176,26,1669,262,0.4932,74
Jerome Inzerillo,0.0,0.0364,0.5818,0.5938,0.5652,0.7,1,55,10,0.5714,3
Jerome Kym,0.1081,0.0349,0.6272,0.746,0.512,0.8165,137,9504,1471,0.6316,273
Jerzy Janowicz,0.1215,0.0466,0.6186,0.7745,0.5117,0.869,90,6287,1008,0.6804,132
Jeson Patrombon,0.0145,0.0145,0.5652,0.641,0.3333,0.5,1,69,8,0.6667,4
Jesper De Jong,0.0657,0.0399,0.6015,0.71,0.4991,0.7759,287,20113,3061,0.6002,700
Jesse Delaney,0.0604,0.0629,0.5863,0.6404,0.462,0.6414,27,1622,251,0.5431,90
Jesse Flores,0.0765,0.0464,0.6535,0.6855,0.4591,0.7416,18,1163,178,0.5856,46
Jesse Huta Galung,0.0823,0.0459,0.5719,0.7084,0.4549,0.7444,30,1787,266,0.5696,68
Jesse Witten,0.0811,0.0475,0.5805,0.6806,0.5249,0.7273,15,863,143,0.4583,39
Jessy Kalambay,0.05,0.035,0.62,0.7,0.5,0.78,1,0,0,0.58,0
Jesus Francisco Felix,0.0,0.0455,0.6818,0.5667,0.1429,0.2857,3,44,7,0.2857,5
Ji Ha Kim,0.0294,0.0784,0.5882,0.5667,0.3333,0.4706,2,102,17,0.25,9
Ji Hoon Son,0.0405,0.0641,0.5777,0.6633,0.4625,0.6923,20,1357,195,0.5833,60
Ji Sung Nam,0.0501,0.0438,0.624,0.6844,0.4763,0.7295,167,11167,1741,0.5651,471
Jia Cheng Zhu,0.0,0.0575,0.5977,0.4423,0.4286,0.3333,3,87,15,0.2857,10
Jia Hu,0.0161,0.0968,0.5323,0.5152,0.4138,0.375,1,62,8,0.5833,5
Jiaji Wang,0.0345,0.0517,0.4828,0.4643,0.5,0.5,1,58,8,0.5,4
Jiajun Zhang,0.0,0.0833,0.6458,0.4839,0.1765,0.0,1,48,6,0.4545,6
Jianhui Li,0.103,0.0498,0.6113,0.7011,0.4615,0.7021,5,301,47,0.5882,14
Jiaqi Duan,0.0291,0.0349,0.5843,0.5373,0.4545,0.5,6,344,52,0.5094,26
Jiayang Dong,0.0062,0.0617,0.6296,0.451,0.4667,0.4167,3,162,24,0.4615,14
Jibril Nettles,0.0616,0.0342,0.5479,0.5875,0.3788,0.5294,2,146,17,0.6,8
Jie Cui,0.0457,0.0356,0.6197,0.6597,0.4961,0.7178,120,8146,1258,0.5329,355
Jiho Lee,0.008,0.096,0.648,0.4568,0.2955,0.3636,3,125,22,0.2222,14
Jimmy Wang,0.044,0.0374,0.6037,0.6778,0.5137,0.7358,84,5049,810,0.5597,214
Jimmy Yang,0.0648,0.0713,0.5767,0.6742,0.398,0.6667,6,463,66,0.5417,22
Jinpeng Tang,0.0538,0.086,0.6129,0.5965,0.3889,0.6364,1,93,11,0.75,4
Jirat Navasirisomboon,0.0185,0.0573,0.6577,0.5692,0.3695,0.4946,11,593,93,0.4268,47
Jirayu Limpathum,0.0196,0.0784,0.4902,0.52,0.4615,0.4286,1,51,7,0.5,4
Jiri Barnat,0.0313,0.0528,0.5616,0.5575,0.442,0.5,8,511,78,0.4091,39
Jiri Cizek,0.0914,0.043,0.5323,0.7071,0.2874,0.5,3,186,26,0.5185,13
Jiri Jenicek,0.029,0.0797,0.5435,0.64,0.3968,0.619,2,138,21,0.5,8
Jiri Lehecka,0.0575,0.031,0.6354,0.701,0.5117,0.7982,130,9476,1422,0.6347,293
Jiri Vesely,0.1288,0.0558,0.6346,0.7605,0.5041,0.8435,238,16918,2677,0.6531,425
Jisung Nam,0.0571,0.0476,0.6381,0.7687,0.4079,0.8065,3,210,31,0.76,6
Jo-Wilfried Tsonga,0.1345,0.0255,0.64,0.8111,0.5076,0.8802,18,1100,192,0.6462,23
Joan Nadal Vives,0.0255,0.0828,0.5987,0.5213,0.2857,0.3478,3,157,23,0.4444,15
Joan Torres Espinosa,0.0,0.1023,0.5795,0.4902,0.4324,0.4,2,88,15,0.1818,9
Joao Antonio,0.0317,0.0635,0.5397,0.6176,0.3448,0.375,1,63,8,0.5,5
Joao Domingues,0.02,0.0214,0.656,0.6254,0.4966,0.6853,303,21404,3219,0.5611,1020
Joao Eduardo Schiessl,0.0402,0.0328,0.6565,0.653,0.4696,0.7014,48,3261,509,0.5408,152
Joao Fonseca,0.075,0.0307,0.6474,0.7028,0.5395,0.8137,63,4521,671,0.6261,132
Joao Gabriel Velloso,0.0,0.0,0.8235,0.2143,0.3333,0.0,2,34,6,0.4,6
Joao Giannella,0.0256,0.0769,0.5128,0.6,0.3158,0.4286,1,39,7,0.4286,4
Joao Graa,0.0433,0.0253,0.5632,0.6282,0.3967,0.5682,5,277,44,0.3871,19
Joao Lucas Reis Da Silva,0.0337,0.032,0.635,0.6553,0.4952,0.716,244,17351,2651,0.5759,757
Joao Luiz Carvalho,0.0238,0.3095,0.3095,0.6923,0.2414,0.1667,1,42,6,0.2857,5
Joao Marcos Nusdeo,0.0085,0.0809,0.617,0.6138,0.3444,0.5278,4,235,36,0.5143,17
Joao Menezes,0.0451,0.0294,0.6662,0.6571,0.5176,0.7376,183,13021,1963,0.579,530
Joao Monteiro,0.0292,0.0304,0.621,0.6075,0.489,0.6426,22,1678,249,0.5482,89
Joao Pedro Alcantara,0.0,0.093,0.5581,0.5,0.4211,0.5,1,43,8,0.4286,4
Joao Pedro Didoni Bonini,0.0068,0.0541,0.5405,0.65,0.4265,0.6522,2,148,23,0.5,8
Joao Pedro Gomes Leme,0.1579,0.0526,0.4737,0.8148,0.4,0.7778,1,57,9,0.6667,2
Joao Pedro Sorgi,0.0505,0.0432,0.6102,0.6821,0.5023,0.7404,119,8273,1279,0.5738,332
Joao Portugal,0.0,0.1042,0.7083,0.4706,0.1429,0.1429,1,48,7,0.25,6
Joao Silva,0.027,0.0674,0.5633,0.5789,0.4198,0.5185,6,371,54,0.5094,26
Joao Sousa,0.0471,0.0249,0.6252,0.71,0.5152,0.7979,143,10622,1643,0.6258,336
Joao Souza,0.0758,0.0336,0.627,0.7178,0.5201,0.8154,202,13929,2161,0.6402,399
Joao Victor Couto Loureiro,0.057,0.0796,0.5972,0.6392,0.4496,0.6545,18,1281,191,0.551,66
Joao Vitor Goncalves Ceolin,0.0486,0.0685,0.5784,0.6573,0.4744,0.6786,8,555,84,0.5645,27
Joao Vitor Prado Festa,0.0115,0.0345,0.5747,0.54,0.4865,0.5625,2,87,16,0.2222,7
Joao Vitor Scramin Do Lago,0.0041,0.1176,0.6065,0.5819,0.3454,0.5132,8,493,76,0.4789,37
Joao Walendowsky,0.0175,0.0789,0.386,0.8864,0.5857,0.8421,2,114,19,0.7273,3
Joaquim Almeida,0.023,0.046,0.5747,0.44,0.3514,0.3125,2,87,16,0.3529,11
Joaquin  Aguilar Cardozo,0.0122,0.0319,0.6249,0.6272,0.4913,0.6742,30,2133,310,0.6008,101
Joaquin Caballer,0.0392,0.0196,0.6471,0.5152,0.3333,0.375,1,51,8,0.2857,5
Joaquin Leon Macchiavello,0.0,0.1429,0.6607,0.4054,0.3684,0.1429,1,56,7,0.5385,6
Jocelyn Devilliers,0.0435,0.087,0.6522,0.6444,0.4583,0.7,1,69,10,0.5714,3
Joe Salisbury,0.0761,0.0531,0.6214,0.6913,0.4756,0.7303,25,1788,267,0.5636,72
Joel Cannell,0.0306,0.0306,0.7245,0.6197,0.5926,0.8571,1,98,14,0.7778,2
Joel Kielbowicz,0.0909,0.0182,0.6545,0.5,0.5263,0.5556,1,55,9,0.5,4
Joel Meda,0.02,0.0,0.6667,0.63,0.48,0.6522,2,150,23,0.3846,8
Joel Popov,0.0122,0.0366,0.6585,0.5926,0.5357,0.6154,1,82,13,0.4444,5
Joel Schwaerzler,0.0609,0.0344,0.6163,0.696,0.5164,0.7784,112,7959,1223,0.6288,271
Joel Vincent Link,0.0388,0.0862,0.5,0.5862,0.431,0.5,4,232,32,0.5676,16
Joffrey De Schepper,0.0743,0.038,0.6206,0.6978,0.4374,0.7356,17,1157,174,0.6034,46
Johan Alexander Rodriguez Rodriguez,0.0407,0.0447,0.6206,0.6685,0.4713,0.7216,24,1745,255,0.6034,71
Johan Brunstrom,0.1293,0.0948,0.4483,0.8654,0.5469,0.8095,2,116,21,0.4286,4
Johan Nikles,0.0157,0.0384,0.646,0.5982,0.4687,0.6351,108,7859,1151,0.5518,420
Johan Sebastien Tatlot,0.0409,0.0598,0.615,0.6624,0.4631,0.6852,86,5602,864,0.5382,272
Johann Willems,0.0443,0.0823,0.462,0.6712,0.3529,0.5217,2,158,23,0.4211,11
Johannes Haerteis,0.0587,0.0613,0.6145,0.6935,0.4636,0.737,152,10911,1650,0.6076,434
Johannes Ingildsen,0.0225,0.0585,0.5927,0.6054,0.4319,0.6164,34,2001,292,0.5502,112
Johannes Schretter,0.0417,0.125,0.5,0.5833,0.25,0.1429,1,48,7,0.25,6
Johannus Monday,0.0832,0.0361,0.6596,0.7336,0.5468,0.8491,80,5840,928,0.6371,143
John Bernard,0.0492,0.0164,0.5738,0.6,0.6923,0.8,1,61,10,0.75,2
John Echeverria,0.0395,0.0406,0.5601,0.6485,0.4817,0.6605,26,1798,271,0.5556,92
John Hallquist Lithen,0.0244,0.0537,0.6195,0.6063,0.4359,0.6364,3,205,33,0.52,12
John Lamble,0.0369,0.0573,0.6035,0.6506,0.473,0.675,18,1029,160,0.5806,52
John Mcnally,0.0941,0.0386,0.6203,0.7068,0.4812,0.7699,32,2381,365,0.6093,84
John Millman,0.0545,0.0226,0.6177,0.7036,0.544,0.7989,168,10573,1681,0.6028,338
John Moncada Salazar,0.0109,0.0326,0.5326,0.7347,0.3953,0.6429,1,92,14,0.4444,5
John Patrick Smith,0.0769,0.0258,0.6799,0.7031,0.5129,0.8083,283,18871,2916,0.6466,563
John Paul Fruttero,0.0773,0.048,0.576,0.6944,0.4465,0.717,5,375,53,0.625,15
John Sperle,0.0262,0.0231,0.6453,0.6267,0.4818,0.6823,34,2557,384,0.5271,122
Jonah Braswell,0.027,0.0541,0.6847,0.6447,0.4571,0.75,1,111,16,0.6364,4
Jonas Ciechi,0.0206,0.1959,0.5464,0.4906,0.25,0.1429,2,97,14,0.2941,12
Jonas Eriksson Ziverts,0.1015,0.066,0.6168,0.7407,0.4702,0.8095,6,394,63,0.6667,12
Jonas Forejtek,0.0605,0.0226,0.6351,0.7014,0.5057,0.7843,233,16880,2624,0.6042,566
Jonas Greif,0.0351,0.0526,0.614,0.6571,0.3182,0.5,1,57,8,0.4286,4
Jonas Gundacker,0.0154,0.0615,0.4769,0.6452,0.3824,0.5,1,65,8,0.5,4
Jonas Kucera,0.0156,0.0885,0.5625,0.5741,0.4405,0.5556,3,192,27,0.52,12
Jonas Luetjen,0.0719,0.0473,0.6415,0.7145,0.5086,0.7845,18,1141,181,0.6214,39
Jonas Merckx,0.0417,0.0958,0.5292,0.6535,0.4248,0.6286,3,240,35,0.5517,13
Jonas Schaer,0.0471,0.0706,0.6,0.7451,0.4118,0.7692,1,85,13,0.625,3
Jonas Trinker,0.0758,0.0909,0.5455,0.6944,0.3333,0.5556,1,66,9,0.6667,4
Jonathan Bejar,0.0476,0.1429,0.4286,0.5556,0.25,0.2857,1,42,7,0.2857,5
Jonathan Binding,0.0488,0.0854,0.5427,0.6629,0.48,0.6667,2,164,24,0.6,8
Jonathan Chang,0.0152,0.0361,0.597,0.5828,0.4151,0.5641,8,526,78,0.5,34
Jonathan Eysseric,0.06,0.05,0.5736,0.6747,0.4595,0.6873,144,9514,1455,0.5608,455
Jonathan Gray,0.0339,0.0199,0.7012,0.6392,0.4333,0.6711,7,502,76,0.569,25
Jonathan Hilaire,0.0192,0.0337,0.5361,0.6143,0.4456,0.569,5,416,58,0.5614,25
Jonathan Ho,0.0357,0.0833,0.4762,0.65,0.4205,0.6154,5,168,26,0.4737,10
Jonathan Kanar,0.0318,0.0655,0.6109,0.6478,0.4375,0.6442,16,1069,163,0.5397,58
Jonathan Mridha,0.059,0.0356,0.6163,0.6743,0.5143,0.7395,53,3542,549,0.5731,143
Jonathan Sorbo,0.0,0.1167,0.4,0.4583,0.3056,0.1429,1,60,7,0.5714,6
Jonny Omara,0.0824,0.073,0.5743,0.76,0.4952,0.8034,12,740,117,0.6515,23
Joran Vliegen,0.0629,0.0286,0.6571,0.6435,0.4667,0.6923,3,175,26,0.6,8
Jordan Correia Passos Do Carmo,0.02,0.0621,0.592,0.5543,0.3533,0.4667,9,451,75,0.3651,40
Jordan Iturra,0.0,0.0084,0.7227,0.5233,0.4848,0.5,2,119,18,0.4,9
Jordan Parker,0.0729,0.085,0.5547,0.7007,0.3909,0.6216,4,247,37,0.4815,14
Jordan Sauer,0.0,0.0222,0.6444,0.5172,0.3125,0.2857,1,45,7,0.375,5
Jordan Smith,0.0638,0.0496,0.5745,0.6667,0.4167,0.6364,2,141,22,0.5294,8
Jordan Thompson,0.0755,0.026,0.6341,0.7235,0.5304,0.8203,307,19753,3167,0.6171,569
Jordi Arconada,0.0462,0.0501,0.5888,0.6575,0.4937,0.693,21,1537,228,0.5732,70
Jordi Garcia Mestre,0.0,0.1136,0.5682,0.52,0.2632,0.2857,1,44,7,0.4444,5
Jordi Munoz Abreu,0.0364,0.0691,0.5727,0.6095,0.4894,0.6386,8,550,83,0.5588,30
Jordi Samper Montana,0.0336,0.0396,0.6207,0.6441,0.4525,0.6583,131,8374,1276,0.5337,436
Jorge Abde Celis,0.0294,0.1324,0.4853,0.697,0.2857,0.5,1,68,10,0.1667,5
Jorge Aguilar,0.0769,0.0769,0.6154,0.8542,0.4,0.9091,1,78,11,0.75,1
Jorge Blanco Guadalupe,0.0479,0.0616,0.5377,0.7197,0.563,0.7826,4,292,46,0.6552,10
Jorge Brian Panta Herreros,0.0446,0.0283,0.5663,0.6723,0.4478,0.6701,63,4418,670,0.5499,221
Jorge Enrique Gonzalez Aramburu,0.0,0.2093,0.4651,0.55,0.2609,0.2857,1,43,7,0.2857,5
Jorge Hernando Ruano,0.0781,0.042,0.5796,0.715,0.4429,0.7091,6,333,55,0.4667,16
Jorge Martinez Martinez,0.02,0.04,0.6267,0.5957,0.4464,0.6087,3,150,23,0.4,9
Jorge Montero,0.0417,0.0492,0.5741,0.6877,0.4917,0.7508,31,1991,301,0.5989,75
Jorge Plans,0.0148,0.0444,0.5852,0.557,0.4107,0.5217,2,135,23,0.1538,11
Joris De Loore,0.1056,0.0354,0.6223,0.7482,0.5114,0.8168,289,19869,3116,0.614,574
Jose Antonio Dugo Reyes,0.0301,0.0451,0.7143,0.5789,0.4737,0.5909,2,133,22,0.3077,9
Jose Antonio Rodriguez Rodriguez,0.0426,0.141,0.5051,0.6453,0.3709,0.505,11,681,101,0.4792,50
Jose Chamba Gomez,0.0566,0.0566,0.6038,0.6562,0.4286,0.625,1,53,8,0.5714,3
Jose Checa Calvo,0.0372,0.0372,0.5709,0.6036,0.4173,0.5897,5,296,39,0.6364,16
Jose Daniel Bendeck,0.0356,0.0921,0.5042,0.5643,0.4008,0.4722,9,478,72,0.5476,38
Jose Dominguez Alonso,0.0,0.0952,0.6429,0.3704,0.4,0.1667,1,42,6,0.375,5
Jose Fco Vidal Azorin,0.0137,0.0354,0.7248,0.6015,0.4522,0.6463,27,1977,294,0.5556,104
Jose Fernandez,0.0,0.1509,0.434,0.6522,0.3333,0.5,1,53,8,0.5,4
Jose Fernando Carvajal Torres,0.0279,0.103,0.5288,0.5677,0.3963,0.4884,11,573,86,0.45,44
Jose Freitas,0.0,0.0698,0.6047,0.2692,0.2941,0.0,1,43,7,0.4167,7
Jose Garcia,0.0488,0.0,0.6341,0.4615,0.4,0.375,1,41,8,0.1667,5
Jose Gilbert Gomez,0.0,0.1528,0.5972,0.3488,0.2759,0.2143,2,72,14,0.1538,11
Jose Hernandez,0.0267,0.0354,0.6801,0.6447,0.4903,0.7156,244,17170,2620,0.5709,745
Jose Juarez Caro,0.027,0.0991,0.5856,0.5385,0.4348,0.5,2,111,16,0.5789,8
Jose Olivares,0.0765,0.0416,0.6021,0.7203,0.4769,0.7622,16,1033,164,0.5667,39
Jose Pablo Andres Gomez,0.0208,0.1458,0.4792,0.4783,0.24,0.0,1,48,7,0.3636,7
Jose Pereira,0.0343,0.0255,0.6896,0.6371,0.5092,0.7068,157,10281,1603,0.562,470
Jose Rene Mejia,0.1067,0.16,0.4133,0.6774,0.4318,0.6667,2,75,9,0.7,3
Jose Ricardo Nunes,0.0,0.0541,0.4775,0.6415,0.431,0.5714,1,111,14,0.6,6
Jose Rubin Statham,0.0732,0.0402,0.6223,0.699,0.5114,0.7695,203,14181,2208,0.5818,509
Joseph Huber,0.0,0.0,0.6562,0.619,0.3636,0.5556,1,64,9,0.6923,4
Josh Hagar Hagar,0.05,0.05,0.5083,0.6475,0.4576,0.6286,3,240,35,0.5806,13
Joshua Charlton,0.1018,0.0221,0.6975,0.7139,0.5115,0.8199,23,1719,272,0.6288,49
Joshua Dous Karpenschif,0.0435,0.1304,0.4565,0.6667,0.22,0.2857,2,92,14,0.4444,10
Joshua Lapadat,0.0345,0.0835,0.5699,0.6369,0.4388,0.6023,10,551,88,0.507,35
Joshua Milton,0.0382,0.0486,0.5604,0.6638,0.4799,0.6934,46,2882,437,0.5395,134
Joshua Muhire,0.0072,0.0791,0.6475,0.5222,0.2041,0.25,3,139,20,0.4231,15
Joshua Oxley,0.0,0.2581,0.5161,0.3125,0.0667,0.0,1,31,6,0.25,6
Joshua Paris,0.0586,0.0338,0.6396,0.6937,0.45,0.7246,6,444,69,0.5128,19
Joshua Peck,0.1068,0.0694,0.5892,0.7514,0.4531,0.7746,13,908,142,0.6322,32
Joshua Rose,0.1,0.0714,0.6143,0.6047,0.3704,0.5556,1,70,9,0.6364,4
Joshua Sapwell,0.0934,0.0275,0.5714,0.7308,0.5385,0.7857,2,182,28,0.625,6
Joshua Sheehy,0.0904,0.0527,0.5718,0.6987,0.5192,0.7751,67,4876,738,0.6415,166
Josip Simundza,0.0614,0.0371,0.5652,0.6403,0.4324,0.6033,12,782,121,0.5826,48
Jossting Cruz,0.0175,0.0877,0.6316,0.6111,0.1905,0.375,1,57,8,0.1667,5
Joy Vigani,0.1205,0.0361,0.6024,0.8,0.5758,0.8571,1,83,14,0.6667,2
Jozef Kovalik,0.0414,0.0336,0.5949,0.6871,0.5219,0.7623,523,35961,5524,0.5927,1320
Ju Hae Moon,0.0833,0.1042,0.7083,0.7059,0.3571,0.6667,1,48,9,0.0,3
Juan Alejandro Hernandez Serrano,0.0185,0.0439,0.6618,0.6308,0.4776,0.6808,86,5950,896,0.5693,286
Juan Bautista Otegui,0.0353,0.0873,0.5869,0.6521,0.4279,0.6523,61,4481,650,0.5752,226
Juan Bautista Torres,0.0164,0.0336,0.6571,0.628,0.485,0.6762,246,16843,2588,0.5423,838
Juan Carlos Aguilar,0.0309,0.0563,0.5909,0.6192,0.5045,0.654,50,3266,500,0.5349,173
Juan Carlos Garcia Garcia,0.0182,0.0182,0.5636,0.5161,0.5,0.5556,1,55,9,0.4286,4
Juan Carlos Manuel Aguilar,0.0148,0.0815,0.6519,0.5455,0.383,0.4737,2,135,19,0.5652,10
Juan Carlos Prado Angelo,0.0264,0.0325,0.5976,0.6349,0.4937,0.6839,150,11004,1648,0.5614,521
Juan Carlos Saez,0.0228,0.0396,0.6386,0.5915,0.4466,0.5921,34,2020,304,0.5137,124
Juan Cruz Estevarena,0.0,0.0526,0.4474,0.4118,0.2381,0.1429,1,38,7,0.25,6
Juan Cruz Martin Manzano,0.04,0.0653,0.6505,0.6214,0.4759,0.6712,7,475,73,0.5472,24
Juan Diego Rojas,0.0,0.0455,0.6136,0.3704,0.4706,0.1667,1,44,6,0.375,5
Juan Erro,0.0,0.05,0.6,0.5417,0.3125,0.4286,1,40,7,0.2,4
Juan Esteban Trujillo Hernandez,0.0,0.0982,0.6339,0.5634,0.3659,0.5789,2,112,19,0.3333,8
Juan Estevez,0.0173,0.0361,0.6402,0.6087,0.4477,0.6125,29,1912,289,0.5484,112
Juan Ignacio Ameal,0.0265,0.031,0.6416,0.6897,0.5185,0.7838,3,226,37,0.5294,8
Juan Ignacio Batalla,0.0065,0.0484,0.5935,0.6413,0.3968,0.5952,4,310,42,0.6222,17
Juan Ignacio Batalla Diez,0.0227,0.1477,0.5795,0.6078,0.3514,0.5,1,88,12,0.6,6
Juan Ignacio Centurion Delvalle,0.0,0.0377,0.5472,0.4138,0.5417,0.3333,1,53,9,0.5385,6
Juan Ignacio Galarza,0.0429,0.0458,0.6203,0.6754,0.4755,0.7208,88,6247,967,0.568,270
Juan Ignacio Iliev,0.0373,0.0075,0.6194,0.5783,0.4314,0.5714,2,134,21,0.5263,9
Juan Ignacio Londero,0.0387,0.043,0.5853,0.6906,0.5205,0.7674,328,21487,3323,0.606,781
Juan Jose Bianchi,0.093,0.093,0.5633,0.656,0.4024,0.6491,5,387,57,0.6296,20
Juan Jose Mateus Rubiano,0.05,0.035,0.62,0.7,0.5,0.78,1,0,0,0.58,0
Juan Jose Priego Carrilo,0.0175,0.0877,0.5439,0.4194,0.5,0.375,1,57,8,0.5455,5
Juan Lizariturry,0.0353,0.0436,0.6037,0.6529,0.4241,0.6389,8,482,72,0.5873,26
Juan Manuel Benitez Chavarriaga,0.031,0.0475,0.6426,0.6334,0.474,0.6912,6,484,68,0.6379,21
Juan Manuel Cerundolo,0.0291,0.0351,0.6503,0.6421,0.5058,0.7158,319,21809,3322,0.5634,947
Juan Manuel La Serna,0.0215,0.0448,0.6821,0.6095,0.4623,0.6487,56,4130,612,0.5841,215
Juan Manuel Lopez,0.0257,0.0563,0.6174,0.5885,0.437,0.5714,11,622,98,0.3913,42
Juan Manuel Matute,0.0441,0.0382,0.4441,0.5232,0.4709,0.4906,6,340,53,0.413,27
Juan Martin,0.0192,0.0577,0.6154,0.5312,0.45,0.5,1,52,8,0.6,4
Juan Martin Fumeaux,0.0061,0.0793,0.5732,0.5745,0.3286,0.4167,3,164,24,0.5333,14
Juan Miguel Bolivar Idarraga,0.0,0.0213,0.766,0.5278,0.2727,0.375,1,47,8,0.375,5
Juan Miguel Jaramillo,0.0385,0.0962,0.4615,0.5417,0.25,0.25,1,52,8,0.25,6
Juan Montes,0.0166,0.0828,0.6046,0.5651,0.4084,0.4935,10,483,77,0.4658,39
Juan Pablo Becker,0.0625,0.1458,0.5417,0.5385,0.3182,0.375,1,48,8,0.5,5
Juan Pablo Canas Garcia,0.0148,0.0394,0.6552,0.5639,0.3286,0.4483,4,203,29,0.5152,16
Juan Pablo Ficovich,0.0585,0.0317,0.6073,0.6897,0.5075,0.7589,415,29518,4538,0.602,1108
Juan Pablo Grassi Mazzuchi,0.0303,0.0303,0.5303,0.6,0.5806,0.7273,1,66,11,0.4,3
Juan Pablo Paz,0.0511,0.0404,0.5878,0.6809,0.4909,0.7299,144,9212,1433,0.5747,387
Juan Pablo Rodas,0.0353,0.0706,0.5647,0.5625,0.5946,0.6429,1,85,14,0.5,5
Juan Pablo Varillas,0.0516,0.0291,0.5825,0.6978,0.5129,0.759,396,26800,4195,0.5818,1018
Juan Sebastian Cabal,0.0,0.0536,0.6607,0.5405,0.4211,0.5556,1,56,9,0.5556,4
Juan Sebastian Gomez,0.0243,0.0632,0.6496,0.6125,0.4293,0.617,96,6381,953,0.529,365
Juan Sebastian Osorio,0.0362,0.0428,0.6334,0.6522,0.4576,0.6735,27,1961,291,0.574,95
Jui Chen Hung,0.0279,0.0364,0.6691,0.5851,0.4615,0.6129,13,825,124,0.52,48
Jules Marie,0.0473,0.0321,0.6731,0.6593,0.4682,0.7169,105,7351,1127,0.5857,319
Jules Okala,0.0541,0.0541,0.6551,0.6376,0.427,0.6442,21,1331,208,0.4897,74
Julian Allen Childers,0.025,0.0625,0.525,0.5714,0.3421,0.4,1,80,10,0.4545,6
Julian Bradley,0.0276,0.0616,0.569,0.6045,0.4532,0.597,7,471,67,0.5714,27
Julian Busch,0.0093,0.0374,0.5607,0.6,0.5532,0.6,1,107,15,0.5714,6
Julian Cash,0.1044,0.0221,0.6412,0.7385,0.4795,0.8113,9,680,106,0.5745,20
Julian Cundom,0.011,0.0239,0.7853,0.5631,0.4103,0.5584,7,545,77,0.575,34
Julian Gimenez,0.0,0.0625,0.7125,0.614,0.3913,0.6667,2,80,12,0.3333,4
Julian Lenz,0.0709,0.0545,0.6013,0.7019,0.4759,0.748,177,12760,1972,0.5602,497
Julian Ocleppo,0.0687,0.045,0.6082,0.6767,0.4869,0.7313,113,7785,1202,0.5593,323
Julian Onken,0.0312,0.0339,0.6042,0.6078,0.4934,0.6897,6,384,58,0.4375,18
Julian Reister,0.0129,0.0396,0.8029,0.6057,0.4964,0.684,29,1390,212,0.5442,67
Julian Zlobinsky,0.0676,0.0633,0.5165,0.6964,0.4673,0.7,8,695,100,0.6154,30
Julien Benneteau,0.1074,0.0403,0.617,0.7463,0.5062,0.8159,66,4415,706,0.6496,130
Julien Cagnina,0.0388,0.0699,0.6047,0.6438,0.4498,0.6637,34,2317,339,0.5598,114
Julien De Cuyper,0.0382,0.0557,0.5701,0.5559,0.4407,0.5106,10,628,94,0.5208,46
Julien Delaplane,0.0806,0.129,0.5161,0.5625,0.3333,0.4,1,62,10,0.25,6
Julien Dubail,0.0842,0.0467,0.5788,0.6962,0.4652,0.7086,16,1092,175,0.5364,51
Julien Eon,0.1018,0.0689,0.5539,0.6703,0.3758,0.6,4,334,45,0.6327,18
Julien Mathieu,0.05,0.035,0.62,0.7,0.5,0.78,1,0,0,0.58,0
Julien Obry,0.0467,0.0267,0.6,0.6111,0.4667,0.5909,2,150,22,0.55,9
Julio Cesar Porras,0.0211,0.0211,0.6747,0.6071,0.4769,0.6316,9,664,95,0.5679,35
Julio Peralta,0.0296,0.037,0.6444,0.6552,0.4583,0.6957,2,135,23,0.5,7
Julius Tverijonas,0.0174,0.0522,0.6522,0.5733,0.4,0.5,2,115,20,0.4444,10
Jumpei Yamasaki,0.0528,0.0208,0.6452,0.6484,0.4712,0.6783,40,2596,401,0.5905,129
Jun Ha Hyun,0.0208,0.0417,0.6042,0.5517,0.4737,0.5,1,48,8,0.3333,4
Jun Nan Tao,0.0363,0.0777,0.5907,0.5702,0.4937,0.5333,3,193,30,0.44,14
Jun Sang Park,0.0238,0.0476,0.4048,0.4118,0.28,0.1429,1,42,7,0.5,6
Juncheng Shang,0.0405,0.0359,0.6429,0.6918,0.5274,0.7919,119,9201,1389,0.6124,295
Jung Woong Na,0.0155,0.0416,0.6834,0.6204,0.4526,0.6604,14,1033,159,0.5345,54
Junghee You,0.0824,0.0824,0.5588,0.6316,0.4533,0.6667,2,170,24,0.5789,8
Junior Hakizumwami,0.0341,0.0795,0.5227,0.4565,0.2857,0.2143,2,88,14,0.45,11
Junior Ore,0.0899,0.0955,0.573,0.6275,0.5,0.6071,3,178,28,0.45,11
Junior Tavarez Pichardo,0.033,0.0549,0.5055,0.6957,0.4222,0.7,1,91,10,0.7692,3
Jurabek Karimov,0.0628,0.0623,0.5739,0.6612,0.477,0.6742,30,2037,310,0.5049,101
Juraj Simcak,0.0,0.044,0.6923,0.4921,0.4643,0.4615,1,91,13,0.5,7
Jurgen Briand,0.0684,0.0394,0.5562,0.7026,0.5118,0.7461,39,2866,453,0.5741,115
Jurgen Melzer,0.0539,0.0383,0.6367,0.6869,0.4972,0.7665,90,4932,758,0.6026,180
Jurgen Zopp,0.0706,0.0336,0.6024,0.7096,0.524,0.7853,217,13719,2138,0.5958,464
Jurij Rodionov,0.0727,0.0381,0.6072,0.7066,0.497,0.7812,471,35032,5330,0.6199,1187
Justin Barki,0.0651,0.0586,0.5505,0.7041,0.471,0.6875,5,307,48,0.5455,15
Justin Boulais,0.0498,0.0567,0.6299,0.667,0.4846,0.718,89,6045,915,0.5905,258
Justin Engel,0.0782,0.0439,0.6037,0.7056,0.485,0.7605,84,6290,948,0.6163,231
Justin Lyons,0.0,0.037,0.6296,0.4706,0.4,0.2857,1,54,7,0.375,5
Justin Roberts,0.0587,0.0492,0.6335,0.6966,0.509,0.7697,15,1056,165,0.5824,38
Justin S Shane,0.1122,0.0634,0.5951,0.7213,0.3976,0.7333,3,205,30,0.6364,8
Justin Schlageter,0.1333,0.0667,0.4667,0.7143,0.625,0.9091,1,75,11,0.8333,1
Kacper Knitter,0.0082,0.0412,0.6996,0.5471,0.3425,0.4412,4,243,34,0.525,19
Kacper Szymkowiak,0.069,0.0345,0.6782,0.7458,0.4643,0.8,1,87,15,0.5,3
Kacper Zuk,0.0753,0.031,0.5934,0.7195,0.5289,0.7925,169,11595,1836,0.5906,384
Kaetan Mehta,0.0217,0.1304,0.4348,0.6,0.3846,0.5,1,46,8,0.3333,4
Kai Breitbach,0.0234,0.0964,0.5833,0.6295,0.3937,0.5789,6,384,57,0.4146,24
Kai I Wang,0.0694,0.0751,0.5549,0.6875,0.4805,0.6897,3,173,29,0.3571,9
Kai Lemstra,0.0316,0.0565,0.598,0.6389,0.4711,0.6818,9,602,88,0.5692,28
Kai Thompson,0.0385,0.0769,0.6346,0.5455,0.4211,0.5,1,52,8,0.4286,4
Kai Wehnelt,0.077,0.0498,0.5681,0.702,0.4676,0.7382,56,4040,615,0.5818,161
Kaichi Uchida,0.0675,0.0432,0.5753,0.7118,0.4887,0.7556,405,28342,4369,0.6028,1074
Kaito Itsusaki,0.0436,0.0067,0.5705,0.6294,0.4219,0.5455,5,298,44,0.4872,20
Kaito Uesugi,0.0495,0.043,0.6084,0.652,0.4677,0.678,59,3958,615,0.4975,198
Kalin Ivanovski,0.0717,0.0373,0.599,0.7122,0.4701,0.7636,49,3835,588,0.5643,139
Kamen Damov,0.025,0.05,0.475,0.4211,0.2381,0.1429,1,40,7,0.25,6
Kamil Gajewski,0.1121,0.1028,0.4486,0.6458,0.4068,0.5882,2,107,17,0.5333,7
Kamil Majchrzak,0.0648,0.0293,0.5963,0.7141,0.5216,0.7953,388,26712,4069,0.6197,853
Kanju Furusho,0.0702,0.0175,0.6667,0.6579,0.5789,0.7778,1,57,9,0.75,2
Karan Singh,0.0672,0.0429,0.5752,0.6754,0.5032,0.7404,44,3331,497,0.6126,129
Kareem Allaf,0.0529,0.0265,0.5503,0.6538,0.5529,0.7188,3,189,32,0.4375,9
Karen Khachanov,0.0889,0.039,0.5784,0.7382,0.5183,0.8038,102,6288,999,0.5967,196
Karim Bennani,0.0356,0.0444,0.5822,0.6718,0.5213,0.7297,7,450,74,0.4872,20
Karim Mohamed Maamoun,0.0334,0.0438,0.6241,0.6602,0.4767,0.6999,67,4677,713,0.5659,214
Karl Friberg,0.0375,0.0242,0.6265,0.6452,0.4822,0.6906,54,3842,572,0.5755,177
Karl Kiur Saar,0.0264,0.0302,0.5547,0.6122,0.5169,0.641,3,265,39,0.4167,14
Karl Poling,0.0309,0.0424,0.6357,0.6689,0.5037,0.7384,57,4076,627,0.558,164
Karlis Ozolins,0.1041,0.0551,0.5939,0.756,0.4121,0.7733,7,490,75,0.575,17
Karlo Cubelic,0.012,0.0361,0.6265,0.6154,0.3871,0.5385,1,83,13,0.4,6
Karlo Kajin,0.0,0.0364,0.4727,0.5769,0.4483,0.5,1,55,8,0.6,4
Karol Drzewiecki,0.0762,0.0567,0.6362,0.6785,0.4316,0.7147,37,2611,389,0.5889,111
Karol Filar,0.0324,0.0378,0.5946,0.5909,0.3467,0.4333,3,185,30,0.32,17
Karol Paluch,0.0,0.0172,0.6379,0.4595,0.3333,0.2857,1,58,7,0.375,5
Karue Sell,0.0574,0.0372,0.5858,0.7027,0.519,0.7814,87,5908,924,0.6031,202
Karunuday Singh,0.0417,0.0508,0.5111,0.6582,0.488,0.6581,10,767,117,0.5833,40
Kasidit Samrej,0.0773,0.0532,0.5856,0.7102,0.4843,0.768,86,6317,957,0.6373,222
Kasra Rahmani,0.125,0.0341,0.6364,0.8393,0.4688,0.7647,2,88,17,0.5,4
Kaua Lorenzo Santos Gava,0.0,0.0408,0.5918,0.4828,0.2,0.1429,1,49,7,0.3333,6
Kaue Noatto,0.0588,0.0784,0.4314,0.6364,0.3793,0.4286,1,51,7,0.5,4
Kaya Arinc,0.0244,0.122,0.6098,0.62,0.1875,0.4,1,82,10,0.5385,6
Kaylan Bigun,0.0554,0.0627,0.5722,0.6603,0.451,0.6635,41,2742,422,0.5329,142
Kaysar Bekimov,0.0484,0.0484,0.5806,0.5556,0.3846,0.375,1,62,8,0.5,5
Kaza Vinayak Sharma,0.0695,0.0354,0.5898,0.7311,0.4696,0.7417,16,763,120,0.5571,31
Kazuki Nishiwaki,0.0588,0.0454,0.5763,0.6691,0.4477,0.6824,15,970,148,0.5437,47
Kazuma Kawachi,0.0174,0.0349,0.655,0.6065,0.4775,0.6279,9,516,86,0.4483,32
Keanu Ellen,0.0,0.2222,0.4167,0.4667,0.1905,0.0,1,36,6,0.25,6
Keaton Hance,0.0,0.0822,0.5753,0.6905,0.4516,0.7273,1,73,11,0.6667,3
Keegan Rice,0.0404,0.0507,0.5905,0.6602,0.4338,0.6615,12,867,130,0.5269,44
Keegan Smith,0.0964,0.0391,0.7027,0.7103,0.5091,0.817,172,12031,1896,0.634,347
Keelan Oakley,0.0385,0.0769,0.5769,0.6222,0.4394,0.6087,2,156,23,0.5,9
Keenan Mayo,0.0707,0.0728,0.5641,0.6953,0.3975,0.6574,20,1443,216,0.5488,74
Keerthivassan Suresh,0.0299,0.0373,0.6269,0.5952,0.46,0.6316,2,134,19,0.5882,7
Kei Nishikori,0.0338,0.0326,0.621,0.6848,0.539,0.7902,48,3280,510,0.6179,107
Keisuke Numajiri,0.0,0.1042,0.6042,0.4828,0.3684,0.2857,1,48,7,0.4444,5
Keisuke Saitoh,0.0124,0.0254,0.6559,0.6115,0.503,0.6712,25,1456,219,0.5636,72
Keisuke Watanuki,0.0741,0.0185,0.6111,0.7273,0.4762,0.7778,1,54,9,0.3333,2
Keith Patrick Crowley,0.0236,0.063,0.5197,0.697,0.4754,0.7,2,127,20,0.5385,6
Keith R Whittingham,0.0,0.0735,0.4118,0.5357,0.425,0.4444,1,68,9,0.6429,5
Keivon Tabrizi,0.0222,0.1333,0.4889,0.5909,0.2609,0.375,2,45,8,0.2857,5
Kelsey Stevenson,0.0371,0.0381,0.6263,0.6437,0.4571,0.6972,32,1967,284,0.6019,86
Ken Cavrak,0.0519,0.0741,0.5185,0.6929,0.4077,0.6053,4,270,38,0.5588,15
Ken Onishi,0.0351,0.0273,0.6606,0.6299,0.4521,0.6814,12,769,113,0.6289,36
Ken Onoda,0.1071,0.0455,0.5942,0.7322,0.408,0.7115,5,308,52,0.5455,15
Kengo Sasaki,0.0,0.0462,0.6308,0.4634,0.2917,0.125,1,65,8,0.5333,7
Kenneth Raisma,0.0309,0.0684,0.5938,0.6283,0.4511,0.6613,7,453,62,0.625,21
Kenny De Schepper,0.0802,0.0376,0.7053,0.7014,0.4942,0.7951,434,28627,4514,0.6144,930
Kent Tagashira,0.0105,0.0895,0.5105,0.5361,0.2581,0.2222,4,190,27,0.5,21
Kenta Miyoshi,0.079,0.0283,0.5741,0.6909,0.4798,0.7151,32,2153,337,0.5616,96
Kentaro Otsuka,0.0,0.0455,0.5909,0.3846,0.3333,0.1429,2,44,7,0.3333,6
Kento Takeuchi,0.0553,0.0225,0.6226,0.6643,0.5084,0.7264,72,4717,720,0.5947,197
Kento Tanaka Tamaki,0.0156,0.0547,0.5938,0.6184,0.3077,0.5,2,128,18,0.4706,9
Keshav Chopra,0.0208,0.0292,0.5833,0.6,0.49,0.5714,4,240,35,0.5588,15
Kevin Anderson,0.2,0.0361,0.6391,0.8093,0.5525,0.9213,23,1690,254,0.6974,23
Kevin Griekspoor,0.0556,0.0514,0.6486,0.666,0.4387,0.7009,10,720,107,0.6279,32
Kevin Jack Carpenter,0.0352,0.0563,0.6479,0.5435,0.38,0.4348,3,142,23,0.5357,13
Kevin Kim,0.0,0.1556,0.4,0.5,0.2222,0.125,1,45,8,0.4167,7
Kevin King,0.0825,0.0584,0.6356,0.7046,0.464,0.7571,179,12681,1947,0.6035,477
Kevin Krawietz,0.0604,0.038,0.6152,0.6992,0.4973,0.7614,185,13104,2024,0.6031,483
Kevin Kylar,0.0287,0.106,0.553,0.487,0.3846,0.3684,7,349,57,0.2653,36
Kevin Portmann,0.0435,0.0652,0.3696,0.4118,0.3793,0.2857,1,46,7,0.2857,5
Khalid Allouch,0.0236,0.0774,0.5825,0.5549,0.2903,0.3617,6,297,47,0.4118,30
Khololwam Montsi,0.0155,0.031,0.6202,0.5563,0.4796,0.5676,4,258,37,0.5897,16
Khumoun Sultanov,0.0676,0.0391,0.6,0.6781,0.5073,0.7422,139,9615,1505,0.5796,388
Ki Lung Ng,0.0,0.0698,0.6512,0.5536,0.5333,0.8,1,86,10,0.7143,2
Ki Su Jung,0.0113,0.0791,0.5706,0.5446,0.3947,0.4483,3,177,29,0.1579,16
Kilian Feldbausch,0.0165,0.0486,0.7097,0.612,0.4721,0.6639,91,6363,967,0.539,325
Kimmer Coppejans,0.0449,0.0369,0.6451,0.67,0.4841,0.7251,596,41532,6345,0.5776,1764
Kiranpal Pannu,0.0563,0.0452,0.6127,0.6538,0.4688,0.6944,71,5172,782,0.5623,239
Kirill Dmitriev,0.0299,0.0299,0.6317,0.6114,0.5203,0.6667,7,334,54,0.5263,18
Kirill Kivattsev,0.0706,0.0422,0.6362,0.6947,0.5014,0.7771,60,4052,637,0.6011,142
Kirill Kolganov,0.0,0.0492,0.6557,0.425,0.4762,0.2857,1,61,7,0.5,5
Kirill Komarov,0.0575,0.0822,0.589,0.6651,0.42,0.6557,6,365,61,0.3636,21
Kirill Saplin,0.0125,0.1375,0.4625,0.4595,0.2093,0.1429,2,80,14,0.25,12
Kittipong Wachiramanowong,0.0636,0.0351,0.5965,0.6471,0.5109,0.7206,9,456,68,0.5957,19
Kittirat Kerdlaphee,0.0,0.0227,0.5455,0.7083,0.3,0.4286,1,44,7,0.5,4
Klemen Nikolas,0.0,0.1,0.56,0.4643,0.5909,0.5,1,50,8,0.4286,4
Ko Suzuki,0.05,0.019,0.7214,0.6799,0.5385,0.7794,6,420,68,0.6154,15
Kody Pearson,0.0579,0.0614,0.6005,0.6422,0.4478,0.6392,27,1727,255,0.578,92
Kohei Hayashi,0.0,0.0571,0.6857,0.5,0.2727,0.2857,1,35,7,0.2857,5
Koki Matsuda,0.0703,0.0238,0.6229,0.6673,0.5251,0.7442,26,1636,258,0.5385,66
Kokoro Isomura,0.0278,0.0493,0.6431,0.6598,0.505,0.7102,56,3634,566,0.5684,164
Kolos Kincses,0.0,0.0333,0.6333,0.5526,0.2727,0.4,1,60,10,0.5,6
Konosuke Kiryu,0.0,0.0,0.6027,0.5,0.6897,0.8,1,73,10,0.7778,2
Konrad Zieba,0.0526,0.0877,0.4737,0.6296,0.2333,0.3333,1,57,9,0.25,6
Konstantin Kravchuk,0.1018,0.0238,0.6417,0.7388,0.5197,0.8352,207,13207,2088,0.6337,344
Konstantine Gogeliya,0.0,0.1935,0.4839,0.4667,0.1875,0.1667,1,31,6,0.2857,5
Konstantinos Economidis,0.0081,0.0688,0.6194,0.6601,0.4574,0.7105,4,247,38,0.56,11
Kooros Ghasemi,0.028,0.0841,0.5047,0.6481,0.3208,0.4667,2,107,15,0.5556,8
Koray Kirci,0.0283,0.0468,0.5926,0.6229,0.4709,0.6316,22,1517,228,0.5145,84
Korey Lovett,0.0294,0.1471,0.6029,0.6341,0.3333,0.4545,1,68,11,0.4,6
Kosuke Ogura,0.0301,0.039,0.6404,0.6182,0.4857,0.659,46,2920,434,0.546,148
Kris Krawcewicz,0.04,0.2,0.6,0.6333,0.2,0.375,1,50,8,0.375,5
Kris Van Wyk,0.0742,0.082,0.554,0.7027,0.4521,0.7004,52,3437,524,0.5552,157
Krish Arora,0.0417,0.0208,0.5417,0.7692,0.3182,0.5,1,48,8,0.4286,4
Krisjanis Stabins,0.1268,0.0563,0.6479,0.6739,0.48,0.8,1,71,10,0.6667,2
Kristian Lozan,0.0465,0.0592,0.5835,0.6413,0.4213,0.6286,7,473,70,0.5806,26
Kristijan Mesaros,0.0026,0.0568,0.7235,0.6071,0.3925,0.6271,7,387,59,0.5417,22
Kristjan Tamm,0.093,0.0543,0.5764,0.7045,0.4717,0.7593,14,1086,162,0.6422,39
Krittin Koaykul,0.037,0.0432,0.5432,0.6136,0.4189,0.5,3,162,24,0.4545,12
Kryce Didier Momo Kassa,0.0,0.2667,0.3,0.4444,0.0952,0.0,1,30,6,0.25,6
Krystof Zapsky,0.0,0.0625,0.5625,0.6296,0.381,0.5,1,48,8,0.4286,4
Krzysztof Plewa,0.0,0.1512,0.4767,0.4878,0.2222,0.2143,2,86,14,0.4211,11
Ku Keon Kang,0.0085,0.017,0.7447,0.5143,0.4167,0.4412,4,235,34,0.4571,19
Kuan Shou Chen,0.0085,0.0256,0.5983,0.6429,0.5532,0.8,1,117,15,0.7273,3
Kuan Yi Lee,0.0412,0.0334,0.6807,0.6519,0.4877,0.7158,39,2427,387,0.5582,110
Kuan Yu Chen,0.0432,0.0811,0.6378,0.5678,0.4478,0.6207,3,185,29,0.5769,11
Kuang Qing Xu,0.0615,0.0462,0.4923,0.6562,0.2727,0.4,1,65,10,0.4545,6
Kunal Anand,0.0556,0.0662,0.5705,0.588,0.4726,0.5694,8,468,72,0.4833,31
Kunanan Pantaratorn,0.0099,0.0891,0.4752,0.5833,0.5472,0.6875,2,101,16,0.5455,5
Kushaan Nath,0.0238,0.1429,0.4048,0.7059,0.2,0.2857,1,42,7,0.375,5
Kuzey Cekirge,0.028,0.042,0.5594,0.6,0.4127,0.5455,2,143,22,0.5652,10
Kyle Edmund,0.0733,0.0359,0.5772,0.735,0.5365,0.8212,149,9681,1555,0.609,278
Kyle Kang,0.0482,0.0369,0.5645,0.686,0.4824,0.7241,13,976,145,0.5833,40
Kyle Overmyer,0.0217,0.0109,0.6522,0.6667,0.625,0.8571,1,92,14,0.7778,2
Kyle Seelig,0.0163,0.0293,0.6668,0.6208,0.5022,0.7036,31,2080,307,0.5646,91
Kyrian Jacquet,0.0543,0.0416,0.5869,0.693,0.504,0.7587,229,16437,2466,0.6025,603
Lachlan James Mcfadzean,0.0604,0.0385,0.6264,0.5965,0.2941,0.4615,3,182,26,0.44,14
Lakshit Sood,0.0331,0.0737,0.5506,0.6154,0.4959,0.6071,9,543,84,0.5823,33
Lambert Ruland,0.0426,0.117,0.5213,0.6939,0.4889,0.7143,1,94,14,0.75,4
Lamine Ouahab,0.0264,0.035,0.5778,0.6587,0.4844,0.7149,26,1516,228,0.5912,65
Lance Amaury Lage Castelan,0.0096,0.0673,0.625,0.4923,0.3846,0.375,2,104,16,0.4444,10
Lance Cohen,0.0,0.098,0.5686,0.3793,0.4545,0.25,1,51,8,0.4,6
Laslo Djere,0.0513,0.0525,0.5998,0.6861,0.4869,0.7456,266,18158,2795,0.5827,711
Lasse Poertner,0.0342,0.0652,0.5466,0.6705,0.4863,0.7174,4,322,46,0.6061,13
Laurens Deelstra,0.0189,0.0755,0.4528,0.7083,0.3103,0.375,1,53,8,0.5455,5
Laurent Lokoli,0.0571,0.0491,0.6174,0.6871,0.4641,0.7371,221,15859,2366,0.6077,632
Laurent Rochette,0.057,0.0311,0.5929,0.6698,0.4798,0.7168,35,2314,346,0.5865,98
Lauri Kiiski,0.0678,0.0537,0.5621,0.6734,0.5097,0.7222,5,354,54,0.5714,15
Laurynas Grigelis,0.0902,0.0458,0.5949,0.7281,0.4821,0.7627,138,9637,1530,0.5573,363
Lautaro Agustin Corthey,0.0,0.0261,0.7826,0.4444,0.28,0.2778,2,115,18,0.3158,13
Lautaro Agustin Falabella,0.03,0.047,0.59,0.6322,0.4902,0.6849,12,1000,146,0.6034,46
Lautaro Midon,0.0328,0.0281,0.614,0.64,0.4775,0.6773,126,8935,1354,0.5559,437
Lawrence Bataljin,0.0141,0.0398,0.697,0.5488,0.414,0.4885,20,1132,174,0.4472,89
Lawrence Sciglitano,0.0,0.0769,0.4872,0.4737,0.15,0.0,1,39,6,0.5,6
Leander Lazaro,0.0,0.075,0.65,0.5385,0.4286,0.4286,1,40,7,0.3333,4
Leandro Riedi,0.0746,0.042,0.6122,0.7235,0.5163,0.8199,161,11963,1793,0.6477,334
Leandro Serrano Sanz,0.0,0.0,0.8148,0.4545,0.4,0.5,1,54,10,0.1667,5
Leanid Boika,0.037,0.1111,0.4444,0.8333,0.3333,0.6667,1,54,9,0.4,3
Learner Tien,0.0455,0.0439,0.6193,0.6949,0.5266,0.7954,65,4789,743,0.6302,152
Leevi Saatela,0.0078,0.1008,0.5349,0.5217,0.3167,0.3333,3,129,21,0.4167,14
Lennert Van Der Linden,0.023,0.0345,0.6437,0.654,0.4677,0.6697,11,696,109,0.493,36
Lennon Roark Jones,0.0248,0.0644,0.5297,0.5701,0.4316,0.5172,3,202,29,0.5625,14
Lenny Hampel,0.0566,0.0451,0.5426,0.7006,0.4955,0.7396,63,4346,672,0.5843,175
Leny Mitjana,0.0089,0.0268,0.5714,0.5625,0.4583,0.5263,2,112,19,0.3571,9
Leo Borg,0.0358,0.0539,0.6175,0.6101,0.425,0.5899,41,2596,395,0.4969,162
Leo Bresson,0.0702,0.0526,0.6842,0.5897,0.4444,0.5556,1,57,9,0.5,4
Leo Raquillet,0.0451,0.0389,0.6182,0.6011,0.4258,0.5625,23,1464,224,0.4869,98
Leo Vithoontien,0.0572,0.049,0.6507,0.6582,0.4932,0.7079,27,1695,267,0.5,78
Leon Frost,0.02,0.0,0.58,0.6552,0.4286,0.625,1,50,8,0.4,3
Leon Schutt,0.0686,0.0229,0.6457,0.708,0.5161,0.8148,3,175,27,0.7059,5
Leon Vessels,0.0278,0.25,0.5556,0.4,0.125,0.1429,1,36,7,0.0,6
Leonard Von Hindte,0.0081,0.0244,0.5528,0.5147,0.4364,0.4706,2,123,17,0.5714,9
Leonardo Aboian,0.0525,0.0215,0.5855,0.6661,0.4855,0.7123,63,4746,702,0.628,202
Leonardo Borrelli,0.0478,0.0772,0.6176,0.6786,0.4615,0.75,4,272,40,0.5455,10
Leonardo Lopez Linquet,0.0228,0.0722,0.5475,0.6111,0.4874,0.65,4,263,40,0.5882,14
Leonardo Malgaroli,0.037,0.0,0.6296,0.4706,0.5333,0.4615,1,81,13,0.3636,7
Leonardo Mayer,0.0725,0.053,0.6103,0.7406,0.5082,0.8241,99,6715,1069,0.6194,188
Leonardo Mazzucchelli,0.0256,0.0513,0.6923,0.4691,0.4722,0.4,2,117,15,0.625,9
Leonardo Rossi,0.0541,0.0603,0.6074,0.6361,0.4685,0.6531,10,647,98,0.5584,34
Leonardo Storck Franca,0.0196,0.098,0.451,0.6087,0.2857,0.2857,1,51,7,0.2857,5
Leonardo Suarez,0.0278,0.0556,0.5833,0.5714,0.4,0.4286,1,36,7,0.2,4
Leonardo Taddia,0.027,0.0811,0.5135,0.4211,0.2778,0.2857,1,37,7,0.1667,5
Leonid Sheyngezikht,0.0116,0.0624,0.5915,0.6399,0.442,0.6289,20,1202,194,0.482,72
Leopold Zima,0.0694,0.0501,0.5491,0.6491,0.3974,0.5526,9,519,76,0.5278,34
Lev Kazakov,0.0549,0.0549,0.6044,0.7818,0.1944,0.6,1,91,15,0.5,6
Levente Godry,0.0442,0.1416,0.5575,0.5714,0.4,0.4375,2,113,16,0.4375,9
Lewie Lane,0.0725,0.0652,0.5362,0.7027,0.5,0.7317,4,276,41,0.5926,11
Lewis Denton,0.0,0.1579,0.3947,0.1333,0.3913,0.1429,1,38,7,0.3333,6
Li Tu,0.0879,0.0395,0.6097,0.7263,0.5097,0.7965,196,13655,2133,0.6063,437
Li Wie Tan,0.0478,0.0677,0.5378,0.637,0.5172,0.697,3,251,33,0.5833,10
Liam Branger,0.1394,0.0727,0.5879,0.8247,0.5441,0.8667,3,165,30,0.6,4
Liam Broady,0.0544,0.0324,0.6278,0.6858,0.5227,0.7708,503,34635,5331,0.6005,1241
Liam Caruana,0.0691,0.0296,0.5898,0.7081,0.4967,0.7564,62,4025,628,0.5714,153
Liam Draxl,0.0543,0.044,0.6547,0.6858,0.4871,0.7623,188,13550,2070,0.6096,495
Liam Gavrielides,0.0634,0.0366,0.5619,0.6741,0.5076,0.7131,33,2239,352,0.5491,101
Liang Chi Huang,0.0356,0.0701,0.6052,0.6453,0.4617,0.65,18,927,140,0.5421,49
Liang Yu Richard Lin,0.0203,0.1119,0.5627,0.6566,0.4341,0.5952,5,295,42,0.5,17
Libor Salaba,0.0293,0.1122,0.5366,0.6,0.4,0.4848,3,205,33,0.2917,17
Lilian Breut,0.0441,0.0882,0.625,0.6941,0.3529,0.6842,2,136,19,0.75,6
Lilian Marmousez,0.0468,0.0376,0.5533,0.6907,0.5155,0.7464,42,2606,414,0.5607,105
Linang Xiao,0.0426,0.0361,0.5602,0.6634,0.5008,0.7029,41,2933,441,0.5691,131
Lincoln Battle,0.0339,0.0169,0.5763,0.6176,0.32,0.5556,1,59,9,0.5,4
Linghao Zhang,0.0273,0.0564,0.5273,0.6069,0.4231,0.5375,10,550,80,0.5795,37
Linh Giang Trinh,0.0169,0.0678,0.5678,0.5373,0.4314,0.4286,2,118,21,0.3333,12
Linus Frost,0.0756,0.032,0.6483,0.6592,0.5537,0.7193,5,344,57,0.6364,16
Linus Lagerbohm,0.0309,0.1031,0.5155,0.5,0.383,0.375,2,97,16,0.4118,10
Ljubomir Celebic,0.0538,0.0386,0.6081,0.6858,0.5606,0.7965,16,1115,172,0.6392,35
Lloyd Glasspool,0.1121,0.0454,0.6217,0.733,0.5034,0.8197,129,8995,1403,0.6381,253
Lloyd Harris,0.1415,0.0326,0.6279,0.7598,0.5028,0.8349,300,20495,3229,0.6297,537
Loann Massard,0.0547,0.0221,0.6327,0.6707,0.5024,0.7386,24,1718,264,0.625,69
Lofo Ramiaramanana,0.012,0.0602,0.6627,0.4545,0.25,0.2857,2,83,14,0.2857,10
Logan Smith,0.052,0.0604,0.559,0.6935,0.4395,0.7075,10,712,106,0.6076,31
Logan Zapp,0.0317,0.0794,0.5873,0.6216,0.4615,0.6,1,63,10,0.5556,4
Lohithaksha Bathrinath,0.0543,0.0543,0.5761,0.6226,0.3974,0.5769,2,184,26,0.4211,11
Loic Namigandet Tenguere,0.16,0.0133,0.6533,0.7755,0.5,0.8571,1,75,14,0.3333,2
Loic Perret,0.0482,0.0526,0.6075,0.6137,0.4246,0.5714,8,456,70,0.5522,30
Long Chen,0.0442,0.0575,0.615,0.5683,0.4483,0.5,4,226,30,0.5714,15
Lorenzo Abbruciati,0.0815,0.0519,0.5259,0.5775,0.5312,0.65,2,135,20,0.5333,7
Lorenzo Angelini,0.0064,0.0523,0.6798,0.5779,0.4143,0.5514,11,784,107,0.5676,48
Lorenzo Beraldo,0.0,0.0,0.7045,0.3871,0.3846,0.375,1,44,8,0.375,5
Lorenzo Berto,0.0213,0.0426,0.5426,0.5294,0.4884,0.5714,1,94,14,0.1429,6
Lorenzo Bocchi,0.0514,0.0606,0.5554,0.6564,0.4434,0.6603,27,1750,262,0.6062,89
Lorenzo Camilli,0.0244,0.0244,0.6341,0.3846,0.2667,0.0,1,41,6,0.3333,6
Lorenzo Carboni,0.0257,0.0376,0.6114,0.6274,0.4765,0.6441,56,3780,590,0.4915,210
Lorenzo Claverie,0.0838,0.0515,0.5711,0.6943,0.524,0.7703,20,1455,222,0.6645,51
Lorenzo Corioni,0.0638,0.0638,0.5106,0.375,0.3478,0.1429,1,47,7,0.1429,6
Lorenzo Di Maro,0.0256,0.1282,0.5385,0.5238,0.2222,0.2857,1,39,7,0.1667,5
Lorenzo Esquici,0.0427,0.061,0.5976,0.6224,0.4091,0.5769,3,164,26,0.3529,11
Lorenzo Frigerio,0.0707,0.062,0.5647,0.7013,0.4763,0.7098,29,1838,286,0.5561,83
Lorenzo Gagliardo,0.0183,0.0122,0.7165,0.6255,0.5484,0.717,4,328,53,0.5161,15
Lorenzo Giustino,0.0494,0.0501,0.5861,0.6742,0.4691,0.7035,545,39300,5905,0.5625,1766
Lorenzo Joaquin Rodriguez,0.0309,0.0387,0.6274,0.6576,0.4941,0.7192,66,4525,698,0.5576,196
Lorenzo Lorusso,0.0818,0.0364,0.5545,0.6721,0.3878,0.5294,2,110,17,0.4286,8
Lorenzo Musetti,0.0437,0.0318,0.6344,0.6722,0.5313,0.7678,113,7685,1193,0.6082,277
Lorenzo Rottoli,0.0328,0.0459,0.5465,0.642,0.4603,0.6332,48,3440,518,0.5141,190
Lorenzo Santini,0.0,0.0784,0.6863,0.5714,0.375,0.5,1,51,8,0.4286,4
Lorenzo Sciahbasi,0.0671,0.0434,0.5917,0.67,0.4493,0.7067,7,507,75,0.5686,22
Lorenzo Sonego,0.0725,0.0321,0.6323,0.7144,0.5146,0.7954,226,16153,2502,0.6145,520
Louam Boivin,0.0208,0.1458,0.5833,0.4643,0.2,0.125,1,48,8,0.2222,7
Louis Chaix,0.033,0.0519,0.5425,0.6435,0.3608,0.4848,4,212,33,0.3704,17
Louis Dussin,0.0179,0.0311,0.683,0.5867,0.4943,0.6423,11,836,123,0.5728,44
Louis Herman,0.0241,0.0241,0.5542,0.5,0.4595,0.4615,1,83,13,0.4615,7
Louis Newman,0.0213,0.0213,0.7872,0.4595,0.4,0.2857,1,47,7,0.4444,5
Louis Tessa,0.0125,0.0192,0.6776,0.6009,0.4418,0.6051,17,1039,157,0.5079,62
Louis Wessels,0.0675,0.0608,0.616,0.6734,0.4644,0.7165,140,10289,1552,0.5892,440
Louk Sorensen,0.013,0.0649,0.4935,0.4737,0.2821,0.1538,2,77,13,0.45,11
Lovro Maricic,0.0189,0.0,0.6038,0.5625,0.2381,0.375,1,53,8,0.5833,5
Lubomir Majsajdr,0.0899,0.1115,0.3993,0.8108,0.3772,0.6842,4,278,38,0.6364,12
Luc Fomba,0.0955,0.0573,0.5669,0.618,0.5,0.6957,2,157,23,0.5,7
Luca Castagnola,0.0192,0.0563,0.6357,0.6169,0.4614,0.6355,49,3445,513,0.5394,187
Luca Castelnuovo,0.0948,0.0454,0.6058,0.7158,0.4946,0.792,63,4472,673,0.6296,140
Luca Corinteli,0.05,0.035,0.62,0.7,0.5,0.78,1,0,0,0.58,0
Luca Fantini,0.0364,0.04,0.6182,0.6765,0.4667,0.7045,5,275,44,0.5185,13
Luca Gelhardt,0.018,0.0721,0.5495,0.5082,0.42,0.3889,2,111,18,0.45,11
Luca George Tatomir,0.0381,0.0381,0.6095,0.6406,0.3415,0.5714,1,105,14,0.6,6
Luca Giacomini,0.0142,0.041,0.6779,0.6385,0.4559,0.6853,35,2465,375,0.553,118
Luca Lemaitre Vilchis,0.0,0.0729,0.5625,0.4815,0.3571,0.3571,2,96,14,0.4706,9
Luca Mainetti,0.0926,0.0185,0.7963,0.6744,0.2727,0.7,1,54,10,0.5714,3
Luca Margaroli,0.0804,0.0439,0.6294,0.6842,0.4853,0.7479,93,6133,948,0.5686,239
Luca Nardi,0.0486,0.0371,0.6306,0.6944,0.5151,0.776,238,17288,2678,0.5972,603
Luca Pancaldi,0.0615,0.0211,0.6538,0.7231,0.4721,0.7912,9,569,91,0.6607,19
Luca Parenti,0.0422,0.0482,0.5843,0.5773,0.4058,0.52,3,166,25,0.4,12
Luca Potenza,0.0304,0.035,0.6378,0.6336,0.5133,0.7077,102,7171,1081,0.5735,316
Luca Pow,0.0428,0.0502,0.5836,0.6529,0.4598,0.6364,10,538,88,0.4839,32
Luca Preda,0.0257,0.0514,0.6425,0.6309,0.4477,0.6406,12,856,128,0.54,46
Luca Prevosto,0.0183,0.0092,0.6147,0.5821,0.3571,0.4375,2,109,16,0.5,9
Luca Sanchez,0.0785,0.1063,0.5443,0.6465,0.4222,0.5806,7,395,62,0.5,26
Luca Serena,0.0385,0.0962,0.5192,0.6296,0.36,0.375,1,52,8,0.5,5
Luca Staeheli,0.0483,0.0604,0.599,0.6371,0.3976,0.5942,7,414,69,0.4167,28
Luca Van Assche,0.0446,0.0432,0.6151,0.6806,0.5043,0.7469,258,17919,2738,0.5959,697
Luca Vanni,0.132,0.0366,0.5998,0.7563,0.4872,0.8217,285,18506,2889,0.6339,518
Luca Wiedenmann,0.0449,0.0371,0.5876,0.673,0.4768,0.669,14,890,145,0.4783,48
Lucas Agra,0.0847,0.1864,0.2881,0.7647,0.3333,0.2857,1,59,7,0.5455,5
Lucas Bouquet,0.0651,0.0375,0.5885,0.6817,0.4631,0.6939,26,1842,294,0.5187,90
Lucas Catarina,0.0353,0.0406,0.5849,0.6388,0.5084,0.6775,64,4312,679,0.5409,219
Lucas Gerch,0.0532,0.0636,0.5801,0.6959,0.4792,0.7389,149,10272,1597,0.5701,417
Lucas Gomez,0.0328,0.0487,0.6237,0.6603,0.477,0.7135,69,4847,733,0.5882,210
Lucas Horve,0.0,0.1132,0.6415,0.4706,0.2105,0.1429,1,53,7,0.5385,6
Lucas Koelle,0.0882,0.1176,0.4608,0.8085,0.4909,0.8667,1,102,15,0.75,2
Lucas Lobao,0.0,0.2069,0.5862,0.2941,0.0,0.0,1,29,6,0.0,6
Lucas Marionneau,0.0708,0.0218,0.6243,0.6686,0.5121,0.7273,8,551,88,0.5294,24
Lucas Miedler,0.0577,0.0255,0.6112,0.6897,0.4946,0.7547,270,18927,2886,0.608,713
Lucas Pouille,0.0841,0.0448,0.5676,0.7329,0.5288,0.8257,178,12433,1882,0.6696,333
Lucas Poullain,0.0192,0.0186,0.6545,0.6449,0.5203,0.7189,113,7615,1167,0.574,328
Lucas Renard,0.0531,0.0718,0.5618,0.6336,0.429,0.6038,34,2186,318,0.561,126
Lucas Vuradin,0.0442,0.0418,0.656,0.6404,0.5286,0.7231,7,407,65,0.4706,18
Lucas Yunez,0.0101,0.0303,0.7778,0.6753,0.5,0.8,1,99,15,0.7273,3
Lucca Acioly,0.0208,0.0833,0.5625,0.4444,0.2857,0.1429,1,48,7,0.3333,6
Lucca Guercio,0.0,0.0486,0.6667,0.5,0.4375,0.45,2,144,20,0.6071,11
Lucca Pinto,0.0102,0.0816,0.5612,0.6,0.3605,0.5185,3,196,27,0.5667,13
Lucian Gheorghe,0.0303,0.1439,0.4773,0.6667,0.3188,0.5238,2,132,21,0.4118,10
Luciano Agustin Fisicaro,0.0517,0.0172,0.3966,0.6522,0.5429,0.6667,1,58,9,0.5,3
Luciano Carraro,0.0164,0.0656,0.6393,0.4615,0.5,0.4444,1,61,9,0.5,5
Luciano Darderi,0.0584,0.0291,0.5529,0.7051,0.5209,0.7733,196,13397,2082,0.5859,475
Luciano Doria,0.0526,0.0211,0.5737,0.6514,0.358,0.5769,3,190,26,0.6071,11
Luciano Emanuel Ambrogi,0.0305,0.0288,0.6477,0.6466,0.4891,0.706,109,7667,1177,0.5653,346
Luciano Tacchi,0.0163,0.0325,0.6118,0.5681,0.466,0.5797,7,492,69,0.5167,29
Lucio Carnevalle,0.0179,0.0429,0.5714,0.6188,0.4083,0.5676,4,280,37,0.6279,16
Lucio Ratti,0.029,0.046,0.657,0.6315,0.457,0.6507,30,1933,292,0.5342,102
Ludovico Cestarollo,0.087,0.1159,0.4783,0.6667,0.3889,0.5556,1,69,9,0.5556,4
Ludovico Vaccari,0.0351,0.1228,0.4912,0.75,0.3448,0.5556,1,57,9,0.2,4
Ludvig Fredrik Hede,0.0364,0.0364,0.6364,0.5143,0.35,0.4286,1,55,7,0.5,4
Lui Maxted,0.0616,0.0373,0.6434,0.6851,0.4636,0.7409,19,1234,193,0.6094,50
Luigi Castelletti,0.1091,0.0545,0.4909,0.7037,0.5,0.7778,1,55,9,0.3333,2
Luigi Sorrentino,0.0281,0.0307,0.6143,0.6798,0.457,0.7083,10,783,120,0.557,35
Luis Britto,0.0198,0.0527,0.6453,0.5583,0.4191,0.522,20,1063,159,0.4865,76
Luis Carlos Alvarez,0.017,0.017,0.6795,0.636,0.5125,0.7229,15,1120,166,0.6134,46
Luis David Martinez,0.0529,0.0603,0.5791,0.6614,0.4522,0.6739,73,4723,696,0.5575,227
Luis Eduardo Morfin Friebel,0.0,0.0268,0.6607,0.5676,0.5789,0.625,1,112,16,0.5714,6
Luis Faria,0.0344,0.0401,0.5889,0.6164,0.4338,0.5853,25,1744,258,0.5286,107
Luis Felipe Ferraz Sandoval Carvalho,0.0267,0.0133,0.4133,0.5161,0.5,0.5833,1,75,12,0.1667,5
Luis Felipe Miguel,0.0769,0.0559,0.6014,0.7209,0.4035,0.7143,2,143,21,0.5385,6
Luis Gomez,0.0448,0.1194,0.6119,0.6585,0.2692,0.6,1,67,10,0.5556,4
Luis Guto Miguel,0.0334,0.0562,0.5973,0.6361,0.4566,0.6364,9,658,99,0.5135,36
Luis Jose Nakamine,0.0,0.0211,0.7465,0.4434,0.3889,0.3333,3,142,24,0.2,16
Luis Mauricio Bonilla,0.0,0.1842,0.5526,0.381,0.1176,0.1429,1,38,7,0.4545,6
Luis Patino,0.0426,0.0479,0.5794,0.6304,0.4487,0.625,53,3614,544,0.5497,204
Luis Valero,0.0622,0.0651,0.5912,0.6531,0.4429,0.633,10,707,109,0.4937,40
Luiz Eduardo Santos,0.0198,0.0693,0.6436,0.6308,0.3889,0.625,2,101,16,0.4,6
Luka Bojicic Ono,0.0,0.1139,0.5949,0.4255,0.0938,0.0,2,79,12,0.4,12
Luka Mikrut,0.0623,0.0307,0.5835,0.7114,0.4912,0.7685,90,6579,1015,0.6017,235
Luka Pavlovic,0.1284,0.055,0.531,0.7634,0.5011,0.8124,92,6688,1018,0.6619,191
Luka Vukovic,0.0151,0.0653,0.5377,0.6168,0.4674,0.5862,3,199,29,0.5714,12
Lukas Dlouhy,0.0285,0.1772,0.6076,0.651,0.2984,0.4894,4,316,47,0.4783,24
Lukas Hellum Lilleengen,0.0603,0.0603,0.6121,0.6761,0.5111,0.75,1,116,16,0.7647,4
Lukas Jastraunig,0.05,0.035,0.62,0.7,0.5,0.78,1,0,0,0.58,0
Lukas Klein,0.069,0.0425,0.6492,0.7158,0.5069,0.8109,334,24722,3818,0.6324,736
Lukas Krainer,0.029,0.0628,0.6715,0.6403,0.4118,0.625,3,207,32,0.4545,12
Lukas Lacko,0.0995,0.0314,0.6016,0.7404,0.5096,0.8147,311,20602,3216,0.6248,606
Lukas Mugevicius,0.0493,0.0592,0.5366,0.643,0.4529,0.6321,11,710,106,0.5714,39
Lukas Neumayer,0.0331,0.0344,0.6188,0.6502,0.5144,0.7222,210,15116,2293,0.5761,641
Lukas Ollert,0.0295,0.0485,0.5802,0.6218,0.4724,0.6364,6,474,66,0.6522,24
Lukas Palovic,0.0131,0.0359,0.6601,0.6337,0.4423,0.6977,4,306,43,0.6486,13
Lukas Pokorny,0.1018,0.0285,0.6009,0.7147,0.4907,0.7753,70,4841,752,0.6097,169
Lukas Rohseano,0.0,0.0882,0.5588,0.3684,0.1333,0.0,1,34,6,0.25,6
Lukas Rosol,0.0641,0.044,0.615,0.7125,0.4895,0.7794,339,24667,3731,0.6096,834
Lukas Ruepke,0.0638,0.0393,0.634,0.709,0.5067,0.7888,16,1019,161,0.6495,34
Lukas Smolak,0.0,0.0769,0.5769,0.6333,0.5455,0.6667,1,52,9,0.4,3
Lukas Vejvara,0.0204,0.0612,0.5,0.4898,0.4082,0.3333,2,98,15,0.4737,10
Lukas Velik,0.0179,0.125,0.5357,0.5667,0.3846,0.5,1,56,8,0.6364,4
Lukasz Kubot,0.1064,0.0819,0.6021,0.7367,0.4947,0.8054,17,940,149,0.6027,29
Luke Bambridge,0.1129,0.0552,0.546,0.7356,0.4968,0.7753,76,5236,810,0.6136,182
Luke Johnson,0.061,0.0545,0.5818,0.6683,0.4357,0.6763,19,1394,207,0.5677,67
Luke Saville,0.0639,0.054,0.5926,0.6985,0.4954,0.7589,341,23166,3559,0.5903,858
Luke Sorensen,0.0225,0.0449,0.6067,0.6296,0.4,0.5833,1,89,12,0.5,5
Mac Kiger,0.0242,0.142,0.5619,0.6183,0.3103,0.4444,5,331,54,0.3478,30
Mac Styslinger,0.0556,0.1222,0.5667,0.6471,0.2821,0.4167,1,90,12,0.5625,7
Maciej Lorenz,0.0,0.1463,0.5122,0.5238,0.15,0.0,1,41,6,0.5,6
Maciej Rajski,0.0427,0.0396,0.6321,0.6286,0.489,0.7007,15,984,147,0.581,44
Maciej Smola,0.0986,0.0812,0.5507,0.7579,0.4194,0.7,5,345,50,0.6053,15
Mackenzie Mcdonald,0.0617,0.0342,0.6312,0.7083,0.5232,0.8031,303,20302,3190,0.6249,628
Mae Malige,0.032,0.0452,0.5635,0.6333,0.4749,0.6514,44,3189,479,0.5523,167
Magnus Eriksson,0.05,0.035,0.62,0.7,0.5,0.78,1,0,0,0.58,0
Maik Steiner,0.0541,0.0426,0.5862,0.6932,0.5049,0.7489,20,1479,227,0.5778,57
Makoto Ochi,0.0416,0.0345,0.602,0.6466,0.5156,0.7102,120,7714,1194,0.5609,346
Maks Kasnikowski,0.0543,0.0296,0.5786,0.7112,0.5042,0.7722,176,12896,1980,0.5879,455
Maksim Tikhomirov,0.0211,0.0526,0.6316,0.5833,0.4571,0.5714,1,95,14,0.5385,6
Malek Jaziri,0.0538,0.037,0.5347,0.6983,0.497,0.7389,229,16219,2455,0.596,644
Malik Bhatnagar,0.0,0.1359,0.534,0.6,0.3958,0.5455,1,103,11,0.7059,5
Manas Dhamne,0.0168,0.0362,0.6287,0.6552,0.5101,0.7273,33,2265,352,0.5556,96
Mandresy Rakotomalala,0.0625,0.0208,0.5625,0.7037,0.4762,0.6667,1,48,9,0.25,3
Manfred Brandes,0.0625,0.1667,0.4375,0.7143,0.4444,0.625,1,48,8,0.0,3
Manfred Fellin,0.0286,0.0286,0.6571,0.3478,0.4167,0.1667,1,35,6,0.0,5
Manish Ganesh,0.0488,0.0488,0.5305,0.5287,0.3247,0.3478,3,164,23,0.4231,15
Manish Sureshkumar,0.043,0.0422,0.605,0.6378,0.4479,0.6277,44,2747,419,0.5287,156
Manuel Barros,0.0417,0.125,0.5625,0.6296,0.2857,0.375,1,48,8,0.5,5
Manuel Bernard,0.0256,0.0513,0.7436,0.5172,0.4,0.4286,1,39,7,0.3333,4
Manuel Guinard,0.0637,0.0439,0.5893,0.6889,0.488,0.7393,312,21367,3261,0.595,853
Manuel Lazic,0.0046,0.0505,0.6239,0.5588,0.3659,0.4571,4,218,35,0.4242,19
Manuel Mazza,0.0386,0.0323,0.5588,0.6463,0.4664,0.6568,15,1113,169,0.5797,58
Manuel Mouilleron Salvo,0.0331,0.0728,0.6556,0.6566,0.4423,0.6667,2,151,21,0.6111,7
Manuel Pena Lopez,0.0203,0.0445,0.5712,0.6443,0.4843,0.6834,24,1777,259,0.5751,82
Manuel Ribeca,0.0741,0.0556,0.5556,0.6333,0.2917,0.4286,1,54,7,0.6364,4
Manuel Sanchez,0.0792,0.0764,0.5777,0.7092,0.4701,0.7477,61,4357,654,0.6127,165
Manvydas Balciunas,0.0234,0.0469,0.6172,0.557,0.3878,0.4667,2,128,15,0.5556,8
Mao Xin Gong,0.0491,0.0701,0.5666,0.6784,0.438,0.6588,26,1712,255,0.565,87
Marat Deviatiarov,0.0459,0.0918,0.5969,0.7179,0.4177,0.75,2,196,28,0.5625,7
Marat Sharipov,0.1482,0.0373,0.5804,0.7674,0.4942,0.8043,80,5386,874,0.6023,171
Marc Andrea Huesler,0.1102,0.0412,0.5815,0.7561,0.5276,0.8302,352,25388,4023,0.6326,690
Marc Castellana,0.0213,0.0213,0.5532,0.5,0.381,0.4286,1,47,7,0.2,4
Marc Fornell Mestres,0.0318,0.0573,0.5732,0.6,0.4776,0.5833,2,157,24,0.3333,10
Marc Giner,0.0332,0.0404,0.6574,0.6524,0.4782,0.7021,29,1807,282,0.5227,84
Marc Majdandzic,0.0141,0.1127,0.6338,0.6,0.5,0.6667,1,71,9,0.7692,3
Marc Othman Ktiri,0.0448,0.0299,0.5075,0.5882,0.4394,0.5238,2,134,21,0.5238,10
Marc Polmans,0.0493,0.0468,0.6488,0.6749,0.4943,0.7486,415,29207,4436,0.5915,1136
Marc Sieber,0.0323,0.0534,0.611,0.6747,0.4869,0.7262,71,5016,767,0.5661,210
Marcel Felder,0.0172,0.0282,0.685,0.5835,0.5323,0.6321,11,638,106,0.4348,39
Marcel Granollers,0.0672,0.03,0.6497,0.7288,0.5289,0.8335,159,9743,1544,0.6296,263
Marcel Kamrowski,0.0655,0.0595,0.506,0.6353,0.4458,0.5769,2,168,26,0.45,11
Marcel Marlon Sudzum,0.0,0.1915,0.617,0.6207,0.1111,0.375,1,47,8,0.1667,5
Marcel Politowicz,0.0,0.0517,0.6897,0.6,0.1667,0.375,1,58,8,0.6154,5
Marcel Zielinski,0.0116,0.029,0.5623,0.5722,0.4238,0.5192,4,345,52,0.4681,25
Marcello Serafini,0.0466,0.0383,0.6652,0.6568,0.4691,0.7058,58,4253,639,0.5766,188
Marcelo Arevalo,0.0689,0.0482,0.6283,0.7039,0.4971,0.7815,237,16412,2508,0.6093,554
Marcelo Demoliner,0.0845,0.0408,0.6493,0.6941,0.494,0.783,15,710,106,0.6714,23
Marcelo Melo,0.0286,0.0571,0.6,0.4762,0.5,0.4444,1,70,9,0.5833,5
Marcelo Tebet Filho,0.0318,0.0573,0.5987,0.6596,0.5079,0.75,2,157,24,0.5385,6
Marcelo Zormann Da Silva,0.0366,0.0426,0.6139,0.6782,0.4837,0.7113,74,4530,724,0.5271,209
Marcin Gawron,0.0564,0.0349,0.6014,0.6438,0.5485,0.7269,23,1578,249,0.6069,68
Marcin Matkowski,0.0617,0.0988,0.5679,0.7174,0.3714,0.8,1,81,10,0.7778,2
Marcio Eduardo Silva,0.0769,0.1346,0.4615,0.5,0.5,0.5,1,52,8,0.5556,4
Marco Bergagnin,0.0417,0.0833,0.5278,0.7368,0.3235,0.6,1,72,10,0.6,4
Marco Bortolotti,0.0268,0.0378,0.6459,0.6099,0.4674,0.6341,76,5366,798,0.5521,292
Marco Brugnerotto,0.0247,0.037,0.7078,0.5465,0.3803,0.5,4,243,38,0.4412,19
Marco Cecchinato,0.0454,0.033,0.6515,0.6838,0.5282,0.7846,495,33739,5242,0.6164,1129
Marco Chiudinelli,0.0604,0.0236,0.6027,0.7054,0.5218,0.7821,126,7216,1129,0.5954,246
Marco De Rossi,0.0534,0.1069,0.542,0.662,0.35,0.5581,5,262,43,0.3214,19
Marco Di Prima,0.0111,0.1778,0.5333,0.5833,0.2143,0.375,2,90,16,0.1667,10
Marco Facconi,0.0141,0.0986,0.6479,0.5,0.36,0.375,1,71,8,0.6154,5
Marco Gulisano,0.0508,0.1186,0.4915,0.7241,0.2667,0.5,1,59,8,0.6,4
Marco Miceli,0.0084,0.0232,0.7454,0.5524,0.4635,0.559,14,1076,161,0.4701,71
Marco Mosciatti,0.0234,0.1462,0.5673,0.6907,0.3243,0.5769,3,171,26,0.4762,11
Marco Pivotto,0.0,0.1795,0.4872,0.3684,0.3,0.1429,1,39,7,0.25,6
Marco Speronello,0.0497,0.0062,0.6149,0.7374,0.5323,0.7778,2,161,27,0.5,6
Marco Trungelliti,0.0469,0.0442,0.5829,0.6795,0.4961,0.7386,553,38835,5692,0.6063,1517
Marcos Baghdatis,0.0992,0.0397,0.56,0.7454,0.5325,0.8108,49,3325,539,0.6062,102
Marcos Giron,0.0659,0.0361,0.6178,0.7256,0.5063,0.7986,234,16610,2622,0.608,528
Marcos Lee Chan Baratau,0.0084,0.0338,0.616,0.5479,0.4396,0.5278,4,237,36,0.5143,17
Marcus Daniell,0.0458,0.0483,0.6692,0.6388,0.4231,0.614,5,393,57,0.4884,22
Marcus Mansson,0.2439,0.0366,0.5732,0.7872,0.3714,0.9091,1,82,11,0.75,1
Marcus Walters,0.0557,0.0358,0.6779,0.6598,0.4815,0.7662,8,503,77,0.55,18
Marcus Willis,0.1439,0.0606,0.6118,0.753,0.4103,0.7751,21,1105,169,0.5914,38
Marek Gengel,0.0706,0.042,0.6257,0.6751,0.458,0.703,178,12077,1862,0.5615,553
Marek Jaloviec,0.0512,0.063,0.6076,0.6614,0.4627,0.6805,49,3145,482,0.5375,154
Marek Michalicka,0.0405,0.0517,0.5712,0.6422,0.4803,0.6661,59,3675,566,0.5563,189
Marek Semjan,0.1667,0.0147,0.6373,0.7692,0.473,0.8182,3,204,33,0.625,6
Marian Petre Prajescu,0.0159,0.0635,0.5556,0.5429,0.3571,0.2857,1,63,7,0.5455,5
Mariano Dedura Palomero,0.0,0.1472,0.6258,0.6373,0.2951,0.52,3,163,25,0.5556,12
Mariano Kestelboim,0.0191,0.0376,0.6671,0.6085,0.4679,0.6354,123,8320,1259,0.5253,459
Mariano Navone,0.0135,0.0401,0.666,0.6251,0.4905,0.6766,156,10994,1682,0.5414,548
Mariano Tammaro,0.0304,0.0282,0.6095,0.6085,0.5111,0.6667,7,461,69,0.549,23
Marin Cilic,0.1243,0.0435,0.5586,0.7685,0.5431,0.8583,33,2390,381,0.7112,54
Marin Draganja,0.0161,0.0429,0.6381,0.6639,0.4741,0.7273,6,373,55,0.5312,15
Marin Dumitru,0.0,0.1429,0.6429,0.2593,0.2,0.0,1,42,7,0.3636,7
Marinko Matosevic,0.0604,0.0448,0.5938,0.7112,0.525,0.8004,151,9463,1473,0.6187,294
Marino Jakic,0.0227,0.0227,0.5455,0.5833,0.3,0.375,1,44,8,0.2857,5
Mario Andre Galarraga,0.0,0.0127,0.7595,0.6,0.5789,0.6667,1,79,12,0.5556,4
Mario Gonzalez Fernandez,0.0366,0.0731,0.604,0.6129,0.4404,0.6269,19,1313,193,0.5528,72
Mario Mansilla Diez,0.0059,0.0682,0.6202,0.5789,0.4297,0.5577,6,337,52,0.5306,23
Mario Matejcek,0.0132,0.0728,0.5563,0.5476,0.403,0.4583,3,151,24,0.5185,13
Mario Nicosia,0.0145,0.1884,0.3768,0.5,0.186,0.1538,2,69,13,0.2667,11
Mario Urquidi,0.0227,0.0682,0.7045,0.4839,0.3077,0.2857,1,44,7,0.1667,5
Mario Vilella Martinez,0.0637,0.0693,0.5964,0.6965,0.4991,0.7543,206,13919,2108,0.5829,528
Marius Copil,0.1249,0.038,0.5942,0.7557,0.5334,0.8409,349,23542,3747,0.6297,598
Marius Ruzgas,0.0294,0.0294,0.5147,0.6857,0.5152,0.7,1,68,10,0.5,3
Mark Havlicek,0.0309,0.1237,0.4948,0.5625,0.4286,0.5385,1,97,13,0.5714,6
Mark Kaufman,0.0263,0.0789,0.5789,0.3182,0.25,0.0,1,38,6,0.0,6
Mark Lajal,0.0753,0.048,0.6252,0.7227,0.5,0.8007,215,15623,2449,0.621,492
Mark Oljaca,0.0291,0.0581,0.5465,0.5851,0.359,0.4615,3,172,26,0.3636,14
Mark Owen Endler,0.0,0.0571,0.6857,0.375,0.2727,0.1667,1,35,6,0.375,5
Mark Philippoussis,0.05,0.035,0.62,0.7,0.5,0.78,1,0,0,0.58,0
Mark Verryth,0.1161,0.0729,0.5912,0.7549,0.4765,0.8176,16,1042,159,0.6778,29
Mark Vervoort,0.0323,0.0647,0.6152,0.5763,0.3984,0.5035,17,959,143,0.4855,71
Mark Wallner,0.0893,0.0536,0.619,0.7115,0.3281,0.6538,3,168,26,0.5,9
Mark Whitehouse,0.0845,0.0329,0.657,0.7025,0.4708,0.7636,42,2793,440,0.5889,104
Marko Andrejic,0.041,0.0082,0.6311,0.7013,0.4444,0.6667,2,122,21,0.4167,7
Marko Djokovic,0.0323,0.0551,0.503,0.6976,0.4747,0.697,13,835,132,0.5294,40
Marko Jovanovic,0.0196,0.0392,0.7451,0.4211,0.3077,0.1429,1,51,7,0.6,6
Marko Lenz,0.0152,0.0606,0.5606,0.5405,0.3448,0.4444,1,66,9,0.5,5
Marko Maksimovic,0.0,0.0116,0.686,0.6441,0.4444,0.8,1,86,10,0.7143,2
Marko Miladinovic,0.0395,0.0174,0.5529,0.5914,0.47,0.6186,10,633,97,0.5132,37
Marko Nikolic,0.0208,0.0625,0.5625,0.4815,0.3333,0.25,1,48,8,0.3333,6
Marko Stakusic,0.082,0.0906,0.5755,0.7,0.4271,0.7059,10,695,102,0.5946,30
Marko Tepavac,0.1143,0.0495,0.6162,0.7221,0.4944,0.7798,79,5075,822,0.5199,181
Marko Topo,0.0632,0.0423,0.6012,0.7053,0.5018,0.7755,143,10374,1577,0.6234,354
Marko Vujic,0.0625,0.1042,0.5208,0.64,0.3043,0.4286,1,48,7,0.6923,4
Markos Kalovelonis,0.1025,0.0509,0.5841,0.7121,0.4961,0.7806,46,3063,474,0.6204,104
Markus Eriksson,0.043,0.0273,0.614,0.653,0.4856,0.6985,102,7203,1098,0.5616,331
Markus Malaszszak,0.0854,0.0603,0.5879,0.6838,0.3659,0.5938,3,199,32,0.4348,13
Markus Molder,0.0388,0.0097,0.4854,0.48,0.4151,0.4118,2,103,17,0.4118,10
Marlon Vankan,0.0325,0.0665,0.6043,0.6547,0.4102,0.6429,9,647,98,0.5455,35
Marouane Wasfy,0.0139,0.0972,0.5,0.5833,0.2778,0.3333,2,72,12,0.2727,8
Marsel Ilhan,0.0666,0.0286,0.601,0.7126,0.4867,0.7705,118,7833,1198,0.6212,275
Martim Leote Prata,0.0118,0.0549,0.6667,0.5647,0.3412,0.5,4,255,38,0.5957,19
Martim Simoes,0.0,0.0388,0.6589,0.5529,0.4318,0.5294,2,129,17,0.619,8
Martin Alund,0.0,0.1429,0.5238,0.5455,0.3,0.3333,1,42,6,0.5556,4
Martin Antonio Vergara Del Puerto,0.0408,0.0571,0.6816,0.5928,0.4231,0.5676,3,245,37,0.5152,16
Martin Barbier,0.0,0.0333,0.5,0.5,0.3667,0.4,1,60,10,0.4545,6
Martin Beran,0.0762,0.0571,0.619,0.7385,0.6,0.9375,1,105,16,0.6667,1
Martin Blasko,0.0485,0.0391,0.5889,0.6522,0.4852,0.6726,11,742,113,0.5795,37
Martin Borisiouk,0.0683,0.0657,0.6121,0.7011,0.485,0.7438,11,776,121,0.6026,31
Martin Breysach,0.0645,0.0161,0.629,0.6667,0.4348,0.6667,1,62,9,0.7273,3
Martin Bugaj,0.0244,0.122,0.2927,0.25,0.4138,0.1429,1,41,7,0.3333,6
Martin Cuevas,0.0746,0.0575,0.5435,0.711,0.4806,0.7291,168,11834,1842,0.5521,499
Martin Damm,0.1548,0.0614,0.5881,0.7815,0.4936,0.8475,149,11293,1751,0.6486,272
Martin Doskocil,0.0381,0.0952,0.7143,0.6667,0.3,0.7333,1,105,15,0.2,4
Martin Estevarena,0.0571,0.0857,0.5143,0.3333,0.2353,0.1429,1,35,7,0.0,6
Martin Fekiac,0.0774,0.0238,0.5595,0.6489,0.6081,0.7917,2,168,24,0.6154,5
Martin Fischer,0.0344,0.0405,0.5992,0.6757,0.5,0.7308,10,494,78,0.5532,21
Martin Joyce,0.1669,0.0425,0.622,0.7342,0.425,0.766,8,635,94,0.5686,22
Martin Klizan,0.051,0.046,0.571,0.6849,0.502,0.7394,167,11154,1719,0.5813,448
Martin Krumich,0.0516,0.04,0.5848,0.6706,0.4701,0.7029,120,8976,1343,0.6002,399
Martin Landaluce,0.0537,0.053,0.6333,0.6932,0.4909,0.7692,151,11200,1677,0.6245,392
Martin Maldonado,0.0,0.0732,0.7317,0.5,0.2727,0.2857,1,41,7,0.2857,5
Martin Pedersen,0.05,0.035,0.62,0.7,0.5,0.78,1,0,0,0.58,0
Martin Redlicki,0.1093,0.0446,0.6434,0.7228,0.5025,0.8101,60,4436,690,0.6351,131
Martin Rios Benitez,0.0167,0.0333,0.7333,0.5455,0.5,0.6,1,60,10,0.2,4
Martin Rondina,0.0238,0.0476,0.619,0.2692,0.5,0.1429,1,42,7,0.25,6
Martin Sabas,0.0507,0.0299,0.6269,0.6905,0.544,0.8085,4,335,47,0.6897,9
Martin Vaisse,0.0446,0.0446,0.5472,0.6775,0.5354,0.7326,8,561,86,0.5208,23
Martin Zeljenka,0.0441,0.0,0.7206,0.4286,0.5789,0.5,1,68,10,0.5,5
Martins Podzus,0.048,0.0489,0.648,0.7165,0.509,0.8333,15,1105,168,0.6706,28
Marton Fucsovics,0.0591,0.042,0.5795,0.714,0.53,0.7968,289,18889,2962,0.6199,602
Martyn Pawelski,0.0861,0.0861,0.5414,0.7156,0.3682,0.6264,8,604,91,0.4769,34
Marvin Bernardo Becker Spiering,0.0103,0.0582,0.6267,0.5738,0.4587,0.5455,5,292,44,0.4737,20
Marvin Greven,0.0172,0.0259,0.6207,0.5139,0.3182,0.3125,3,116,16,0.45,11
Marvin Moeller,0.0359,0.0467,0.6124,0.6678,0.4731,0.706,109,7520,1143,0.5747,336
Marvin Netuschil,0.0289,0.0441,0.6868,0.6437,0.458,0.6894,21,1520,235,0.6011,73
Masakatsu Noguchi,0.0583,0.0333,0.6417,0.7013,0.4884,0.7273,2,120,22,0.5,6
Masaki Osafune,0.0303,0.0379,0.553,0.6986,0.4746,0.7143,2,132,21,0.4545,6
Masaki Sasai,0.0429,0.0429,0.7214,0.6436,0.4872,0.7391,2,140,23,0.5,6
Masamichi Imamura,0.0338,0.0235,0.6393,0.6508,0.4955,0.7116,88,5881,905,0.5397,261
Masato Shiga,0.0055,0.0166,0.6981,0.5298,0.3899,0.4815,12,722,108,0.4955,56
Masaya Kobayashi,0.017,0.0213,0.6723,0.6013,0.5195,0.6486,4,235,37,0.5185,13
Masayoshi Ono,0.1,0.0294,0.6206,0.6967,0.4496,0.7447,4,340,47,0.7073,12
Mason Naumovski,0.0845,0.0845,0.5915,0.619,0.4483,0.6667,1,71,9,0.7,3
Massimo Giunta,0.0787,0.0393,0.5673,0.701,0.4915,0.746,24,1627,248,0.6205,63
Massimo Pizzigoni,0.0127,0.0759,0.557,0.6136,0.4571,0.6667,1,79,12,0.4286,4
Matas Vasiliauskas,0.0189,0.1132,0.4528,0.6667,0.4138,0.5556,1,53,9,0.0,4
Mate Delic,0.0803,0.0356,0.5952,0.6876,0.5029,0.7519,48,3399,528,0.603,131
Mate Pavic,0.1001,0.0455,0.6148,0.7368,0.4619,0.7697,23,989,152,0.5625,35
Mate Valkusz,0.0304,0.0425,0.6227,0.6515,0.4982,0.7133,132,8889,1322,0.583,382
Matei Adrian Georgescu,0.06,0.06,0.58,0.5862,0.4286,0.5,1,50,8,0.3333,4
Matei Cristian Onofrei,0.0204,0.1088,0.5986,0.4659,0.3051,0.2917,3,147,24,0.3704,17
Matei Todoran,0.0233,0.0698,0.3721,0.3125,0.4074,0.2857,1,43,7,0.4444,5
Matei Varbanciu,0.0319,0.0532,0.6383,0.5,0.3529,0.3333,2,94,15,0.3333,10
Matej Dodig,0.0599,0.0405,0.6027,0.6922,0.4833,0.7502,124,9191,1397,0.5947,349
Matej Galik,0.0208,0.0208,0.5833,0.4643,0.5,0.4286,1,48,7,0.4286,4
Matej Maruscak,0.026,0.0519,0.6883,0.7075,0.3958,0.72,2,154,25,0.3,7
Matej Sabanov,0.034,0.0564,0.5914,0.6507,0.4532,0.652,48,3030,477,0.478,166
Matej Vocel,0.1008,0.0401,0.5303,0.7633,0.4636,0.7312,16,1171,186,0.4949,50
Mateo Andres Ruiz Naranjo,0.0,0.0543,0.5217,0.4583,0.4091,0.3333,3,92,15,0.4444,10
Mateo Barreiros Reyes,0.029,0.0456,0.6011,0.6483,0.5072,0.706,40,2961,449,0.5217,132
Mateo Castaneda,0.01,0.0684,0.6467,0.5771,0.4315,0.5596,10,702,109,0.4783,48
Mateo Del Pino,0.0141,0.0604,0.5835,0.5379,0.4203,0.4648,7,497,71,0.4865,38
Mateo Galdon,0.0,0.1515,0.3636,0.5,0.2381,0.1667,1,33,6,0.0,5
Mateo Gomez,0.0117,0.076,0.6082,0.5673,0.2985,0.3846,3,171,26,0.3846,16
Mateo Labuckas,0.0,0.0649,0.6234,0.5625,0.4138,0.5,1,77,8,0.7333,4
Mateo Nicolas Martinez,0.0226,0.0434,0.599,0.5797,0.4242,0.5287,9,576,87,0.4675,41
Mateo Vereau Melendez,0.0,0.0323,0.7581,0.4681,0.4667,0.4,1,62,10,0.5,6
Mateus Alves,0.0708,0.0392,0.613,0.7136,0.4959,0.7813,184,13435,2090,0.6143,457
Mateus De Carvalho Cardoso Alves,0.1111,0.0208,0.5972,0.6628,0.5345,0.7083,2,144,24,0.5,7
Mateusz Kowalczyk,0.1709,0.0684,0.5299,0.8065,0.4727,0.7895,2,117,19,0.6,4
Mateusz Kulakowski,0.0714,0.0714,0.5357,0.7,0.3077,0.5,1,56,8,0.5556,4
Mateusz Lange,0.0164,0.0656,0.6557,0.575,0.1429,0.3333,1,61,9,0.4,6
Mateusz Smolicki,0.0,0.1,0.525,0.5238,0.3158,0.2857,1,40,7,0.2857,5
Mateusz Terczynski,0.0423,0.0521,0.6808,0.6316,0.4592,0.66,5,307,50,0.2917,17
Matheus Amorim De Lima,0.0174,0.0349,0.7093,0.5492,0.44,0.5,3,172,26,0.5,13
Matheus Cury Bueres,0.0029,0.0904,0.6385,0.5251,0.3065,0.38,6,343,50,0.4259,31
Matheus Pucinelli De Almeida,0.0281,0.0331,0.6571,0.654,0.5004,0.7285,244,17296,2645,0.5698,718
Mathias Bourgue,0.0841,0.0335,0.6302,0.7043,0.5012,0.7824,488,33222,5156,0.6024,1124
Mathieu Perchicot,0.0246,0.0423,0.5894,0.6357,0.4667,0.6525,48,3288,495,0.559,172
Mathieu Scaglia,0.0719,0.0654,0.5033,0.5844,0.4737,0.5769,2,153,26,0.4211,11
Mathis Bondaz,0.0194,0.0777,0.6796,0.4857,0.303,0.3571,2,103,14,0.5263,9
Mathis Debru,0.0677,0.0438,0.6494,0.6687,0.4545,0.8387,2,251,31,0.8148,5
Mathys Erhard,0.0452,0.0388,0.6428,0.6665,0.4677,0.7225,133,9697,1445,0.603,401
Matias Castro,0.05,0.035,0.62,0.7,0.5,0.78,1,0,0,0.58,0
Matias Franco Descotte,0.0403,0.0318,0.6141,0.6755,0.4805,0.7277,109,7587,1153,0.5906,314
Matias Rodolfo Buchhass,0.0556,0.1111,0.6667,0.5833,0.3333,0.6667,1,18,3,0.5,1
Matias Rojas,0.0,0.0737,0.5474,0.5385,0.3488,0.3333,2,95,15,0.4118,10
Matias Soto,0.0592,0.0499,0.5752,0.7004,0.4914,0.7507,135,9395,1420,0.5791,354
Matias Zukas,0.0536,0.0382,0.5476,0.6725,0.4942,0.7006,74,4996,775,0.5369,232
Matic Spec,0.0,0.0632,0.6316,0.6333,0.4857,0.6875,1,95,16,0.2857,5
Matija Pecotic,0.0442,0.0365,0.6065,0.6666,0.5213,0.7344,103,6567,1024,0.5497,272
Matisse Bobichon,0.0824,0.0463,0.5406,0.7161,0.5184,0.781,14,886,137,0.6386,30
Mats Hermans,0.0223,0.067,0.5698,0.6176,0.4156,0.5652,3,179,23,0.6154,10
Mats Moraing,0.1374,0.061,0.5683,0.7651,0.4783,0.805,301,19490,3021,0.6199,604
Mats Rosenkranz,0.119,0.0492,0.6011,0.7557,0.4908,0.8221,203,14567,2294,0.644,408
Matt Halpin,0.0592,0.0941,0.554,0.6226,0.4766,0.5854,4,287,41,0.5405,17
Matt Hulme,0.0859,0.0212,0.6953,0.6899,0.5445,0.8289,28,2212,339,0.6506,58
Matt Kleiman,0.0,0.1176,0.5098,0.5769,0.32,0.375,1,51,8,0.2857,5
Matt Kuhar,0.0511,0.0511,0.6244,0.6684,0.4678,0.6886,27,1821,289,0.4944,90
Matt Ponchet,0.0426,0.0426,0.617,0.7356,0.4259,0.7895,2,141,19,0.5556,4
Matt Reid,0.1233,0.0607,0.5821,0.7458,0.4835,0.8006,61,4346,672,0.6236,134
Matt Seeberger,0.0531,0.0716,0.443,0.5689,0.3857,0.4286,5,377,56,0.4483,32
Matteo Arnaldi,0.0477,0.0431,0.6028,0.6727,0.4929,0.7345,162,11773,1793,0.6003,476
Matteo Berrettini,0.1008,0.0244,0.6077,0.7653,0.5503,0.8711,122,8717,1404,0.6715,181
Matteo Covato,0.0921,0.0552,0.6229,0.6581,0.4841,0.7015,21,1249,201,0.542,60
Matteo Donati,0.055,0.0252,0.6586,0.6753,0.5163,0.7641,225,14789,2276,0.5926,543
Matteo Fondriest,0.0239,0.0571,0.5709,0.6452,0.4163,0.6076,9,543,79,0.5634,31
Matteo Gigante,0.0469,0.0492,0.594,0.6789,0.4916,0.7251,225,16042,2463,0.5746,687
Matteo Marfia,0.0484,0.06,0.5397,0.6344,0.4118,0.5663,9,517,83,0.5,36
Matteo Martineau,0.0803,0.0468,0.6483,0.7209,0.4743,0.7885,320,23538,3650,0.615,772
Matteo Morazzi,0.0,0.1538,0.6154,0.65,0.36,0.5556,1,65,9,0.7143,4
Matteo Mura,0.0,0.0619,0.5876,0.4561,0.275,0.2143,2,97,14,0.3889,11
Matteo Siccardi,0.0143,0.0714,0.6,0.4762,0.3571,0.3846,1,70,13,0.3333,8
Matteo Trevisan,0.0572,0.0304,0.6369,0.6966,0.4335,0.7381,11,559,84,0.6508,22
Matteo Vavassori,0.0,0.087,0.6812,0.5745,0.3636,0.5,1,69,8,0.8,4
Matteo Vialmin,0.0,0.0833,0.4,0.375,0.4167,0.3636,1,60,11,0.3,7
Matteo Viola,0.0179,0.0535,0.6575,0.6271,0.4605,0.6601,291,20892,3154,0.5476,1078
Matthew Barton,0.1413,0.0388,0.5911,0.7627,0.4818,0.8223,90,5980,923,0.6473,164
Matthew Chadwick,0.1333,0.1167,0.5667,0.7941,0.2308,0.5556,1,60,9,0.3333,4
Matthew Christopher Romios,0.0754,0.0415,0.5875,0.6599,0.4623,0.6793,48,3183,474,0.5294,152
Matthew Dellavedova,0.0235,0.0251,0.7041,0.6007,0.4778,0.6518,98,6769,1011,0.5344,352
Matthew Ebden,0.0815,0.0542,0.625,0.7349,0.5015,0.8049,214,13262,2102,0.6046,414
Matthew Forbes,0.0323,0.0774,0.5806,0.6222,0.5077,0.75,2,155,20,0.7826,5
Matthew Kandath,0.0444,0.0333,0.6481,0.6857,0.4421,0.7179,4,270,39,0.6207,11
Matthew Leffler,0.063,0.063,0.5748,0.6301,0.4259,0.5652,3,127,23,0.2857,10
Matthew Mendez,0.0169,0.0508,0.5593,0.697,0.5385,0.7778,1,59,9,0.6,2
Matthew Rankin,0.0952,0.131,0.4881,0.6585,0.4884,0.6923,1,84,13,0.6,4
Matthew Segura,0.0108,0.086,0.5699,0.5094,0.3,0.2941,2,93,17,0.2,12
Matthew Summers,0.0323,0.0287,0.7133,0.5955,0.5437,0.7436,8,558,78,0.6,20
Matthew William Donald,0.0159,0.0886,0.6156,0.6288,0.424,0.6207,18,1129,174,0.4962,66
Matthew Woerndle,0.0,0.0164,0.7705,0.4894,0.3571,0.2857,1,61,7,0.7222,5
Matthias Bachinger,0.0826,0.0364,0.6044,0.7161,0.489,0.7819,322,21934,3338,0.6157,734
Matthias Haim,0.0331,0.0795,0.6093,0.6848,0.4407,0.6957,2,151,23,0.5625,7
Matthias Ujvary,0.0307,0.0399,0.6063,0.6307,0.4597,0.6382,16,978,152,0.5045,55
Matthias Uwe Kask,0.0435,0.0,0.587,0.5926,0.3158,0.5,1,46,8,0.3333,4
Matthieu Roy,0.1132,0.1038,0.4811,0.7647,0.4727,0.7647,2,106,17,0.5556,4
Mattia Bellucci,0.0825,0.0424,0.5988,0.7297,0.5262,0.8145,222,15313,2393,0.6211,449
Mattia Mannocci,0.0,0.0149,0.791,0.5283,0.2857,0.5,2,67,12,0.3333,6
Matvey Khomentovskiy,0.0458,0.0196,0.7908,0.5702,0.4375,0.6316,2,153,19,0.6667,7
Matvey Minin,0.025,0.075,0.7125,0.7018,0.5217,0.8333,1,80,12,0.8,2
Matwe Middelkoop,0.0608,0.0335,0.572,0.6855,0.5014,0.7459,24,1612,244,0.5373,62
Matyas Cerny,0.0184,0.0341,0.5939,0.6287,0.4622,0.6481,21,1465,216,0.519,76
Matyas Fuele,0.0268,0.0536,0.5179,0.569,0.3333,0.3333,2,112,15,0.6,10
Mauricio Alvarez Guzman,0.0,0.0667,0.4667,0.4762,0.3333,0.2857,1,45,7,0.1667,5
Mauricio Astorga,0.0786,0.0388,0.4832,0.7505,0.4888,0.7619,15,954,147,0.6535,35
Mauricio Echazu,0.0196,0.0395,0.7019,0.5912,0.4605,0.619,39,2506,378,0.5184,144
Mauricio Perez Mota,0.0159,0.0476,0.619,0.5897,0.4167,0.5556,1,63,9,0.6667,4
Mauricio Resendiz Dominguez,0.0234,0.0898,0.5898,0.6358,0.4571,0.6842,4,256,38,0.52,12
Mauricio Rivera Caballero,0.0159,0.1032,0.6349,0.6312,0.4239,0.6471,3,252,34,0.625,12
Mauricio Schtulmann Gasca,0.0,0.0781,0.5469,0.5429,0.3103,0.2857,1,64,7,0.6667,5
Maurizio Speziali,0.037,0.037,0.3704,0.5,0.4118,0.375,1,54,8,0.5455,5
Maverick Banes,0.0467,0.0338,0.61,0.6776,0.5142,0.7448,131,8821,1383,0.5658,353
Max  Sheldon,0.0741,0.0556,0.5926,0.625,0.4545,0.6667,1,54,9,0.5,3
Max Alcala Gurri,0.0087,0.0687,0.6918,0.6041,0.4467,0.6217,68,4597,682,0.5283,258
Max Andrews,0.0185,0.0278,0.5741,0.5161,0.4565,0.4706,2,108,17,0.4706,9
Max Basing,0.0116,0.0396,0.652,0.6234,0.4869,0.6907,20,1641,236,0.5805,73
Max Batyutenko,0.0345,0.1379,0.4828,0.6071,0.4333,0.5556,1,58,9,0.5556,4
Max Benaim,0.1004,0.0418,0.5188,0.6048,0.4783,0.6,4,239,35,0.5333,14
Max Colorado,0.0244,0.0488,0.6585,0.4444,0.2143,0.1429,1,41,7,0.3333,6
Max Dahlin,0.1129,0.0645,0.5242,0.7538,0.4746,0.75,2,124,20,0.5455,5
Max De Vroome,0.05,0.035,0.62,0.7,0.5,0.78,1,0,0,0.58,0
Max Hans Rehberg,0.0396,0.0357,0.6797,0.6773,0.5092,0.7729,147,10637,1625,0.6099,369
Max Houkes,0.037,0.0608,0.6185,0.6668,0.4592,0.697,126,8705,1330,0.5904,403
Max Jacob Schnur,0.0759,0.0422,0.654,0.6323,0.4329,0.6338,7,474,71,0.5,26
Max Purcell,0.0928,0.0291,0.5903,0.7237,0.5056,0.7919,325,22940,3537,0.6097,751
Max Schoenhaus,0.0821,0.0632,0.574,0.6808,0.4555,0.697,13,1108,165,0.6,50
Max Stenzer,0.0169,0.0847,0.5593,0.6061,0.3077,0.5,1,59,8,0.5556,4
Max Stewart,0.04,0.06,0.52,0.6154,0.4583,0.625,1,50,8,0.625,3
Max Wennakoski,0.0393,0.0112,0.5281,0.7021,0.5952,0.7586,3,178,29,0.5333,7
Max Wiskandt,0.0556,0.0482,0.6458,0.6658,0.4949,0.7382,97,7405,1123,0.5751,294
Maxence Beauge,0.0934,0.0331,0.5975,0.7066,0.4871,0.7753,34,2601,396,0.6044,89
Maxence Bertimon,0.0824,0.0483,0.6506,0.6856,0.439,0.7018,5,352,57,0.5,17
Maxence Broville,0.0585,0.0612,0.6277,0.6144,0.4571,0.6316,5,376,57,0.6316,21
Maxence Rivet,0.0402,0.0345,0.5517,0.6458,0.4615,0.5862,3,174,29,0.4286,12
Maxim Dubarenco,0.0421,0.0334,0.6682,0.6426,0.5323,0.7468,26,1495,233,0.5845,59
Maxim Geraskin,0.0385,0.0897,0.4615,0.75,0.3333,0.6,1,78,10,0.5,4
Maxim Kravtsov,0.0,0.0769,0.2821,0.8182,0.3571,0.4286,1,39,7,0.0,4
Maxim Mrva,0.0381,0.055,0.5578,0.639,0.4554,0.6332,63,4618,698,0.5096,256
Maxim Shin,0.0127,0.1356,0.5763,0.5588,0.43,0.4615,4,236,39,0.4,21
Maxim Verboven,0.0323,0.0323,0.6129,0.5526,0.3333,0.375,1,62,8,0.5455,5
Maxim Zhukov,0.0411,0.0657,0.5943,0.6489,0.4909,0.7075,33,2435,359,0.5643,105
Maxime Authom,0.0487,0.0332,0.624,0.6869,0.5109,0.7516,60,4008,624,0.6036,155
Maxime Chazal,0.032,0.0417,0.6374,0.656,0.4693,0.6961,146,10061,1540,0.573,468
Maxime Cressy,0.1767,0.101,0.6202,0.7898,0.5059,0.8588,241,17887,2798,0.6323,414
Maxime Hamou,0.0389,0.0332,0.6291,0.6521,0.4897,0.7092,99,6684,1011,0.5745,294
Maxime Janvier,0.0679,0.0541,0.6009,0.7173,0.4908,0.7763,574,41613,6409,0.5942,1444
Maxime Mora,0.0224,0.0428,0.5588,0.6157,0.4339,0.5918,14,1029,147,0.5683,60
Maxime Pauwels,0.0152,0.0,0.6364,0.5952,0.4167,0.5556,1,66,9,0.6364,4
Maxime Petel,0.0182,0.0364,0.4364,0.5833,0.4194,0.5,1,55,8,0.2,4
Maxime Tabatruong,0.0569,0.0423,0.5597,0.6741,0.4917,0.7182,46,3427,511,0.6011,144
Maxime Tchoutakian,0.0284,0.0284,0.5902,0.6288,0.4969,0.6833,5,388,60,0.5476,19
Maxime Teixeira,0.0593,0.0571,0.6141,0.6634,0.4248,0.6632,55,3154,481,0.5207,162
Maximilian Homberg,0.0308,0.0969,0.5419,0.6911,0.4519,0.7143,4,227,35,0.5,10
Maximilian Marterer,0.0837,0.0281,0.6209,0.732,0.539,0.8288,406,27185,4235,0.636,733
Maximilian Neuchrist,0.0793,0.0286,0.6418,0.7189,0.507,0.8082,231,16371,2513,0.6308,487
Maximiliano Estevez,0.0257,0.0542,0.6466,0.6002,0.4653,0.633,38,2530,376,0.5633,138
Maximo Gonzalez,0.0264,0.0349,0.6391,0.6584,0.5213,0.7367,163,9950,1538,0.582,405
Maximo Zeitune,0.0412,0.0287,0.684,0.6646,0.4707,0.7255,22,1674,255,0.6023,70
Maximus Jones,0.0577,0.0367,0.5978,0.7056,0.4917,0.7662,84,6295,971,0.6185,227
Maxwell Exsted,0.0234,0.0234,0.7266,0.6022,0.4571,0.619,2,128,21,0.3333,8
Maxwell Mckennon,0.0667,0.0602,0.6017,0.7029,0.5087,0.7902,37,2310,367,0.586,77
Mayeul Darras,0.0755,0.0377,0.6038,0.625,0.4286,0.6667,1,53,9,0.4,3
Mayez Jupiter Elrich,0.0,0.0952,0.5238,0.4545,0.35,0.2857,1,42,7,0.4444,5
Mcclain Kessler,0.0256,0.0641,0.5385,0.5238,0.4444,0.5,1,78,10,0.5833,5
Medhir Goyal,0.0625,0.0875,0.6,0.625,0.4062,0.5714,2,80,14,0.5,6
Mees Rottgering,0.0384,0.0466,0.5881,0.6737,0.4842,0.7183,18,1459,213,0.5385,60
Mehdi Benchakroun,0.0182,0.0909,0.5091,0.5357,0.2963,0.3333,1,55,9,0.4,6
Mehdi Jdi,0.0313,0.0548,0.611,0.5299,0.3893,0.4545,6,383,55,0.4828,30
Mehluli Don Ayanda Sibanda,0.0565,0.0452,0.5989,0.6604,0.5493,0.7778,3,177,27,0.6842,6
Melik Feler,0.0,0.0638,0.4894,0.4348,0.375,0.2857,1,47,7,0.375,5
Melios Efstathiou,0.0231,0.037,0.6296,0.5588,0.475,0.5882,3,216,34,0.3636,14
Menelaos Efstathiou,0.0161,0.0482,0.619,0.5688,0.4304,0.5052,10,622,97,0.4545,48
Mert Alkaya,0.086,0.0322,0.5421,0.7163,0.5185,0.7903,24,1710,267,0.6138,56
Mert Naci Turker,0.0586,0.0811,0.5691,0.6438,0.4181,0.6042,10,666,96,0.5476,38
Mert Zincirli,0.0714,0.0857,0.4286,0.6667,0.475,0.6667,1,70,9,0.5,3
Micah Braswell,0.0667,0.0327,0.5927,0.6921,0.5036,0.7717,43,3057,473,0.6073,108
Michael Agwi,0.0871,0.0591,0.6558,0.7365,0.4785,0.7981,19,1354,213,0.5743,43
Michael Alejandro Beltran Rubio,0.0,0.1111,0.5417,0.4744,0.2727,0.1739,3,144,23,0.3667,19
Michael Antonius,0.0149,0.0149,0.6269,0.631,0.52,0.7647,1,134,17,0.75,4
Michael Bassem Sobhy,0.0402,0.0268,0.5848,0.6527,0.4839,0.6866,6,448,67,0.5435,21
Michael Berrer,0.0785,0.0314,0.6584,0.7234,0.5371,0.8202,91,4970,801,0.6211,144
Michael Cunningham,0.0417,0.0104,0.6146,0.5932,0.3514,0.5,1,96,14,0.5,7
Michael Geerts,0.061,0.0355,0.58,0.7101,0.5141,0.7851,318,22983,3536,0.62,760
Michael Genender,0.0983,0.0636,0.6012,0.6635,0.4638,0.7037,3,173,27,0.5294,8
Michael Grant Gd13,0.0678,0.0678,0.6271,0.7027,0.4091,0.6667,2,59,9,0.7,3
Michael Kerschbaumer,0.1042,0.0625,0.3958,0.7895,0.5172,0.6667,1,48,9,0.25,3
Michael Lammer,0.0169,0.1017,0.4237,0.68,0.4706,0.6667,1,59,9,0.625,3
Michael Linzer,0.0478,0.0483,0.581,0.6636,0.4844,0.7077,96,6134,927,0.5881,271
Michael Look,0.0804,0.0402,0.6302,0.6933,0.5015,0.7622,16,895,143,0.5278,34
Michael Mathayomchand,0.0417,0.0521,0.5104,0.551,0.4468,0.5333,2,96,15,0.4615,7
Michael Mmoh,0.0683,0.0526,0.6558,0.7053,0.4847,0.7818,413,27492,4280,0.6005,940
Michael Morphy,0.0,0.0169,0.7119,0.619,0.6471,0.7778,1,59,9,0.7143,2
Michael Ogden,0.0435,0.1087,0.5217,0.5833,0.3182,0.375,1,46,8,0.375,5
Michael Quintero,0.0106,0.0529,0.7037,0.5489,0.4554,0.5357,8,378,56,0.4583,26
Michael Ray Pallares Gonzalez,0.029,0.058,0.7536,0.5962,0.2941,0.5556,1,69,9,0.6364,4
Michael Redlicki,0.073,0.0381,0.6327,0.7085,0.5135,0.7931,81,5439,870,0.5755,180
Michael Russell,0.0218,0.0363,0.6524,0.6378,0.5058,0.7232,14,1240,177,0.6549,49
Michael Shabaz,0.0552,0.0368,0.6074,0.7172,0.4531,0.7692,2,163,26,0.5,6
Michael Shepheard,0.0152,0.0657,0.5758,0.5789,0.4524,0.5926,3,198,27,0.5769,11
Michael Venus,0.1018,0.0559,0.5788,0.7276,0.5152,0.8122,28,1484,229,0.6387,43
Michael Vrbensky,0.0466,0.0519,0.5519,0.6773,0.4807,0.71,210,14887,2252,0.6004,653
Michael Weindl,0.0769,0.0592,0.5148,0.6667,0.4268,0.5926,3,169,27,0.3529,11
Michael Zheng,0.071,0.0267,0.5767,0.7258,0.5326,0.8158,65,4307,646,0.6515,130
Michael Zhu,0.0229,0.0476,0.5982,0.5832,0.4408,0.5828,17,1135,163,0.5696,68
Michail Pervolarakis,0.0523,0.0563,0.5819,0.6617,0.475,0.6944,75,5166,769,0.5855,235
Michal Bisko,0.0476,0.0762,0.581,0.5902,0.3636,0.5,2,105,16,0.4667,8
Michal Dembek,0.0451,0.049,0.5474,0.6477,0.4227,0.6114,19,1286,193,0.5253,75
Michal Konecny,0.0638,0.0621,0.5818,0.688,0.4811,0.7324,40,2788,426,0.573,114
Michal Krajci,0.0795,0.0371,0.657,0.6895,0.4865,0.75,12,755,120,0.5833,30
Michal Marko,0.0758,0.1515,0.4697,0.7742,0.3429,0.6667,1,66,9,0.75,3
Michal Mikula,0.07,0.025,0.63,0.7143,0.527,0.7647,3,200,34,0.5556,8
Michal Pazicky,0.0286,0.1286,0.4286,0.7,0.25,0.25,1,70,8,0.5714,6
Michal Przysiezny,0.1123,0.0467,0.6019,0.7495,0.514,0.8258,130,8415,1332,0.6276,232
Michal Schmid,0.051,0.0446,0.6433,0.6634,0.4107,0.6667,2,157,24,0.4286,8
Michalis Sakellaridis,0.0028,0.048,0.6836,0.4711,0.4196,0.4074,6,354,54,0.4483,32
Michel Alexandre Fortin,0.0339,0.1017,0.3559,0.619,0.4737,0.5556,1,59,9,0.6,4
Michel Vernier,0.0334,0.0363,0.6348,0.6551,0.4988,0.6997,38,2366,373,0.5333,112
Michele Cappellacci,0.0103,0.0619,0.6701,0.5231,0.3125,0.3333,2,97,15,0.375,10
Michele Longo,0.0,0.08,0.6,0.4,0.45,0.2308,2,100,13,0.2857,10
Michele Mecarelli,0.048,0.056,0.524,0.7099,0.5294,0.7838,3,250,37,0.7037,8
Michele Ribecai,0.0203,0.0316,0.6055,0.6481,0.5645,0.7327,29,1868,303,0.512,81
Michele Vianello,0.032,0.032,0.696,0.5632,0.3684,0.5263,2,125,19,0.3077,9
Michiel De Krom,0.0302,0.0444,0.6278,0.6283,0.4627,0.6515,23,1620,241,0.5484,84
Mick Lescure,0.0537,0.0691,0.4877,0.7291,0.4771,0.7195,21,1620,246,0.5741,69
Mick Veldheer,0.0242,0.056,0.6087,0.6444,0.4469,0.6497,16,1035,157,0.6099,55
Mickael Kaouk,0.0294,0.0441,0.7059,0.75,0.15,0.6,1,68,10,0.6,4
Micke Kontinen,0.0777,0.0353,0.5442,0.6299,0.5271,0.7027,4,283,37,0.6944,11
Mico Santiago,0.0215,0.1016,0.5879,0.5847,0.4171,0.5385,9,512,78,0.5263,36
Miguel Angel Cabrera,0.0086,0.0172,0.7586,0.4773,0.5357,0.5263,2,116,19,0.25,9
Miguel Angel Reyes Varela,0.0454,0.0514,0.5658,0.6551,0.5052,0.6759,12,661,108,0.3966,35
Miguel Cejudo,0.0238,0.1548,0.5476,0.4565,0.3684,0.3333,2,84,15,0.0909,10
Miguel Damas,0.0165,0.0409,0.644,0.6223,0.4825,0.6719,136,9891,1460,0.5727,479
Miguel Diaz,0.0057,0.04,0.6,0.5619,0.5286,0.6,3,175,30,0.4286,12
Miguel Fernando Pereira,0.0,0.0466,0.6736,0.5231,0.3333,0.4483,3,193,29,0.4839,16
Miguel Garcia,0.0241,0.012,0.7349,0.3934,0.2273,0.1538,2,83,13,0.3125,11
Miguel Gomes,0.0203,0.1115,0.5861,0.5274,0.3224,0.3483,10,592,89,0.4314,58
Miguel Larrea Sicco,0.0282,0.1408,0.4789,0.3824,0.2162,0.1538,2,71,13,0.3889,11
Miguel Semedo,0.0213,0.0851,0.4468,0.4286,0.2308,0.0,1,47,6,0.4,6
Miguel Semmler,0.0279,0.0584,0.6269,0.5992,0.381,0.5556,6,394,63,0.3636,28
Miguel Tobon,0.0544,0.0608,0.5836,0.6827,0.493,0.7306,53,3785,568,0.5842,153
Mihai Alexandru Coman,0.0063,0.0846,0.652,0.5817,0.3514,0.4773,6,319,44,0.5306,23
Mihai Razvan Marinescu,0.0154,0.0615,0.6423,0.6108,0.3763,0.55,4,260,40,0.5,18
Mihail Khaldeev,0.05,0.1,0.575,0.5217,0.0588,0.25,1,40,8,0.25,6
Mihailo Samardzija,0.0303,0.1818,0.5455,0.2778,0.2,0.0,1,33,6,0.4,6
Mihnea Lorin Stefan Turcu,0.0465,0.093,0.6047,0.5769,0.4706,0.5,1,43,8,0.3333,4
Mihnea Maftei,0.0,0.0353,0.6471,0.5273,0.3667,0.3846,1,85,13,0.3846,8
Mika Brunold,0.0398,0.0493,0.6066,0.6742,0.5092,0.7451,100,7054,1075,0.5861,274
Mika Lipp,0.0,0.0,0.5652,0.5,0.4,0.375,1,46,8,0.2857,5
Mika Petkovic,0.033,0.0377,0.6148,0.6905,0.4857,0.7333,9,636,105,0.5625,28
Mikael Arseneault,0.0406,0.0388,0.6138,0.6264,0.5023,0.6818,8,567,88,0.5088,28
Mikael Torpegaard,0.0726,0.0474,0.5805,0.7149,0.5044,0.7679,183,12775,1995,0.5593,472
Mikael Ymer,0.0305,0.0422,0.6528,0.6548,0.4788,0.7215,231,16880,2506,0.6019,707
Mikail Alimli,0.0581,0.0871,0.5387,0.6347,0.3357,0.4681,5,310,47,0.4565,25
Mikalai Haliak,0.0376,0.0344,0.5979,0.6522,0.4606,0.6727,67,4357,660,0.5509,216
Mike Urbanija,0.0221,0.0442,0.5619,0.6142,0.5657,0.6944,4,226,36,0.56,11
Mikelis Libietis,0.0877,0.0541,0.564,0.7099,0.4327,0.7074,23,1516,229,0.5442,67
Mikhail Balmashev,0.0223,0.0447,0.6704,0.65,0.4576,0.6552,3,179,29,0.6154,10
Mikhail Elgin,0.0857,0.0419,0.6044,0.7128,0.4603,0.7441,73,4366,676,0.5986,173
Mikhail Fufygin,0.0588,0.0719,0.5991,0.6655,0.462,0.6957,6,459,69,0.5625,21
Mikhail Galyamov,0.0351,0.0702,0.5789,0.6061,0.4167,0.5556,1,57,9,0.3333,4
Mikhail Korovin,0.0395,0.0132,0.7105,0.6296,0.6364,0.7692,1,76,13,0.625,3
Mikhail Kukushkin,0.0399,0.0162,0.6467,0.6827,0.5418,0.7957,383,26495,3974,0.6274,831
Mikhail Ledovskikh,0.118,0.0262,0.5727,0.7615,0.5013,0.8252,17,915,143,0.6377,25
Mikhail Vaks,0.0731,0.0266,0.701,0.7299,0.5778,0.8776,5,301,49,0.7,6
Mikhail Youzhny,0.0562,0.0394,0.6085,0.7081,0.5445,0.8117,93,5832,908,0.6385,171
Miki Jankovic,0.0709,0.025,0.6134,0.7032,0.4867,0.7713,34,2439,363,0.6391,83
Mikko Rouvala,0.0408,0.1224,0.3673,0.5556,0.2258,0.1429,1,49,7,0.1429,6
Mikolaj Borkowski,0.0179,0.0357,0.6964,0.4872,0.3529,0.2857,1,56,7,0.4444,5
Milan Drinic,0.0373,0.0435,0.6211,0.67,0.5902,0.8333,2,161,24,0.6923,4
Milan Radojkovic,0.0593,0.0943,0.496,0.6467,0.4706,0.6429,5,371,56,0.5833,20
Miles Clark,0.0,0.0317,0.5079,0.5938,0.3226,0.375,1,63,8,0.5455,5
Miles Jones,0.0438,0.0584,0.635,0.6782,0.5,0.6957,2,137,23,0.5333,7
Mili Poljicak,0.0638,0.032,0.57,0.6978,0.4761,0.7395,92,6472,1002,0.5909,261
Miliaan Niesten,0.0142,0.0393,0.6481,0.6067,0.4762,0.649,52,3515,527,0.5409,185
Miljan Zekic,0.0578,0.0349,0.6085,0.6883,0.4774,0.7289,245,16172,2501,0.5693,678
Milledge Cossu,0.0419,0.0555,0.6509,0.5676,0.3643,0.486,14,739,107,0.4712,55
Millen Hurrion,0.0362,0.0543,0.6266,0.6588,0.4493,0.6522,9,608,92,0.4921,32
Milos Dabic,0.037,0.037,0.5926,0.25,0.2727,0.1667,1,27,6,0.1667,5
Milos Karol,0.1204,0.0581,0.5808,0.7496,0.4871,0.797,96,6959,1084,0.6007,220
Milos Sekulic,0.0219,0.05,0.5479,0.6806,0.4608,0.6788,17,960,137,0.5417,44
Miloslav Mecir Jr,0.0556,0.0249,0.6047,0.6693,0.521,0.7459,10,845,122,0.6265,31
Milosz Sroka,0.0,0.0,0.6111,0.3182,0.2857,0.1429,1,36,7,0.25,6
Min Kyu Song,0.0846,0.0466,0.5727,0.7348,0.5406,0.7947,15,922,151,0.5867,31
Minh Phat Nguyen,0.0577,0.1154,0.5577,0.5862,0.3043,0.4286,1,52,7,0.6,4
Minhtuan Pham,0.0074,0.0444,0.4741,0.6094,0.338,0.4211,2,135,19,0.3529,11
Minseob Lim,0.0282,0.0775,0.5634,0.5125,0.3226,0.3333,2,142,21,0.5,14
Miomir Kecmanovic,0.052,0.0302,0.5872,0.7133,0.5317,0.7985,139,9618,1484,0.6195,304
Mircea Alexandru Jecan,0.0227,0.0292,0.6448,0.5999,0.4307,0.5758,40,2601,396,0.5116,168
Mirko Cutuli,0.0443,0.0606,0.6037,0.6873,0.4294,0.6575,7,429,73,0.375,25
Mirko Martinez,0.0136,0.0489,0.7106,0.5832,0.4366,0.5963,11,736,109,0.5056,44
Mirza Basic,0.0661,0.0273,0.6035,0.7134,0.5202,0.7866,406,27052,4232,0.5903,912
Mischa Zverev,0.0625,0.0329,0.6279,0.7077,0.5148,0.792,154,8419,1303,0.6151,276
Mislav Bosnjak,0.0811,0.0811,0.6149,0.674,0.4503,0.6825,6,444,63,0.6078,20
Mitchell Harper,0.0604,0.0407,0.6518,0.6694,0.5094,0.75,10,761,120,0.5312,30
Mitchell Krueger,0.0609,0.0324,0.6215,0.6932,0.5051,0.7734,571,40463,6125,0.6135,1408
Mitsuki Wei Kang Leong,0.0706,0.0448,0.6235,0.6823,0.4315,0.6957,47,3256,506,0.5849,154
Mladen Mitak,0.05,0.035,0.62,0.7,0.5,0.78,2,0,0,0.58,0
Moerani Bouzige,0.0769,0.0493,0.5742,0.7108,0.4787,0.7503,79,5721,881,0.5802,220
Moez Echargui,0.0434,0.0421,0.574,0.6676,0.4849,0.7097,207,15266,2322,0.5704,674
Mohamed Abdel Aziz,0.0448,0.0299,0.4925,0.6364,0.4706,0.6667,1,67,9,0.5714,3
Mohamed Adnaoui,0.0556,0.1349,0.4365,0.6182,0.3662,0.4,2,126,15,0.6538,9
Mohamed Ali Bellalouna,0.0,0.0426,0.5532,0.4231,0.2857,0.0,1,47,6,0.4545,6
Mohamed Belcora,0.0,0.0909,0.6667,0.2727,0.1818,0.0,1,33,6,0.1429,6
Mohamed Khamlich,0.0,0.0789,0.4474,0.4706,0.3333,0.2857,1,38,7,0.1667,5
Mohamed Nazim Makhlouf,0.033,0.0769,0.5385,0.5102,0.2381,0.2143,2,91,14,0.5,11
Mohamed Nazim Saber,0.0385,0.0962,0.3462,0.5556,0.4118,0.4444,1,52,9,0.375,5
Mohamed Safwat,0.0538,0.036,0.5988,0.6912,0.498,0.7502,344,23226,3579,0.592,898
Mohit Mayur Jayaprakash,0.0497,0.0442,0.6022,0.633,0.4444,0.6071,4,181,28,0.6562,11
Moise Kouame,0.0519,0.0545,0.5838,0.6706,0.4867,0.733,17,1175,176,0.6179,47
Moritz Thiem,0.0,0.0986,0.6056,0.5581,0.4286,0.5556,1,71,9,0.6364,4
Motvey Radionov,0.0385,0.0769,0.5769,0.6,0.3182,0.4444,1,52,9,0.2857,5
Mousa Shanan Zayed,0.0,0.0526,0.6478,0.45,0.2874,0.2683,6,247,41,0.3478,30
Mousheg Hovhannisyan,0.0247,0.0412,0.6008,0.6233,0.4433,0.5789,4,243,38,0.5152,16
Mubarak Shannan Zayid,0.0342,0.0598,0.5342,0.6,0.3761,0.5143,4,234,35,0.5143,17
Mubarak Zaid,0.1,0.1,0.6,0.6333,0.3,0.4286,1,50,7,0.5,4
Muhammad Shoaib,0.022,0.033,0.3297,0.6,0.4918,0.5,1,91,14,0.4615,7
Muhammet Haylaz,0.0698,0.0788,0.5405,0.6875,0.4608,0.7101,6,444,69,0.5349,20
Muhd Ashaari Bin Zinal Abidin,0.05,0.035,0.62,0.7,0.5,0.78,1,0,0,0.58,0
Murkel Alejandro Dellien Velasco,0.0283,0.0425,0.6454,0.6397,0.4733,0.6874,222,15452,2342,0.5505,743
Murphy Cassone,0.0853,0.0412,0.6406,0.7159,0.5018,0.7995,146,10243,1566,0.637,318
Mustafa Dustov,0.0357,0.1607,0.5357,0.5,0.4231,0.4444,1,56,9,0.375,5
Mustafa Erdogan,0.0393,0.1236,0.5337,0.6421,0.3735,0.5556,3,178,27,0.4545,12
Mustafa Ibraimi,0.0,0.08,0.46,0.4783,0.4074,0.375,1,50,8,0.1667,5
Mustapha El Natour,0.01,0.17,0.53,0.4906,0.3404,0.25,2,100,16,0.4,12
Muthu Aadhitiya Senthilkumar,0.0,0.013,0.6494,0.6,0.4074,0.5714,1,77,14,0.25,6
Muzammil Murtaza,0.0,0.0619,0.5841,0.5606,0.5319,0.6316,2,113,19,0.4167,7
Muzingaye Dickson Andile Sibanda,0.0339,0.1186,0.661,0.4103,0.35,0.1429,1,59,7,0.5,6
Mykhailo Mossur,0.0603,0.0603,0.6724,0.6154,0.4474,0.6667,2,116,18,0.4545,6
Mykyta Mashtakov,0.0083,0.0415,0.5954,0.6128,0.5041,0.6344,8,603,93,0.4688,34
N Sriram Balaji,0.0933,0.0456,0.5815,0.7298,0.4998,0.7964,85,6143,938,0.6631,191
N Vijay Sundar Prashanth,0.0697,0.0482,0.5828,0.6963,0.4985,0.7409,78,4938,768,0.598,199
Nam Hoang Ly,0.0411,0.0292,0.6247,0.6575,0.4865,0.7008,75,5132,792,0.5325,237
Naoki Nakagawa,0.0787,0.0382,0.5469,0.7027,0.4982,0.7478,149,10485,1610,0.5976,406
Naoki Tajima,0.0701,0.0618,0.5038,0.6901,0.459,0.6827,22,1326,208,0.5629,66
Naoto Kai,0.0671,0.0488,0.5061,0.6988,0.4074,0.6522,2,164,23,0.5,8
Naoya Honda,0.0515,0.0501,0.5805,0.6614,0.4796,0.7137,21,1516,227,0.5833,65
Naoya KOMODA,0.05,0.035,0.62,0.7,0.5,0.78,1,0,0,0.58,0
Naru Shirafuji,0.0344,0.0534,0.6298,0.6909,0.433,0.7632,4,262,38,0.64,9
Nasa Hatakeyama,0.069,0.0345,0.592,0.6408,0.5352,0.7143,3,174,28,0.4286,8
Natan Rodrigues,0.0436,0.0334,0.641,0.6825,0.4656,0.7232,14,688,112,0.5694,31
Nate Bonetto,0.0469,0.0469,0.7656,0.551,0.3333,0.5556,1,64,9,0.5556,4
Nate Eazor,0.0444,0.0222,0.4444,0.4,0.44,0.2857,1,45,7,0.2857,5
Nathan Chavez,0.0,0.0294,0.5294,0.3889,0.1875,0.0,1,34,6,0.3333,6
Nathan Eshmade,0.0833,0.1222,0.6,0.6019,0.4028,0.5357,3,180,28,0.35,13
Nathan Pasha,0.0456,0.0412,0.6604,0.664,0.4783,0.7591,31,2235,328,0.6376,79
Nathan Ponwith,0.0434,0.0484,0.5875,0.6505,0.5033,0.7109,66,4797,716,0.586,207
Nathan Seateun,0.0169,0.0847,0.6271,0.6757,0.4545,0.7778,1,59,9,0.7143,2
Nathan Trouve,0.0498,0.0587,0.6121,0.6483,0.4404,0.6627,7,562,83,0.5758,28
Nathanael Consalvo,0.1071,0.0786,0.5714,0.7375,0.45,0.7727,2,140,22,0.6154,5
Nathaniel Lammons,0.1053,0.0386,0.622,0.7119,0.483,0.7483,38,2640,433,0.5362,109
Nattan Benjasupawan,0.0116,0.093,0.5872,0.495,0.3099,0.3214,4,172,28,0.3667,19
Natthasith Kunsuwan,0.0408,0.0567,0.6082,0.6181,0.3891,0.5581,10,564,86,0.525,38
Natthayut Nithithananont,0.1,0.0444,0.6111,0.4364,0.4,0.3333,2,90,15,0.0,10
Nazar Oliynykov,0.0423,0.0563,0.5915,0.4762,0.2759,0.125,1,71,8,0.5333,7
Neal Skupski,0.1121,0.0467,0.5701,0.8197,0.5,0.8421,2,107,19,0.5714,3
Nebojsa Peric,0.0442,0.0442,0.5841,0.7121,0.4468,0.7222,2,113,18,0.375,5
Neil Oberleitner,0.0749,0.0418,0.5978,0.7007,0.4888,0.7595,125,8892,1347,0.6179,324
Neil Pauffley,0.0806,0.0697,0.5827,0.7032,0.4386,0.6845,19,1191,187,0.5,59
Neishit Vakil,0.0,0.1277,0.5319,0.32,0.3636,0.1429,1,47,7,0.4,6
Nemanja Malesevic,0.0104,0.0729,0.6042,0.5172,0.2895,0.3571,2,96,14,0.4,9
Nenad Vladusic,0.0253,0.1519,0.5443,0.6744,0.3333,0.5,1,79,8,0.75,4
Nenad Zimonjic,0.1351,0.0405,0.5811,0.7209,0.3871,0.7,1,74,10,0.4,3
Nerman Fatic,0.0565,0.0366,0.6367,0.6722,0.4885,0.7341,248,17209,2648,0.5895,704
Nicaise Muamba,0.0658,0.0559,0.5819,0.675,0.4817,0.702,19,1306,198,0.604,59
Niccolo Catini,0.0388,0.0239,0.6388,0.6028,0.5124,0.6735,5,335,49,0.5294,16
Niccolo Inserra,0.0194,0.0452,0.5871,0.6154,0.5,0.7391,2,155,23,0.5,6
Nicholas Alan Van Aken,0.0256,0.0769,0.6154,0.2917,0.2667,0.0,1,39,6,0.25,6
Nicholas Alexander Reyes,0.0896,0.0522,0.5448,0.5959,0.4672,0.5385,5,268,39,0.4375,18
Nicholas Bybel,0.0136,0.0452,0.543,0.575,0.4455,0.5,3,221,32,0.5,16
Nicholas David Ionel,0.0217,0.0357,0.6857,0.621,0.4828,0.6722,133,8889,1330,0.5656,440
Nicholas Godsick,0.0796,0.0704,0.5889,0.7013,0.4459,0.6941,7,540,85,0.5185,26
Nicholas Horton,0.0088,0.0351,0.5789,0.5909,0.4375,0.5294,2,114,17,0.5556,8
Nicholas Jovanovski,0.0928,0.0928,0.6598,0.7344,0.2121,0.6429,1,97,14,0.5,5
Nicholas Monroe,0.0052,0.0518,0.5492,0.6415,0.4828,0.6562,5,193,32,0.5217,11
Nicholas S Hu,0.0673,0.0513,0.5417,0.7278,0.5035,0.7917,6,312,48,0.6429,10
Nick Chappell,0.0432,0.0332,0.6097,0.6555,0.4977,0.7087,176,12578,1929,0.5657,562
Nick Cmager,0.0,0.1481,0.3889,0.4286,0.3939,0.2857,1,54,7,0.5,5
Nick Hardt,0.0222,0.0506,0.6322,0.642,0.4766,0.6872,172,12139,1832,0.5587,575
Nick Stachowiak,0.0331,0.0993,0.5099,0.7013,0.3784,0.6,3,151,25,0.5238,10
Nick Zieziula,0.0317,0.0,0.7302,0.5652,0.2353,0.375,1,63,8,0.5,5
Nico Hipfl,0.0677,0.0547,0.5469,0.6905,0.4368,0.6786,6,384,56,0.5714,18
Nico Matic,0.0126,0.0756,0.563,0.6343,0.3846,0.55,7,238,40,0.4,18
Nico Mostardi,0.0661,0.0661,0.5537,0.7164,0.3889,0.619,2,121,21,0.4667,8
Nicola Ghedin,0.0127,0.0212,0.5932,0.5964,0.4635,0.5949,8,472,79,0.4483,32
Nicola Kuhn,0.045,0.032,0.6114,0.6649,0.5144,0.7383,225,15580,2373,0.5876,626
Nicola Montani,0.0,0.0323,0.6935,0.4186,0.4211,0.3333,1,62,9,0.5385,6
Nicola Porcu,0.0,0.029,0.5942,0.5366,0.3571,0.4,1,69,10,0.5,6
Nicola Rispoli,0.0508,0.0381,0.5763,0.6544,0.41,0.6471,3,236,34,0.625,12
Nicolaas Scholtz,0.1169,0.0548,0.6248,0.7315,0.4648,0.7769,23,1514,242,0.6224,54
Nicolae Frunza,0.0368,0.0328,0.6388,0.6854,0.4904,0.7632,15,1005,152,0.5765,36
Nicolai Budkov Kjaer,0.0608,0.0356,0.6335,0.6845,0.5128,0.7608,90,6385,999,0.5822,239
Nicolas Acevedo,0.021,0.028,0.6224,0.6629,0.3704,0.5833,2,143,24,0.4737,10
Nicolas Alberto Arreche,0.0438,0.0598,0.5803,0.6934,0.4557,0.7117,11,753,111,0.6145,32
Nicolas Alejandro De Gregorio,0.0,0.0365,0.573,0.6306,0.4103,0.641,5,274,39,0.6,14
Nicolas Almagro,0.097,0.0323,0.5489,0.7587,0.5267,0.8083,37,2197,360,0.5917,69
Nicolas Alvarez,0.044,0.0375,0.6477,0.6545,0.4742,0.7031,122,8596,1317,0.5622,391
Nicolas Alvarez Varona,0.0594,0.0456,0.6248,0.6954,0.4813,0.7504,191,13242,2063,0.568,515
Nicolas Ancedy,0.0,0.0755,0.6226,0.3333,0.45,0.1429,1,53,7,0.4545,6
Nicolas Arseneault,0.0432,0.0569,0.5415,0.6835,0.4888,0.7294,18,1459,218,0.6014,59
Nicolas Baena,0.0,0.0328,0.5738,0.3714,0.3846,0.125,1,61,8,0.3636,7
Nicolas Barrientos,0.0331,0.0543,0.6517,0.6608,0.4893,0.7315,158,11109,1691,0.5996,454
Nicolas Bianchi,0.0172,0.0948,0.5862,0.6618,0.3958,0.6111,2,116,18,0.3636,7
Nicolas Brand,0.0,0.1522,0.413,0.6842,0.2963,0.4286,1,46,7,0.4286,4
Nicolas Bruna,0.0318,0.0594,0.5616,0.5822,0.3971,0.5116,14,942,129,0.5594,63
Nicolas Buitrago,0.0478,0.0377,0.5928,0.6333,0.4199,0.5981,9,690,107,0.4941,43
Nicolas Cortes Campos,0.0084,0.0504,0.5882,0.5429,0.3469,0.375,1,119,16,0.4737,10
Nicolas Daniel Olguin,0.0,0.0286,0.7143,0.36,0.3,0.1667,1,35,6,0.1667,5
Nicolas Eli,0.0,0.0526,0.7218,0.4792,0.2973,0.25,2,133,16,0.4286,12
Nicolas Esteban Rico Arias,0.0,0.1298,0.4733,0.6129,0.3913,0.4,2,131,20,0.4,12
Nicolas Garcia Longo,0.0036,0.0291,0.6582,0.558,0.4681,0.561,4,275,41,0.4545,18
Nicolas Herrero Cuesta,0.0,0.0745,0.5851,0.4909,0.3333,0.4375,2,94,16,0.4,9
Nicolas Hollender,0.0176,0.0412,0.7118,0.5041,0.4286,0.4783,2,170,23,0.4,12
Nicolas Hurtado Novoa,0.05,0.0667,0.4833,0.6207,0.3548,0.5,1,60,8,0.3333,4
Nicolas Ian Kotzen,0.0412,0.0471,0.5588,0.6526,0.5067,0.7391,2,170,23,0.7692,6
Nicolas Ifi,0.0741,0.037,0.5185,0.7143,0.4615,0.6667,1,54,9,0.6667,3
Nicolas Iraira,0.0222,0.1111,0.5556,0.52,0.3,0.2857,1,45,7,0.1667,5
Nicolas Jadoun,0.0676,0.1088,0.5706,0.7268,0.4795,0.7368,5,340,57,0.375,15
Nicolas Jarry,0.1123,0.0371,0.632,0.7565,0.5405,0.8606,311,21102,3357,0.6504,472
Nicolas Kicker,0.0219,0.0302,0.66,0.651,0.5113,0.7301,377,25833,3960,0.5781,1078
Nicolas Kobelt,0.0988,0.0494,0.5679,0.7065,0.4857,0.7308,3,162,26,0.5333,7
Nicolas Mahut,0.0871,0.0411,0.6068,0.7568,0.5065,0.8093,98,5638,860,0.5749,176
Nicolas Meister,0.0363,0.0311,0.6001,0.692,0.5105,0.7635,53,3468,537,0.5606,127
Nicolas Mejia,0.0521,0.0325,0.6186,0.6793,0.5064,0.7502,319,22822,3507,0.5996,876
Nicolas Moreno De Alboran,0.0671,0.0395,0.6469,0.7172,0.5262,0.8167,228,16564,2591,0.6125,479
Nicolas Ngodrela,0.0647,0.0529,0.5353,0.7033,0.4304,0.6538,2,170,26,0.55,9
Nicolas Oliveira,0.0,0.1141,0.5839,0.6322,0.3548,0.5714,2,149,21,0.64,9
Nicolas Parizzia,0.1216,0.0472,0.6334,0.7163,0.4604,0.764,8,551,89,0.5116,21
Nicolas Santos,0.0167,0.0862,0.6718,0.6552,0.4392,0.6615,13,777,130,0.5,44
Nicolas Tepmahc,0.0122,0.0171,0.5976,0.6367,0.4242,0.625,7,410,64,0.5385,24
Nicolas Villalon,0.0236,0.0528,0.5922,0.6168,0.4599,0.6189,38,2538,391,0.5083,149
Nicolas Xiviller,0.041,0.0564,0.5231,0.6667,0.3763,0.5667,4,195,30,0.5,13
Nicolas Zanellato,0.0192,0.0324,0.6892,0.6204,0.4789,0.6737,65,4729,708,0.5845,231
Nicolo Inserra,0.0,0.0417,0.5208,0.4,0.4348,0.2857,1,48,7,0.375,5
Nicolo Turchetti,0.0266,0.0484,0.5811,0.6021,0.4769,0.608,14,826,125,0.5421,49
Niels Desein,0.07,0.0393,0.6182,0.7012,0.4774,0.7546,71,4916,762,0.5807,187
Niels Lootsma,0.0938,0.0496,0.5772,0.7102,0.4826,0.7326,7,544,86,0.5208,23
Niels Mcdonald,0.0342,0.0486,0.6583,0.6467,0.4923,0.7094,10,761,117,0.5526,34
Niels Peter Van Noord,0.0381,0.0286,0.7333,0.5584,0.3929,0.5385,1,105,13,0.625,6
Niels Villard,0.0317,0.0556,0.6984,0.6591,0.3684,0.6667,2,126,18,0.6,6
Niels Visker,0.1202,0.0393,0.6012,0.7499,0.516,0.8463,45,3285,501,0.6608,77
Nigmat Shofayziev,0.1061,0.0605,0.6084,0.6572,0.3931,0.6444,17,1338,180,0.6235,64
Nik Razborsek,0.0268,0.0427,0.5646,0.6461,0.468,0.6689,14,1006,148,0.6111,49
Niki Kaliyanda Poonacha,0.065,0.0517,0.6464,0.6541,0.4792,0.7119,43,2786,427,0.5638,123
Nikita Bilozertsev,0.0443,0.1156,0.5934,0.6623,0.4787,0.6951,8,519,82,0.4318,25
Nikita Filin,0.0452,0.0839,0.5613,0.7126,0.5147,0.7037,3,155,27,0.3846,8
Nikita Girey Demir,0.0,0.2941,0.4412,0.6,0.1579,0.1667,1,34,6,0.1667,5
Nikita Kryvonos,0.0405,0.0946,0.5541,0.5854,0.3333,0.5,1,74,10,0.6667,5
Nikita Sidorov,0.0131,0.1111,0.6667,0.4902,0.3137,0.3043,3,153,23,0.4839,16
Nikita Valentsev,0.0145,0.0725,0.4928,0.4412,0.5143,0.4545,1,69,11,0.1429,6
Nikita Volonski,0.0345,0.1034,0.5977,0.6154,0.4857,0.6154,1,87,13,0.5455,5
Niklas Guttau,0.016,0.0545,0.6463,0.5967,0.4286,0.5981,11,752,107,0.6091,43
Niklas Johansson,0.0633,0.07,0.5567,0.6467,0.4662,0.6,4,300,45,0.5135,18
Niklas Koch,0.0213,0.1277,0.4255,0.45,0.3333,0.1429,1,47,7,0.5385,6
Niklas Rohrer,0.0,0.0727,0.5091,0.6071,0.4074,0.5,1,55,8,0.4286,4
Niklas Schell,0.0599,0.0483,0.6481,0.6513,0.4514,0.6885,23,1637,244,0.5449,76
Niklas Waldner,0.0428,0.0374,0.615,0.6174,0.3889,0.5357,3,187,28,0.5357,13
Nikola Basic,0.0,0.0182,0.6364,0.4857,0.3,0.25,1,55,8,0.25,6
Nikola Cacic,0.0632,0.0337,0.612,0.7061,0.4981,0.7757,58,4098,633,0.6405,142
Nikola Djosic,0.0141,0.0282,0.5634,0.775,0.2903,0.7,1,71,10,0.6667,3
Nikola Mektic,0.0744,0.0225,0.614,0.6992,0.5263,0.7833,101,6985,1103,0.5956,239
Nikola Milojevic,0.0517,0.0564,0.5878,0.6889,0.479,0.7245,375,26011,3953,0.5606,1113
Nikola Puntaric,0.0167,0.0833,0.65,0.6154,0.4286,0.6667,1,60,9,0.5,3
Nikola Slavic,0.0467,0.0267,0.6133,0.6848,0.4483,0.6818,2,150,22,0.65,7
Nikolai Barsukov,0.0742,0.0742,0.5781,0.7185,0.4537,0.75,10,768,112,0.5758,28
Nikolas Sanchez Izquierdo,0.0188,0.0453,0.6458,0.6319,0.4881,0.6835,268,18932,2885,0.5623,913
Nikolas Stoot,0.0196,0.1176,0.5294,0.4444,0.375,0.2857,1,51,7,0.5455,5
Nikolay Nedelchev,0.0408,0.0612,0.6612,0.6667,0.4337,0.6842,3,245,38,0.4545,12
Nikolay Sysoev,0.0672,0.0672,0.5821,0.7179,0.4464,0.7143,2,134,21,0.6471,6
Nikolay Vylegzhanin,0.0294,0.0599,0.6525,0.6644,0.4387,0.7097,38,2722,403,0.5938,117
Nikoloz Basilashvili,0.0564,0.0518,0.588,0.689,0.5064,0.7566,288,19565,2974,0.6015,726
Nikos Lehmann,0.0345,0.0153,0.6398,0.6048,0.5106,0.7105,4,261,38,0.5926,11
Nikshep Ballekere Ravikumar,0.0741,0.0741,0.6296,0.7647,0.4,0.7778,1,54,9,0.6,2
Nil Regas Luis,0.0078,0.0698,0.5426,0.6,0.4407,0.5263,2,129,19,0.55,9
Nils Brinkman,0.0408,0.0612,0.551,0.7037,0.3636,0.625,1,49,8,0.5,3
Nils Ellefsen,0.0968,0.0484,0.6129,0.6667,0.4028,0.6296,3,186,27,0.5833,10
Nils Langer,0.0671,0.046,0.5996,0.7073,0.5126,0.7897,104,6734,1046,0.6174,220
Nino Ehrenschneider,0.025,0.0474,0.6416,0.6612,0.4706,0.7321,10,759,112,0.6341,30
Nino Portales,0.0636,0.0727,0.5091,0.6964,0.4074,0.6471,2,110,17,0.4,6
Nino Serdarusic,0.0708,0.032,0.6054,0.7071,0.4945,0.7647,342,23515,3684,0.584,871
Nishesh Basavareddy,0.064,0.0517,0.5765,0.727,0.5329,0.8119,127,8458,1329,0.6131,253
Nitin Kumar Sinha,0.0526,0.0401,0.5891,0.6258,0.5222,0.6774,24,1370,217,0.5513,70
Nizar Belmati,0.0,0.0,0.7895,0.4333,0.25,0.2857,1,38,7,0.4444,5
Noah Brownrigg,0.019,0.0443,0.6013,0.6,0.4127,0.5833,2,158,24,0.4737,10
Noah Gabriel,0.0488,0.2927,0.3902,0.6875,0.2,0.2857,1,41,7,0.1667,5
Noah Karma,0.0,0.0411,0.7123,0.5769,0.1429,0.3333,1,73,9,0.5,6
Noah Lopez,0.0569,0.0356,0.5907,0.5602,0.4957,0.525,4,281,40,0.5128,19
Noah Lopez Cherubino,0.0,0.0164,0.6721,0.5122,0.4,0.5,1,61,8,0.4286,4
Noah Regas Luis,0.0133,0.04,0.5067,0.6579,0.3243,0.4167,3,150,24,0.44,14
Noah Rubin,0.0514,0.0439,0.5992,0.6859,0.5027,0.7496,225,15343,2348,0.5923,592
Noah Schachter,0.0688,0.05,0.5798,0.6853,0.4559,0.706,51,3403,517,0.5569,152
Noah Zamora,0.0584,0.0325,0.4708,0.7517,0.5215,0.7647,4,308,51,0.4545,12
Noe Khlif,0.0144,0.0431,0.7033,0.5714,0.3871,0.5312,3,209,32,0.5312,15
Noel Larwig,0.0146,0.0876,0.5693,0.5769,0.4237,0.5714,2,137,21,0.5909,9
Norbert Gombos,0.0727,0.0454,0.6028,0.7268,0.5012,0.7935,573,40479,6251,0.6128,1309
Norbert Tadyszak,0.0101,0.1414,0.4747,0.5745,0.4038,0.4706,2,99,17,0.25,9
Nuno Borges,0.0642,0.026,0.6402,0.712,0.5308,0.818,178,12712,1962,0.6342,364
Nuno Deus,0.041,0.0492,0.5574,0.6176,0.6019,0.725,3,244,40,0.5417,11
Nutdanai Sincharoenwattana,0.0,0.0312,0.6875,0.1818,0.4,0.0,1,32,6,0.1429,6
Obrad Markovski,0.0102,0.0761,0.6091,0.5833,0.4286,0.6071,3,197,28,0.5769,11
Odil Akramov,0.0596,0.0464,0.596,0.6667,0.5082,0.7308,3,151,26,0.4167,7
Oezen Usakli,0.024,0.096,0.536,0.5522,0.431,0.4706,2,125,17,0.4706,9
Ofek Shimanov,0.0417,0.0,0.6458,0.6129,0.3529,0.5,1,48,8,0.4286,4
Oges Theyjo Jaya Prakash,0.0574,0.1066,0.4754,0.5345,0.3438,0.3529,2,122,17,0.4211,11
Ognjen Milic,0.0987,0.043,0.5215,0.8058,0.5291,0.8358,6,395,67,0.5769,11
Olaf Pieczkowski,0.0408,0.0516,0.6042,0.6921,0.486,0.7422,46,3161,481,0.6125,124
Oleg Prihodko,0.0585,0.0303,0.6639,0.6791,0.4984,0.7582,134,9591,1489,0.5937,360
Oleksandr Bielinskyi,0.0199,0.0199,0.6215,0.5256,0.4316,0.4857,4,251,35,0.4194,18
Oleksandr Ovcharenko,0.0352,0.0309,0.6408,0.652,0.4466,0.677,36,2556,387,0.5504,125
Oleksii Krutykh,0.0461,0.0349,0.5892,0.6905,0.5065,0.7538,191,13698,2132,0.5952,527
Olimjon Nabiev,0.0434,0.0642,0.5434,0.6042,0.4091,0.5301,8,530,83,0.4868,39
Oliver Anderson,0.042,0.0408,0.5746,0.6694,0.4658,0.7143,15,858,126,0.5385,36
Oliver Bonding,0.0909,0.0592,0.5962,0.6915,0.4764,0.7432,6,473,74,0.5778,19
Oliver Crawford,0.0493,0.0388,0.6069,0.695,0.5271,0.7817,146,10339,1576,0.5891,355
Oliver Hudson,0.0,0.1034,0.5862,0.6176,0.375,0.5556,1,58,9,0.4286,4
Oliver Marach,0.0992,0.0697,0.5335,0.6884,0.454,0.7018,9,373,57,0.4848,17
Oliver Ojakaar,0.0298,0.0417,0.625,0.6,0.4127,0.6087,2,168,23,0.6087,9
Oliver Okonkwo,0.0788,0.0427,0.619,0.6658,0.4138,0.6897,8,609,87,0.55,27
Oliver Tarvet,0.0732,0.0462,0.5963,0.6817,0.4773,0.7099,15,1038,162,0.5877,47
Olivier Duberville,0.0725,0.0435,0.5362,0.5405,0.4688,0.5833,1,69,12,0.375,5
Olle Wallin,0.0656,0.0388,0.5616,0.7053,0.5057,0.7662,27,2012,308,0.5932,72
Olukayode Alafia Damina Ayeni,0.0835,0.0797,0.6045,0.7031,0.4518,0.7481,169,12181,1850,0.5958,466
Omar Ahmed,0.0222,0.0444,0.6444,0.4138,0.375,0.375,1,45,8,0.5455,5
Omar Awadhy,0.0,0.0556,0.7222,0.4154,0.36,0.2667,2,90,15,0.4211,11
Omar Ferreras,0.0,0.1176,0.6471,0.2273,0.3333,0.0,1,34,6,0.1429,6
Omar Fiorenzato,0.0638,0.0638,0.617,0.4483,0.3333,0.2857,1,47,7,0.4444,5
Omar Giacalone,0.0152,0.0562,0.5749,0.6385,0.4821,0.6547,39,2757,417,0.5355,144
Omar Jasika,0.0326,0.0394,0.6717,0.6434,0.4936,0.7176,246,17367,2652,0.5754,758
Omar Knani,0.0072,0.0797,0.5652,0.4615,0.3667,0.3182,3,138,22,0.2105,15
Omar Salman,0.0497,0.0432,0.6054,0.7,0.4685,0.7095,17,925,148,0.5,43
Omar Suarez,0.0,0.0455,0.5455,0.4583,0.35,0.2857,1,44,7,0.5,5
Omni Kumar,0.0483,0.0381,0.5268,0.6825,0.4848,0.7065,64,4598,695,0.5794,204
Ondrej Horak,0.0082,0.0164,0.6311,0.5974,0.4667,0.6667,1,122,15,0.6429,5
Ondrej Styler,0.0673,0.0234,0.6462,0.6833,0.438,0.717,5,342,53,0.5455,15
Or Ram Harel,0.016,0.0319,0.6383,0.625,0.4853,0.6452,3,188,31,0.5,11
Orel Kimhi,0.005,0.0301,0.6845,0.5829,0.4339,0.5632,9,599,87,0.4865,38
Orel Ovil,0.0233,0.0465,0.6279,0.5926,0.4062,0.4615,1,86,13,0.3,7
Oren Vasser,0.0,0.0616,0.6351,0.5522,0.3636,0.4286,2,211,28,0.5152,16
Oriol Roca Batalla,0.0449,0.0318,0.6057,0.6846,0.5001,0.7458,343,23927,3686,0.5804,940
Orlando Luz,0.053,0.0445,0.5782,0.6962,0.5035,0.7615,252,18307,2797,0.6115,667
Oscar Jose Gutierrez,0.0252,0.0504,0.6192,0.6166,0.4672,0.6409,122,8336,1270,0.5463,456
Oscar Mancineiras Cornella,0.0,0.1343,0.5522,0.6757,0.3333,0.5556,1,67,9,0.6,4
Oscar Matias Leiva Biason,0.0,0.0741,0.7222,0.5128,0.3333,0.4444,1,54,9,0.5455,5
Oscar Mesquida Berg,0.05,0.035,0.62,0.7,0.5,0.78,1,0,0,0.58,0
Oscar Moraing,0.0275,0.0512,0.5613,0.5635,0.4359,0.4955,12,800,111,0.5625,56
Oscar Otte,0.1043,0.0588,0.5854,0.7498,0.4818,0.7951,338,22855,3529,0.605,741
Oscar Torres,0.018,0.0631,0.5856,0.4308,0.4348,0.3333,2,111,15,0.5652,10
Oscar Weightman,0.0683,0.0441,0.5953,0.7109,0.4868,0.7788,21,1406,217,0.6336,48
Oskar Antinheimo,0.0,0.0889,0.6,0.3704,0.3889,0.1667,1,45,6,0.5455,5
Oskar Brostrom Poulsen,0.132,0.0506,0.5449,0.7938,0.4321,0.7925,5,356,53,0.6071,11
Oskari Eerola,0.0103,0.0412,0.5876,0.5088,0.425,0.375,2,97,16,0.375,10
Oskari Paldanius,0.0392,0.0757,0.5953,0.6711,0.4516,0.7241,5,383,58,0.4839,16
Osman Torski,0.024,0.032,0.552,0.5072,0.3929,0.4444,2,125,18,0.4118,10
Osni Junior,0.0476,0.0476,0.5762,0.6116,0.427,0.625,3,210,32,0.5385,12
Oswaldo Alejandro Reyes Tirado,0.0182,0.0182,0.5818,0.4688,0.3478,0.2857,1,55,7,0.5,5
Otso Martikainen,0.0531,0.031,0.6239,0.5603,0.4706,0.5278,4,226,36,0.4516,17
Otto Virtanen,0.1146,0.0468,0.5911,0.7414,0.4989,0.8023,248,18053,2757,0.618,563
Ozan Baris,0.0708,0.0395,0.6229,0.6771,0.4803,0.736,30,1949,303,0.6135,80
Ozan Cildir,0.0,0.0,0.6944,0.48,0.5455,0.4286,1,36,7,0.3333,4
Pablo Andujar,0.0159,0.0527,0.6283,0.6449,0.5096,0.7146,124,8257,1272,0.588,363
Pablo Carreno Busta,0.0524,0.0229,0.6483,0.7121,0.5097,0.801,108,7464,1176,0.6041,234
Pablo Carretero,0.0,0.0993,0.6738,0.4421,0.413,0.3043,3,141,23,0.4074,16
Pablo Cuevas,0.0569,0.0377,0.6054,0.7011,0.5188,0.7832,98,6604,1033,0.6045,229
Pablo De La Cierva Sanchez,0.0,0.0444,0.7111,0.5312,0.2308,0.375,1,45,8,0.4444,5
Pablo Irigaray Guarne,0.0,0.1452,0.5806,0.5833,0.3462,0.4,1,62,10,0.3333,6
Pablo Landa Catan,0.0536,0.1161,0.5938,0.6541,0.4286,0.6875,3,224,32,0.5652,10
Pablo Llamas Ruiz,0.0338,0.0189,0.6903,0.6667,0.5089,0.764,171,12138,1822,0.6062,434
Pablo Manzano Lapuerta,0.0417,0.0667,0.625,0.5467,0.4,0.4737,3,120,19,0.3333,10
Pablo Martinez Gomez,0.0736,0.0305,0.6212,0.7312,0.4645,0.8023,7,557,86,0.6458,17
Pablo Masjuan Ginel,0.0313,0.047,0.605,0.6218,0.381,0.5652,4,319,46,0.5918,20
Pablo Perez Navarro,0.0377,0.0943,0.566,0.5333,0.3478,0.4286,1,53,7,0.4286,4
Pablo Robledo Hoyos,0.0,0.0957,0.5319,0.58,0.2955,0.4,2,94,15,0.4375,9
Pablo Schelcher Muro,0.0455,0.0682,0.3409,0.6,0.4828,0.5,1,44,8,0.4286,4
Pablo Trochu,0.0119,0.0595,0.5675,0.6084,0.3761,0.5,4,252,36,0.561,18
Pablo Vivero Gonzalez,0.0539,0.0866,0.5655,0.6833,0.449,0.6966,20,1558,234,0.539,71
Palaphoom Kovapitukted,0.0362,0.0453,0.5652,0.5801,0.4167,0.5375,8,552,80,0.5698,37
Panu Virtanen,0.0088,0.0789,0.4912,0.5179,0.3448,0.4118,2,114,17,0.3333,10
Paolo Dagnino,0.0275,0.0367,0.5688,0.5968,0.3617,0.5294,2,109,17,0.3846,8
Paolo Lorenzi,0.0534,0.0344,0.5672,0.7003,0.5094,0.754,232,16788,2524,0.6015,632
Paride Mangiaterra,0.0,0.1129,0.4839,0.6,0.5312,0.6667,1,62,9,0.7,3
Parikshit Somani,0.0446,0.0491,0.6295,0.6667,0.4819,0.697,3,224,33,0.6,10
Parth Aggarwal,0.0116,0.0751,0.578,0.61,0.3562,0.56,3,173,25,0.5417,11
Pascal Brunner,0.0616,0.0259,0.5851,0.662,0.4531,0.6701,12,617,97,0.5224,32
Pascal Meis,0.0609,0.0398,0.6604,0.6809,0.5034,0.7612,8,427,67,0.619,16
Pasquale De Giorgio,0.0385,0.0577,0.6154,0.6875,0.35,0.6667,1,52,9,0.25,3
Patcharapol Kawin,0.0427,0.09,0.564,0.6218,0.337,0.5,4,211,34,0.3462,17
Paterne Mamata,0.0267,0.04,0.4533,0.6176,0.439,0.5385,1,75,13,0.4,6
Patric Prinoth,0.0895,0.061,0.5371,0.656,0.428,0.589,8,525,73,0.5775,30
Patricio Alvarado,0.0121,0.0405,0.6545,0.5505,0.375,0.4722,12,741,108,0.5169,57
Patricio Betancourt Gonzalez,0.0528,0.0599,0.6514,0.627,0.4141,0.6279,4,284,43,0.5676,16
Patricio Heras,0.0208,0.0489,0.5946,0.6541,0.5058,0.7188,46,3170,480,0.5741,135
Patrick Brady,0.0323,0.0507,0.6837,0.6604,0.4713,0.7239,47,3528,536,0.5831,148
Patrick Daciek,0.0209,0.04,0.6157,0.6017,0.4932,0.641,8,575,78,0.5625,28
Patrick Davidson,0.05,0.035,0.62,0.7,0.5,0.78,1,0,0,0.58,0
Patrick Fitzgerald,0.0134,0.062,0.5963,0.573,0.473,0.5806,9,597,93,0.5517,39
Patrick Grigoriu,0.0498,0.0448,0.6468,0.6385,0.4507,0.6667,3,201,30,0.5238,10
Patrick Harper,0.0741,0.0741,0.6852,0.5946,0.3529,0.625,1,54,8,0.4,3
Patrick Kaukovalta,0.0724,0.0876,0.5276,0.6823,0.3589,0.5556,8,525,81,0.4857,36
Patrick Kawka,0.0776,0.069,0.569,0.7197,0.51,0.7778,3,232,36,0.619,8
Patrick Kypson,0.0943,0.0303,0.6199,0.7364,0.5281,0.8288,236,16426,2564,0.6427,443
Patrick Maloney,0.0894,0.0483,0.631,0.7089,0.484,0.7759,65,4328,656,0.6108,151
Patrick Prader,0.073,0.0292,0.6131,0.7024,0.4906,0.7895,2,137,19,0.6667,4
Patrick Rynsaardt,0.12,0.07,0.61,0.6066,0.2821,0.4667,2,100,15,0.3333,8
Patrick Schoen,0.05,0.1,0.55,0.6364,0.2222,0.3333,1,20,3,0.3333,2
Patrick Tierro,0.0109,0.0326,0.6522,0.7,0.5938,0.8667,1,92,15,0.6667,2
Patrick Walker,0.0455,0.1136,0.4773,0.5714,0.2609,0.375,1,44,8,0.2857,5
Patrick Zahraj,0.069,0.0645,0.594,0.6916,0.4425,0.7035,105,7408,1103,0.6027,327
Patrik Fabian,0.088,0.0333,0.6453,0.7107,0.4436,0.7373,10,750,118,0.5507,31
Patrik Jurina,0.0,0.0217,0.6304,0.5862,0.3529,0.5,1,46,8,0.0,4
Patrik Meszaros,0.0283,0.0094,0.5189,0.5636,0.5294,0.6429,1,106,14,0.7059,5
Patrik Nema,0.0803,0.0672,0.5733,0.7397,0.4683,0.7611,15,1146,180,0.5905,43
Patrik Niklas Salminen,0.0925,0.0652,0.6147,0.7108,0.4827,0.7529,50,3296,526,0.5221,130
Patrik Obal,0.0667,0.0,0.6571,0.5652,0.4722,0.5,1,105,16,0.4667,8
Patrik Rikl,0.0694,0.0392,0.616,0.6856,0.4797,0.7453,29,2117,318,0.5909,81
Patrik Rosenholm,0.0769,0.0329,0.5796,0.7429,0.541,0.8505,16,1275,194,0.7184,29
Patrik Sudic,0.05,0.035,0.62,0.7,0.5,0.78,1,0,0,0.58,0
Patrik Trhac,0.1124,0.0533,0.6154,0.7212,0.4308,0.7407,2,169,27,0.4615,7
Patryk Kosinski,0.0,0.0588,0.6471,0.6061,0.3333,0.5556,1,51,9,0.2,4
Paul Cayre,0.0385,0.0538,0.4077,0.5472,0.3896,0.4286,2,130,21,0.5,12
Paul Henri Mathieu,0.0641,0.0459,0.5622,0.7135,0.5033,0.7704,106,5537,858,0.5971,197
Paul Inchauspe,0.04,0.0356,0.5867,0.6515,0.4946,0.7647,3,225,34,0.5789,8
Paul Jubb,0.0527,0.0487,0.6121,0.6929,0.5145,0.7786,161,12126,1811,0.6197,410
Paul Kramberger,0.0,0.0476,0.5873,0.4595,0.4231,0.3,1,63,10,0.5333,7
Paul Oosterbaan,0.0788,0.0242,0.6485,0.6916,0.4483,0.7917,2,165,24,0.7222,5
Paul Valsecchi,0.0167,0.0833,0.4667,0.5357,0.3021,0.2903,4,180,31,0.3333,22
Paul Werren,0.0323,0.0484,0.5161,0.5625,0.3667,0.375,1,62,8,0.6429,5
Paul Woerner,0.0,0.1406,0.5312,0.5,0.4,0.3333,1,64,9,0.4545,6
Pauli Partinen,0.04,0.06,0.66,0.4848,0.2941,0.25,1,50,8,0.5385,6
Paulo Andre Saraiva Dos Santos,0.0455,0.0502,0.5924,0.666,0.4528,0.6851,64,4882,743,0.5135,234
Pavel Filin,0.0152,0.0985,0.447,0.5254,0.4521,0.45,2,132,20,0.4762,11
Pavel Kotov,0.0576,0.0345,0.6268,0.7028,0.4966,0.772,308,22672,3487,0.6112,797
Pavel Krainik,0.069,0.0536,0.5539,0.6923,0.4449,0.7051,45,3174,468,0.6,138
Pavel Nejedly,0.025,0.0552,0.5982,0.6109,0.4479,0.5866,54,3678,554,0.4831,229
Pavel Petrov,0.0405,0.1081,0.5856,0.6077,0.3696,0.4706,4,222,34,0.4194,18
Pavel Selivanovsky,0.0,0.1842,0.5789,0.5455,0.1875,0.1667,1,38,6,0.2857,5
Pavel Shchaya Zubrov,0.05,0.035,0.62,0.7,0.5,0.78,1,0,0,0.58,0
Pavel Tsoy,0.021,0.0798,0.6597,0.5626,0.4033,0.5086,14,714,116,0.3448,57
Pavle Daljev,0.02,0.06,0.6,0.6,0.4,0.5556,2,50,9,0.4286,4
Pavle Marinkov,0.0796,0.0545,0.5658,0.7117,0.5102,0.7495,41,2826,463,0.5207,116
Pavlos Tsitsipas,0.041,0.0791,0.5576,0.6235,0.4614,0.6184,16,1024,152,0.5285,58
Pawel Cias,0.0441,0.0347,0.4883,0.6502,0.4947,0.6542,47,3109,483,0.5131,167
Pawel Zawisza,0.0235,0.0353,0.7059,0.6833,0.36,0.6667,1,85,15,0.1667,5
Pawin Jirapoomdaje,0.0208,0.0625,0.4167,0.45,0.4286,0.2857,1,48,7,0.1667,5
Pawit Sornlaksup,0.0344,0.0275,0.6101,0.5902,0.4412,0.5672,7,436,67,0.5606,29
Pedja Krstin,0.049,0.0618,0.5723,0.683,0.4667,0.6999,297,19669,2979,0.5577,900
Pedro Andre De Almeida Santos,0.0,0.1304,0.4891,0.5778,0.1915,0.2143,1,92,14,0.2667,11
Pedro Araujo,0.0097,0.0246,0.6883,0.5423,0.4674,0.5556,63,4434,666,0.4825,296
Pedro Bernardi,0.0856,0.0833,0.491,0.7294,0.4292,0.6769,6,444,65,0.5625,21
Pedro Boscardin Dias,0.0412,0.0542,0.5845,0.6602,0.468,0.6874,207,14034,2124,0.5649,664
Pedro Cachin,0.0522,0.0369,0.5985,0.6823,0.4919,0.7358,359,25733,3952,0.5775,1049
Pedro Iamachkine,0.0305,0.0534,0.5954,0.5769,0.434,0.625,1,131,16,0.7,6
Pedro Martinez,0.0244,0.0514,0.6541,0.6567,0.4853,0.7221,334,23683,3476,0.5873,998
Pedro Pablo Ruiz,0.0862,0.0517,0.4483,0.6923,0.5,0.6667,1,58,9,0.4,3
Pedro Pinto,0.0,0.1591,0.3864,0.5294,0.2963,0.375,1,44,8,0.4444,5
Pedro Rodenas,0.0327,0.0598,0.6196,0.6466,0.4273,0.6439,13,886,132,0.5,47
Pedro Rodrigues,0.0191,0.0503,0.6224,0.6054,0.4869,0.6528,17,1311,193,0.5248,67
Pedro Sakamoto,0.0378,0.024,0.6272,0.656,0.4969,0.7159,315,21948,3347,0.5878,951
Pedro Sousa,0.0274,0.0387,0.6742,0.6476,0.4938,0.724,310,20487,3127,0.5791,870
Pedro Uribe,0.016,0.0904,0.5479,0.534,0.4235,0.4828,4,188,29,0.4444,15
Pedro Vives Marcos,0.0643,0.0434,0.6029,0.6867,0.4936,0.7542,29,1959,301,0.5889,74
Peetu Pohjola,0.0312,0.0563,0.625,0.56,0.3833,0.4444,3,160,27,0.2857,15
Peng Xiang Gong,0.0137,0.0411,0.589,0.5814,0.5667,0.6154,1,73,13,0.375,5
Pengyu Lu,0.0518,0.0647,0.521,0.5776,0.3716,0.4167,6,309,48,0.4286,28
Percy Buffara,0.0233,0.186,0.5116,0.5455,0.2857,0.2857,1,43,7,0.375,5
Pere Riba,0.0873,0.0289,0.5567,0.7317,0.4737,0.7595,93,5543,865,0.5649,208
Perry Gregg,0.0519,0.0623,0.5779,0.5868,0.418,0.5435,5,289,46,0.3,21
Petar Conkic,0.0105,0.0105,0.5579,0.6792,0.5,0.6471,1,95,17,0.25,6
Peter Balla,0.0962,0.0962,0.6154,0.75,0.35,0.6667,1,52,9,0.625,3
Peter Benjamin Privara,0.0826,0.08,0.5252,0.702,0.4414,0.697,16,1150,165,0.6124,50
Peter Bertran,0.043,0.0796,0.5855,0.6309,0.4475,0.6318,29,1860,277,0.5446,102
Peter Bothwell,0.0434,0.0533,0.568,0.7222,0.4795,0.7195,7,507,82,0.566,23
Peter Buldorini,0.0256,0.0721,0.5628,0.6267,0.4291,0.5969,20,1290,196,0.5212,79
Peter Fajta,0.0611,0.0546,0.6037,0.7269,0.4408,0.7113,14,916,142,0.5176,41
Peter Gojowczyk,0.0945,0.0498,0.5343,0.7524,0.4855,0.7799,280,17001,2603,0.5939,582
Peter Goldsteiner,0.0168,0.0671,0.6283,0.5458,0.4194,0.5082,6,417,61,0.4828,30
Peter Heller,0.0389,0.0284,0.5561,0.6665,0.4934,0.7104,54,3904,594,0.5924,172
Peter Kobelt,0.1455,0.0533,0.6102,0.7351,0.5065,0.7971,29,2178,340,0.5965,69
Peter Luczak,0.05,0.035,0.62,0.7,0.5,0.78,2,0,0,0.58,0
Peter Makk,0.0579,0.0357,0.6085,0.7049,0.5087,0.7766,16,1175,188,0.58,42
Peter Nad,0.0508,0.0407,0.6068,0.6369,0.4224,0.6222,4,295,45,0.3704,17
Peter Nagy,0.0201,0.0412,0.6401,0.619,0.4563,0.6439,28,1845,278,0.5619,99
Peter Polansky,0.067,0.0383,0.5753,0.7001,0.5191,0.7768,331,22701,3396,0.608,777
Peter Sallay,0.0172,0.0517,0.7586,0.6591,0.5,0.7778,1,58,9,0.6667,2
Peter Samosi,0.0,0.1642,0.4776,0.7188,0.2,0.4,1,67,10,0.4,6
Peter Tarwid,0.0417,0.1667,0.4583,0.5909,0.3077,0.2857,1,48,7,0.5,5
Peter Torebko,0.0621,0.0634,0.5729,0.6869,0.4681,0.7028,110,7782,1191,0.575,354
Peter Vajda,0.0623,0.0798,0.601,0.639,0.4375,0.6129,7,401,62,0.4419,24
Petr Bar Biryukov,0.1431,0.0633,0.5964,0.7519,0.4864,0.8095,80,5813,903,0.6379,172
Petr Brunclik,0.0603,0.0514,0.6149,0.7038,0.5112,0.793,57,3931,604,0.6449,125
Petr Iamachkine,0.0323,0.0553,0.5853,0.5433,0.4556,0.5294,3,217,34,0.4667,16
Petr Michnev,0.0976,0.0368,0.5473,0.7106,0.4748,0.7382,50,3289,489,0.5871,128
Petr Nesterov,0.0408,0.0212,0.6208,0.6503,0.5021,0.7071,44,3109,478,0.5882,140
Petr Nouza,0.1151,0.0573,0.6135,0.7447,0.4767,0.7981,49,3441,530,0.6323,107
Petros Chrysochos,0.0329,0.0333,0.5926,0.6256,0.5062,0.6722,34,2371,360,0.5581,118
Petros Tsitsipas,0.0471,0.0752,0.526,0.6579,0.4191,0.6095,42,2673,402,0.5213,157
Petru Alexandru Luncanu,0.021,0.03,0.7125,0.5943,0.4595,0.6212,21,1332,198,0.5283,75
Phassawit Burapharitta,0.0334,0.0635,0.6187,0.5838,0.4649,0.6087,5,299,46,0.5135,18
Philip Bester,0.0643,0.0516,0.5797,0.7,0.5007,0.7599,53,3640,554,0.6006,133
Philip Davydenko,0.0237,0.0325,0.6746,0.6339,0.4823,0.6937,23,1478,222,0.5723,68
Philip Florig,0.0325,0.0688,0.575,0.6109,0.4029,0.5366,13,800,123,0.4911,57
Philip Henning,0.0398,0.0189,0.6605,0.6692,0.5216,0.7475,37,2586,408,0.5863,103
Philip Hjorth,0.0,0.1282,0.5641,0.4545,0.2353,0.2857,1,39,7,0.0,5
Philip Sekulic,0.0617,0.0418,0.6181,0.6975,0.4905,0.7655,139,10155,1569,0.6098,368
Philipp Klimov,0.05,0.035,0.62,0.7,0.5,0.78,1,0,0,0.58,0
Philipp Kohlschreiber,0.0543,0.0243,0.6035,0.7147,0.5544,0.8008,42,2875,477,0.5662,95
Philipp Oswald,0.0845,0.0517,0.5845,0.7522,0.5187,0.8144,10,580,97,0.6327,18
Philipp Petzschner,0.0614,0.0589,0.5502,0.7149,0.5074,0.7766,23,1205,188,0.6216,42
Phoenix Weir,0.0395,0.1184,0.5526,0.7857,0.2059,0.6364,1,76,11,0.6667,4
Phongsapak Kerdlaphee,0.1077,0.0154,0.6615,0.7442,0.4091,0.8,1,65,10,0.6,2
Piercarlo Coccio,0.0068,0.0411,0.7123,0.4904,0.381,0.4,3,146,25,0.4231,15
Pierluigi Basile,0.0446,0.044,0.6,0.6627,0.4804,0.7155,22,1660,239,0.6304,68
Pierre Antoine Faut,0.033,0.0404,0.6587,0.6045,0.4194,0.5556,8,545,81,0.4706,36
Pierre Antoine Tailleu,0.051,0.0637,0.535,0.619,0.4247,0.5385,3,157,26,0.4,12
Pierre Debrosse,0.0,0.0625,0.6406,0.7805,0.4783,0.75,1,64,12,0.25,3
Pierre Delage,0.1,0.0629,0.5829,0.7304,0.4795,0.7757,9,700,107,0.6129,24
Pierre Faivre,0.0528,0.0891,0.5479,0.6747,0.4161,0.619,4,303,42,0.5429,16
Pierre Hugues Herbert,0.1118,0.058,0.5867,0.761,0.5151,0.8366,319,22790,3555,0.6386,592
Pierre Louis Dodens,0.0294,0.0882,0.5588,0.3158,0.3333,0.2857,1,34,7,0.1667,5
Pierre Malan,0.1061,0.0795,0.5833,0.7078,0.4545,0.725,3,264,40,0.6071,11
Piet Luis Pinter,0.0284,0.017,0.6023,0.6321,0.4286,0.625,2,176,24,0.5909,9
Pieter De Lange,0.0355,0.0709,0.6738,0.6526,0.4348,0.6818,2,141,22,0.5625,7
Pietro Ansaldo,0.0,0.1136,0.5682,0.6,0.3684,0.5,1,44,8,0.2,4
Pietro Fellin,0.036,0.0307,0.6179,0.6589,0.4698,0.6894,30,2083,322,0.537,100
Pietro Gava,0.0638,0.0213,0.5532,0.5385,0.2857,0.2857,1,47,7,0.2857,5
Pietro Genovese,0.0213,0.0213,0.5957,0.5357,0.2105,0.2857,1,47,7,0.375,5
Pietro Lavoratori,0.0909,0.0303,0.6061,0.5,0.0769,0.1667,1,33,6,0.1667,5
Pietro Licciardi,0.0122,0.0244,0.6948,0.6176,0.4923,0.6918,16,1065,159,0.5664,49
Pietro Manola,0.0238,0.0238,0.4524,0.5263,0.3043,0.2857,1,42,7,0.1667,5
Pietro Marino,0.0714,0.0238,0.6667,0.5357,0.4286,0.5,1,42,8,0.2,4
Pietro Mugelli,0.0,0.0213,0.4894,0.4783,0.4167,0.4286,1,47,7,0.3333,4
Pietro Pampanin,0.0311,0.035,0.5175,0.594,0.3468,0.4318,6,257,44,0.2857,25
Pietro Ricci,0.0,0.0448,0.4925,0.6061,0.4412,0.6667,1,67,9,0.25,3
Pietro Rimondini,0.0145,0.1739,0.6087,0.5238,0.3333,0.4,1,69,10,0.25,6
Pietro Romeo Scomparin,0.0,0.0575,0.6897,0.4333,0.3704,0.3333,2,87,15,0.3333,10
Pietro Rondoni,0.0327,0.0359,0.6158,0.6265,0.4782,0.6497,20,1252,197,0.4773,69
Pijus Reklevicius,0.0172,0.069,0.569,0.4848,0.4,0.375,1,58,8,0.1667,5
Pijus Vaitiekunas,0.0,0.0548,0.6301,0.5217,0.5185,0.5833,1,73,12,0.2857,5
Piotr Galus,0.0198,0.0593,0.6364,0.6211,0.4565,0.6316,4,253,38,0.5758,14
Piotr Grynkowski,0.0385,0.0855,0.5855,0.6715,0.3918,0.625,3,234,32,0.6364,12
Piotr Lomacki,0.0374,0.0841,0.5327,0.5263,0.46,0.5294,2,107,17,0.6,8
Piotr Matuszewski,0.0528,0.048,0.5402,0.6022,0.4151,0.5512,15,833,127,0.4673,57
Pirmin Haenle,0.0104,0.0833,0.5573,0.6542,0.3882,0.5926,3,192,27,0.56,11
Pol Martin Tiffon,0.0443,0.0525,0.5802,0.6877,0.4882,0.7322,147,10426,1591,0.5681,428
Pol Toledo Bague,0.0249,0.0652,0.6189,0.646,0.4478,0.6618,58,4049,615,0.5388,208
Potito Starace,0.0268,0.012,0.7001,0.6577,0.5893,0.7881,10,747,118,0.6154,25
Prajnesh Gunneswaran,0.0703,0.0337,0.617,0.7124,0.5137,0.7943,277,18625,2917,0.6203,603
Pranav Kumar,0.0509,0.0602,0.5782,0.633,0.4235,0.5851,23,1612,241,0.5146,100
Preston Brown,0.0632,0.0764,0.5712,0.674,0.4117,0.6351,43,2787,433,0.538,158
Preston Stearns,0.0776,0.0597,0.5761,0.7228,0.4648,0.7653,7,670,98,0.6515,23
Pruchya Isarow,0.0613,0.075,0.5169,0.6989,0.424,0.631,20,1240,187,0.5519,69
Punn Bodhidatta,0.0279,0.1117,0.5419,0.5979,0.3293,0.4286,3,179,28,0.4074,16
Punnakrit Kritakara,0.0455,0.1212,0.4848,0.5,0.3824,0.3333,1,66,9,0.5,6
Purav Raja,0.1184,0.0748,0.5187,0.6967,0.4272,0.6337,11,642,101,0.5067,37
Puriwat Chatpatcharoen,0.1084,0.1126,0.513,0.7236,0.4368,0.6846,16,959,149,0.5727,47
Pyry Hyrkkonen,0.027,0.0743,0.5338,0.4937,0.4493,0.4286,2,148,21,0.5385,12
Qian Sun,0.0867,0.0729,0.5942,0.6505,0.4305,0.6442,10,727,104,0.5698,37
Qiulin Wang,0.0588,0.0784,0.6078,0.5161,0.4,0.375,1,51,8,0.1667,5
Quentin Coulaud,0.0114,0.0682,0.6477,0.5789,0.3226,0.4167,1,88,12,0.5,7
Quentin Folliot,0.0227,0.0492,0.5227,0.6232,0.4444,0.5641,9,528,78,0.4333,34
Quentin Gueydan,0.0658,0.047,0.4869,0.6974,0.4745,0.7,13,957,140,0.5758,42
Quentin Halys,0.1305,0.0682,0.5872,0.7757,0.482,0.8249,513,36840,5740,0.6269,1017
Quentin Robert,0.0408,0.1077,0.5334,0.6789,0.4161,0.6279,9,613,86,0.6098,32
Quinn Vandecasteele,0.0781,0.0539,0.5377,0.6994,0.4745,0.7202,85,6491,965,0.5772,274
Quinton Vega,0.0248,0.0248,0.6287,0.5906,0.6,0.7241,3,202,29,0.6923,8
Rached Rihani,0.0602,0.097,0.4983,0.7517,0.38,0.6667,4,299,45,0.5946,15
Radek Stepanek,0.0646,0.0373,0.6254,0.7256,0.5055,0.7886,42,2197,350,0.6244,74
Radomir Jovanovic,0.0556,0.0333,0.5333,0.7083,0.4524,0.7143,1,90,14,0.6,4
Radomir Tomic,0.0,0.0213,0.617,0.5172,0.3333,0.4286,1,47,7,0.4286,4
Radovan Michalik,0.0782,0.0782,0.5475,0.6531,0.4568,0.6129,3,179,31,0.4286,12
Radu Albot,0.028,0.0355,0.6528,0.6666,0.5057,0.752,483,34324,5198,0.5978,1302
Radu David Turcanu,0.0196,0.0784,0.5196,0.5472,0.4082,0.4,2,102,15,0.4375,9
Radu Florin Macovei,0.0,0.0698,0.6512,0.3571,0.4667,0.2857,1,43,7,0.2857,5
Radu Mihai Papoe,0.0143,0.0228,0.67,0.631,0.5016,0.6863,28,1885,306,0.4894,96
Rafael Alfonso De Alba Valdes,0.055,0.0459,0.6055,0.5606,0.3488,0.4,2,109,15,0.4706,9
Rafael Botran Neutze,0.0,0.1316,0.6842,0.3846,0.25,0.1667,1,38,6,0.1667,5
Rafael Camilo,0.07,0.155,0.455,0.6593,0.4312,0.5625,3,200,32,0.3333,14
Rafael De Alba,0.0284,0.078,0.6111,0.6054,0.3769,0.5285,14,846,123,0.6027,58
Rafael Giotis,0.0526,0.0335,0.6077,0.685,0.4878,0.7931,3,209,29,0.6842,6
Rafael Izquierdo Luque,0.0351,0.0877,0.6901,0.6102,0.4528,0.6957,2,171,23,0.65,7
Rafael Jodar,0.0605,0.0292,0.6102,0.7234,0.5499,0.8182,67,4218,693,0.6123,126
Rafael Kis Balazs,0.082,0.0328,0.541,0.697,0.3571,0.6667,1,61,9,0.5714,3
Rafael Matos,0.024,0.035,0.6769,0.6303,0.4946,0.6891,56,3748,579,0.5724,180
Rafael Segado Esteve,0.0185,0.0833,0.5,0.5741,0.4259,0.5294,2,108,17,0.3846,8
Rafael Tosetto,0.0306,0.0458,0.5938,0.6082,0.4479,0.5845,20,1440,219,0.48,91
Rafael Ymer,0.0122,0.0366,0.6341,0.5577,0.2333,0.3571,2,82,14,0.25,9
Rafal Teurer,0.0117,0.0702,0.5906,0.6337,0.4714,0.6522,2,171,23,0.6667,8
Raghav Jaisinghani,0.0341,0.0284,0.5568,0.6633,0.4103,0.6154,2,176,26,0.6,10
Raheel Manji,0.0323,0.0968,0.5484,0.6471,0.375,0.5333,1,124,15,0.6316,7
Rahim Esmail,0.0233,0.1395,0.3953,0.3529,0.3462,0.0,1,43,6,0.5385,6
Rahul Robinson Manoah,0.05,0.035,0.62,0.7,0.5,0.78,1,0,0,0.58,0
Rajeev Ram,0.099,0.0301,0.6469,0.7442,0.5146,0.8429,66,3687,592,0.6714,93
Raleigh Smith,0.0323,0.0538,0.5771,0.5683,0.4492,0.5366,9,558,82,0.4933,38
Ralph Regus,0.0469,0.0781,0.4375,0.7143,0.3889,0.6,1,64,10,0.6,4
Ram Kapach,0.0312,0.0625,0.5938,0.5526,0.4615,0.5556,1,64,9,0.5556,4
Ramakrishnan Rangaraju,0.0222,0.0444,0.6,0.4444,0.5556,0.4286,1,45,7,0.5,4
Ramazan Nureev,0.0323,0.0726,0.6371,0.5823,0.3111,0.4375,2,124,16,0.6087,9
Rameez Junaid,0.0787,0.069,0.5088,0.6877,0.4706,0.6701,10,623,97,0.5,32
Ramkumar Ramanathan,0.1075,0.0524,0.5982,0.7319,0.5,0.8006,455,31663,4960,0.5948,998
Rana Roop Singh Bhullar,0.0462,0.0462,0.6615,0.5814,0.4545,0.6667,1,65,9,0.25,3
Ranjeet Virali Murugesan,0.0129,0.0386,0.5604,0.6422,0.5497,0.6818,8,389,66,0.3226,21
Raony Carvalho,0.0,0.0213,0.6809,0.4688,0.5333,0.5,1,47,8,0.3333,4
Raphael Archambault Laurin,0.0263,0.1579,0.4474,0.4118,0.1905,0.0,1,38,6,0.25,6
Raphael Baltensperger,0.0282,0.0847,0.5047,0.6679,0.4601,0.6375,7,531,80,0.5606,29
Raphael Collignon,0.0653,0.0569,0.6392,0.7182,0.4948,0.7881,150,10193,1642,0.5867,348
Raphael Perot,0.0258,0.0364,0.608,0.6332,0.4671,0.6875,11,852,128,0.5,40
Rares Andrei Golescu,0.0394,0.0551,0.622,0.4937,0.2708,0.2857,3,127,21,0.3478,15
Rares Teodor Pieleanu,0.0553,0.1106,0.566,0.6767,0.3137,0.5294,3,235,34,0.5897,16
Rashed Nawaf,0.0087,0.0348,0.687,0.5443,0.4444,0.5294,2,115,17,0.619,8
Raul Brancaccio,0.0331,0.0539,0.6,0.6644,0.4752,0.7017,335,23554,3564,0.5718,1070
Raul Garcia,0.0221,0.0829,0.5359,0.5464,0.381,0.4074,3,181,27,0.4286,16
Raul Isaias Rosas Zarur,0.0257,0.119,0.5434,0.6095,0.3803,0.5192,6,311,52,0.3421,25
Raul Teichmann,0.1091,0.0364,0.5091,0.7857,0.4444,0.7,1,55,10,0.4,3
Ravi Raswant,0.05,0.035,0.62,0.7,0.5,0.78,1,0,0,0.58,0
Ray Ho,0.0933,0.0402,0.5951,0.6834,0.486,0.7455,41,2638,393,0.6139,100
Rayane Roumane,0.0996,0.0569,0.578,0.7211,0.4499,0.7484,27,2128,314,0.601,79
Rayen Hermassi,0.0526,0.1053,0.4737,0.3889,0.35,0.2857,1,38,7,0.4444,5
Raymond Sarmiento,0.0582,0.0324,0.6218,0.7026,0.5284,0.787,86,5965,939,0.5789,200
Razvan Baiant,0.0259,0.0948,0.5603,0.6615,0.4118,0.6316,2,116,19,0.2222,7
Reda Bennani,0.0231,0.0308,0.6724,0.5673,0.5118,0.6133,8,519,75,0.5857,29
Reda El Amrani,0.0499,0.0987,0.5767,0.7155,0.441,0.7222,11,841,126,0.6237,35
Reda Karakhi,0.0616,0.0142,0.3981,0.75,0.4882,0.7188,4,211,32,0.6538,9
Reece Falck,0.0462,0.0462,0.5692,0.5676,0.4286,0.5556,1,65,9,0.3333,4
Reese Stalder,0.0688,0.0427,0.5599,0.6547,0.4744,0.6769,12,843,130,0.5758,42
Rei Sakamoto,0.0977,0.0302,0.6193,0.7308,0.5081,0.8173,106,7475,1122,0.6127,213
Reilly Opelka,0.2157,0.045,0.6097,0.7976,0.5459,0.9029,146,9546,1503,0.6864,148
Remi Boutillier,0.0691,0.0363,0.6303,0.7299,0.5046,0.8229,63,4658,734,0.6061,130
Remy Bertola,0.0527,0.0535,0.5765,0.6986,0.4994,0.7511,190,13217,2053,0.5839,511
Ren Nakamura,0.016,0.0439,0.5808,0.5876,0.4143,0.527,9,501,74,0.527,35
Renato Lima,0.0375,0.0487,0.5318,0.6479,0.48,0.7105,3,267,38,0.6333,11
Rene Schulte,0.1405,0.049,0.5098,0.8077,0.4667,0.7917,5,306,48,0.6552,10
Renlong Pang,0.0577,0.1154,0.4423,0.6522,0.3448,0.4286,1,52,7,0.6667,4
Renta Tokuda,0.0365,0.0304,0.6395,0.6641,0.5105,0.7356,124,8091,1263,0.5761,334
Renzo Olivo,0.029,0.0564,0.6159,0.6544,0.4687,0.6912,530,38008,5676,0.5689,1760
Rhett Purcell,0.0453,0.0792,0.5472,0.5793,0.4833,0.561,4,265,41,0.561,18
Rhyne Williams,0.0724,0.0325,0.598,0.6786,0.5266,0.7679,15,1077,168,0.5979,39
Rhys Searant,0.0323,0.0323,0.5806,0.5556,0.5,0.5556,1,62,9,0.5,4
Riaan Du Toit,0.0312,0.0312,0.5521,0.6226,0.4651,0.6667,1,96,12,0.6667,4
Ricardas Berankis,0.051,0.0388,0.5923,0.7174,0.5333,0.8024,356,24547,3852,0.6264,761
Ricardo Alban,0.0,0.0571,0.6857,0.25,0.3636,0.1429,1,35,7,0.25,6
Ricardo David Mayagoitia,0.0,0.0286,0.6857,0.1667,0.4545,0.1429,1,35,7,0.25,6
Ricardo Hocevar,0.0432,0.041,0.5782,0.625,0.4876,0.6425,20,1342,207,0.4966,74
Ricardo Ojeda Lara,0.0148,0.0256,0.6518,0.6276,0.4622,0.6548,94,5933,898,0.5272,313
Ricardo Ortiz,0.0304,0.057,0.5665,0.5973,0.5,0.5814,4,263,43,0.3793,18
Ricardo Pabon,0.05,0.035,0.62,0.7,0.5,0.78,1,0,0,0.58,0
Ricardo Rodriguez,0.041,0.0229,0.6853,0.6507,0.5023,0.738,40,2707,416,0.5963,109
Ricardo Urzua Rivera,0.0,0.0916,0.6718,0.5881,0.3547,0.5195,8,524,77,0.5488,37
Ricardo Villacorta Alonso,0.0808,0.0354,0.6414,0.7244,0.4789,0.871,4,198,31,0.7333,4
Riccardo Balzerani,0.0273,0.0496,0.6043,0.6112,0.4634,0.6166,44,3005,459,0.5522,176
Riccardo Bellotti,0.0248,0.0379,0.6835,0.6275,0.4788,0.673,82,5279,786,0.5745,257
Riccardo Bonadio,0.0406,0.0311,0.5954,0.6721,0.5084,0.739,338,24113,3663,0.592,962
Riccardo Ghedin,0.0602,0.0508,0.572,0.676,0.4735,0.6858,65,3918,611,0.4974,192
Riccardo Maiga,0.0918,0.0871,0.5506,0.735,0.4503,0.75,6,425,64,0.5294,16
Riccardo Sinicropi,0.0412,0.0515,0.6289,0.5082,0.3333,0.3333,2,97,15,0.5238,10
Richard Becker,0.1527,0.0665,0.5481,0.7902,0.503,0.8492,14,1113,179,0.6538,27
Richard Biagiotti,0.0222,0.0667,0.6444,0.3793,0.375,0.1429,1,45,7,0.4545,6
Richard Bloomfield,0.05,0.035,0.62,0.7,0.5,0.78,1,0,0,0.58,0
Richard Gabb,0.0732,0.0203,0.6321,0.7299,0.453,0.8,7,492,75,0.6154,15
Richard Gasquet,0.0657,0.038,0.5888,0.7355,0.5133,0.8151,107,7500,1152,0.6072,218
Richard Muzaev,0.0553,0.0321,0.5913,0.6957,0.4528,0.728,16,778,125,0.5467,34
Richard Solberg,0.0336,0.084,0.6723,0.5125,0.3077,0.3529,2,119,17,0.56,11
Richard Zusman,0.0238,0.0714,0.5952,0.6667,0.451,0.7,2,126,20,0.4545,6
Rick Kepler,0.0351,0.0175,0.6842,0.4615,0.5556,0.5,1,57,8,0.5556,4
Ricky Medinilla,0.0234,0.0938,0.5547,0.6338,0.4561,0.619,2,128,21,0.4286,8
Rigele Te,0.0798,0.0442,0.5538,0.7032,0.4729,0.7335,74,5336,818,0.584,218
Riki Oshima,0.0,0.0678,0.5932,0.5714,0.375,0.375,1,59,8,0.375,5
Riku Takahata,0.0288,0.0769,0.5769,0.5833,0.3864,0.5,2,104,16,0.4286,8
Rikus De Villiers,0.0182,0.1091,0.5273,0.4483,0.2692,0.125,1,55,8,0.3636,7
Riley H Reist,0.0196,0.1373,0.5686,0.5862,0.3182,0.4286,1,51,7,0.6667,4
Rimpei Kawakami,0.0386,0.0181,0.6731,0.6237,0.5351,0.7073,13,829,123,0.5909,36
Rinky Hijikata,0.0543,0.0376,0.5911,0.703,0.5108,0.7855,215,15905,2406,0.6261,516
Rio Noguchi,0.0242,0.024,0.6519,0.6512,0.5036,0.7152,246,16519,2546,0.553,730
Rishab Agarwal,0.0519,0.0321,0.5383,0.6743,0.5294,0.7213,6,405,61,0.575,17
Rishi Reddy,0.0387,0.0952,0.5655,0.6579,0.3082,0.4906,6,336,53,0.413,27
Ristomatti Lanne,0.0352,0.043,0.5469,0.5643,0.5086,0.6053,3,256,38,0.4444,15
Robbie Arends,0.048,0.032,0.536,0.6567,0.4483,0.6111,2,125,18,0.5333,7
Robbie C Bellamy,0.0526,0.0175,0.5965,0.5294,0.4348,0.5,1,57,8,0.6364,4
Robbie Mudge,0.0079,0.0787,0.5906,0.4933,0.3846,0.375,2,127,16,0.4444,10
Robby Ginepri,0.0348,0.0424,0.6288,0.6337,0.5388,0.6857,12,660,105,0.459,33
Robert Cash,0.0428,0.0302,0.6348,0.6706,0.5448,0.7903,6,397,62,0.6061,13
Robert Damian Savin,0.0,0.0,0.5676,0.5238,0.1875,0.1667,1,37,6,0.2857,5
Robert Farah,0.093,0.1628,0.6047,0.6154,0.1765,0.4286,2,43,7,0.4286,4
Robert Galloway,0.0702,0.0596,0.5575,0.6603,0.4347,0.6537,27,1695,257,0.5365,89
Robert Kelly,0.0114,0.0303,0.6439,0.6471,0.4787,0.7105,4,264,38,0.56,11
Robert Kjellberg,0.0469,0.0469,0.6562,0.7619,0.4545,0.8,1,64,10,0.75,2
Robert Levine,0.0789,0.0789,0.5526,0.6905,0.4412,0.6923,1,76,13,0.3333,4
Robert Lindstedt,0.1017,0.0508,0.6441,0.6579,0.4762,0.8333,1,59,6,0.8571,1
Robert Loeb,0.0357,0.1429,0.5536,0.6129,0.44,0.625,1,56,8,0.25,3
Robert Strombachs,0.049,0.0452,0.6584,0.683,0.4803,0.7531,95,6900,1053,0.6119,260
Robert Willekes Macdonald,0.0538,0.1075,0.4409,0.6585,0.3942,0.5,3,186,32,0.3333,16
Roberto Affonso Neto,0.0374,0.0481,0.6578,0.561,0.4062,0.5172,3,187,29,0.5758,14
Roberto Bautista Agut,0.0327,0.0293,0.6817,0.6849,0.525,0.7725,32,2388,378,0.5401,86
Roberto Carballes Baena,0.0326,0.0345,0.6419,0.6702,0.514,0.7502,459,30807,4755,0.5945,1188
Roberto Cid,0.0313,0.0482,0.6029,0.6514,0.4622,0.6722,203,14764,2215,0.5509,733
Roberto Marcora,0.0596,0.0349,0.6066,0.6917,0.5004,0.7613,316,22199,3326,0.6037,808
Roberto Marelli,0.0652,0.0761,0.5652,0.7692,0.25,0.6429,1,92,14,0.5833,5
Roberto Maytin,0.0131,0.1126,0.6047,0.6104,0.351,0.5167,7,382,60,0.463,29
Roberto Ortega Olmedo,0.0289,0.0455,0.5693,0.6576,0.4921,0.6928,185,13047,1999,0.5448,614
Roberto Pinargote Palma,0.0,0.0278,0.75,0.4444,0.3333,0.2857,1,36,7,0.0,5
Roberto Quiroz,0.0618,0.0339,0.639,0.6917,0.5183,0.7825,316,22823,3512,0.6205,770
Robin Bailly,0.0492,0.0,0.4918,0.7,0.2903,0.5,1,61,8,0.4286,4
Robin Bertrand,0.0297,0.0484,0.6285,0.642,0.4745,0.6859,109,7453,1143,0.559,359
Robin Catry,0.0972,0.0574,0.5982,0.7466,0.4561,0.7854,41,3034,480,0.6157,103
Robin Haase,0.074,0.0425,0.5907,0.7194,0.4926,0.7753,194,13451,2065,0.6079,467
Robin Kern,0.0831,0.0645,0.5698,0.7179,0.493,0.7807,30,1985,301,0.67,66
Robin Stanek,0.0493,0.0377,0.619,0.6821,0.4871,0.7215,75,4990,790,0.5652,220
Robin Thour,0.0794,0.0469,0.5668,0.6624,0.4083,0.6757,4,277,37,0.6571,12
Rocco Piatti,0.0318,0.069,0.5836,0.5773,0.3885,0.5254,6,377,59,0.451,28
Rocco Savin,0.0,0.0659,0.5604,0.549,0.35,0.4,2,91,15,0.5,9
Rocco Valente,0.0,0.0361,0.6928,0.5391,0.4314,0.4762,2,166,21,0.5217,11
Rodion Pak,0.0,0.0208,0.5833,0.5,0.45,0.375,1,48,8,0.2857,5
Rodolfo Jauregui Sainz De Rozas,0.024,0.0625,0.625,0.5077,0.4487,0.4375,4,208,32,0.4,18
Rodrigo Alujas,0.0287,0.0598,0.6278,0.6482,0.4939,0.6965,18,1322,201,0.5612,61
Rodrigo Arus,0.0661,0.0729,0.5672,0.7229,0.3579,0.6471,7,439,68,0.5472,24
Rodrigo Castro Aravena,0.0,0.1471,0.6471,0.3636,0.0833,0.0,1,34,6,0.25,6
Rodrigo Chavez,0.0,0.1714,0.2857,0.6,0.16,0.0,1,35,6,0.25,6
Rodrigo Crespo Piedra,0.0351,0.0614,0.5877,0.6716,0.5957,0.8333,2,114,18,0.625,3
Rodrigo Echavarria,0.05,0.035,0.62,0.7,0.5,0.78,1,0,0,0.58,0
Rodrigo Fernandes,0.0162,0.0485,0.6212,0.5539,0.4573,0.5231,6,433,65,0.5079,31
Rodrigo Manzo Monsech,0.0,0.1404,0.5088,0.5517,0.25,0.1429,1,57,7,0.5714,6
Rodrigo Pacheco Mendez,0.0522,0.0487,0.6081,0.6897,0.499,0.7478,126,8908,1356,0.6014,344
Rodrigo Ramos Codes,0.0,0.2619,0.5,0.619,0.1905,0.2857,1,42,7,0.4444,5
Rodrigo Sanchez,0.0072,0.0145,0.6558,0.5691,0.3789,0.5116,4,276,43,0.4,21
Rodrigo Varillas,0.0122,0.0366,0.4146,0.3824,0.3125,0.0769,2,82,13,0.2941,12
Roger Pascual Ferra,0.0049,0.0443,0.6552,0.6541,0.4286,0.6909,5,406,55,0.6531,17
Rogerio Dutra Silva,0.0428,0.0353,0.6096,0.6868,0.5234,0.7706,261,16502,2546,0.6061,592
Rohan  Murali,0.0155,0.0674,0.5699,0.6636,0.494,0.6667,3,193,33,0.4211,11
Rohan Bopanna,0.1613,0.0,0.6452,0.7,0.4091,0.7778,1,62,9,0.75,2
Roko Horvat,0.0463,0.0505,0.6653,0.6044,0.3711,0.5526,8,475,76,0.4848,34
Roko Savin,0.0111,0.0556,0.5333,0.6042,0.6905,0.9167,1,90,12,0.9,1
Romain Arneodo,0.045,0.0277,0.6619,0.6296,0.5102,0.702,29,2023,302,0.5735,90
Romain Barbosa,0.0326,0.0326,0.5614,0.636,0.4836,0.6494,22,1532,231,0.5207,81
Romain Bauvy,0.0755,0.0377,0.6415,0.5588,0.5789,0.6667,1,53,9,0.25,3
Romain Bousquet,0.0196,0.1176,0.3922,0.45,0.4194,0.2857,1,51,7,0.2857,5
Romain Gales,0.0,0.0312,0.5938,0.4211,0.1538,0.1667,1,32,6,0.4444,5
Romain Jouan,0.1058,0.0265,0.5871,0.762,0.5292,0.831,25,1739,284,0.6522,48
Roman Andres Burruchaga,0.0253,0.0516,0.6173,0.6551,0.4815,0.7026,296,21445,3228,0.5617,969
Roman Blokhin,0.14,0.14,0.43,0.7209,0.4561,0.5882,2,100,17,0.5625,7
Roman Hassanov,0.0331,0.0549,0.5692,0.6372,0.4869,0.6553,24,1511,235,0.4873,81
Roman Jebavy,0.0278,0.045,0.6434,0.6326,0.4701,0.6626,22,1688,243,0.598,82
Roman Postolka,0.0132,0.0263,0.6711,0.6078,0.48,0.6667,1,76,12,0.4286,4
Roman Safiullin,0.0744,0.0459,0.6352,0.7079,0.5102,0.7899,303,22112,3437,0.628,722
Roman Warias,0.0,0.0175,0.7018,0.425,0.2353,0.0,1,57,7,0.5,7
Romeo Arcuschin,0.0207,0.0289,0.5702,0.529,0.4615,0.5,3,242,34,0.6136,17
Ronald Hohmann,0.0339,0.054,0.5784,0.6508,0.4494,0.6496,10,797,117,0.5233,41
Ronald Slobodchikov,0.024,0.0645,0.5984,0.6303,0.4313,0.6104,38,2373,367,0.48,143
Ronan Joncour,0.0497,0.053,0.5762,0.7356,0.4766,0.7755,4,302,49,0.5926,11
Rong Ma,0.0,0.0656,0.623,0.6316,0.4783,0.6,1,61,10,0.4286,4
Roni Rikkonen,0.0367,0.0413,0.5138,0.6339,0.3962,0.5484,3,218,31,0.6,14
Ronit Karki,0.0347,0.0486,0.4896,0.695,0.483,0.7045,4,288,44,0.5806,13
Ronnie Schneider,0.0404,0.0404,0.6092,0.6842,0.4789,0.7595,31,2303,341,0.6077,82
Ross Watson,0.0368,0.0737,0.5842,0.5225,0.3671,0.4231,3,190,26,0.5312,15
Rostislav Galfinger,0.0312,0.125,0.4375,0.3571,0.2778,0.1667,1,32,6,0.0,5
Roy Hobbs,0.0,0.0536,0.6607,0.4865,0.3158,0.2857,2,56,7,0.4444,5
Roy Horovitz,0.0172,0.0172,0.6379,0.7027,0.381,0.6667,1,58,9,0.7692,3
Roy Lederman,0.0,0.1333,0.5556,0.56,0.2,0.1667,1,45,6,0.2857,5
Roy Sarut De Valk,0.0305,0.0725,0.6298,0.5576,0.3505,0.4444,6,262,45,0.4318,25
Roy Smith,0.0846,0.0581,0.6066,0.7046,0.4829,0.7536,88,6312,970,0.6017,239
Roy Stepanov,0.0661,0.0744,0.5785,0.6714,0.451,0.7,2,121,20,0.4,6
Rrezart Cungu,0.0085,0.0678,0.6398,0.5894,0.4353,0.5385,4,236,39,0.4194,18
Ruan Roelofse,0.1004,0.0464,0.6089,0.7455,0.5133,0.8124,106,7009,1114,0.6093,209
Ruben Alberts,0.0292,0.0292,0.6277,0.6512,0.4314,0.6842,2,137,19,0.7143,6
Ruben Bemelmans,0.0758,0.038,0.6347,0.7221,0.5226,0.8102,326,21090,3309,0.6194,644
Ruben Gonzales,0.0867,0.0488,0.6829,0.6737,0.5249,0.7634,21,1454,224,0.6187,53
Ruben Ramirez Hidalgo,0.0455,0.0576,0.5645,0.6906,0.4746,0.7192,135,9116,1357,0.6096,381
Rudolf Molleker,0.0766,0.0472,0.5901,0.7071,0.4977,0.7657,323,23289,3615,0.5892,854
Rudy Quan,0.0103,0.0404,0.6942,0.5965,0.4691,0.6333,17,1164,180,0.5352,66
Rui Machado,0.0073,0.0436,0.6889,0.587,0.4475,0.5906,13,826,127,0.4851,52
Rui Xuan Wang,0.0472,0.075,0.5542,0.5388,0.4735,0.5189,12,720,106,0.5049,51
Ruikai Wang,0.0439,0.0754,0.5467,0.6461,0.4615,0.6204,17,889,137,0.4851,52
Runhao Hua,0.0519,0.0377,0.5797,0.6761,0.474,0.7259,23,1832,270,0.5978,74
Ruslan Tiukaev,0.0365,0.0639,0.6393,0.6214,0.3418,0.5429,3,219,35,0.4667,16
Russell Benkaim,0.0409,0.0936,0.5146,0.6705,0.3976,0.6,2,171,25,0.6,10
Ryan Augusto Dos Santos,0.0398,0.0705,0.5893,0.639,0.4017,0.6094,12,879,128,0.5455,50
Ryan Colby,0.0323,0.0829,0.5023,0.5872,0.3981,0.4167,5,217,36,0.4474,21
Ryan Dickerson,0.0251,0.1015,0.6121,0.6683,0.3653,0.6316,15,995,152,0.5254,56
Ryan Fishback,0.0254,0.0575,0.5896,0.5918,0.4691,0.6034,11,748,116,0.5,46
Ryan Goetz,0.0263,0.0263,0.625,0.6421,0.4211,0.6087,2,152,23,0.4706,9
Ryan Hardin,0.0,0.2368,0.3947,0.4667,0.2174,0.0,1,38,6,0.4,6
Ryan Harrison,0.0885,0.0433,0.6036,0.7226,0.5096,0.8039,174,11277,1739,0.6303,346
Ryan Haviland,0.0849,0.0882,0.5327,0.7391,0.4599,0.7532,32,2108,316,0.608,78
Ryan James Storrie,0.0282,0.0343,0.5948,0.6678,0.4826,0.7463,7,496,67,0.6458,17
Ryan Nijboer,0.0458,0.0572,0.6277,0.6831,0.4583,0.719,104,7572,1153,0.5657,324
Ryan Peniston,0.0372,0.0441,0.6175,0.6736,0.4978,0.7246,255,17797,2771,0.5766,763
Ryan Seggerman,0.1228,0.0423,0.6161,0.7404,0.5019,0.8235,85,6191,963,0.5933,170
Ryan Shane,0.1086,0.1113,0.5505,0.7632,0.4244,0.7475,76,5148,800,0.5665,202
Ryan Sweeting,0.0352,0.1026,0.6305,0.6372,0.3889,0.5614,7,341,57,0.4444,25
Ryo Tabata,0.0245,0.0307,0.6466,0.5939,0.4965,0.6396,10,815,111,0.6522,40
Ryota Kishi,0.085,0.0486,0.5992,0.6824,0.5253,0.7179,4,247,39,0.5217,11
Ryota Tanuma,0.0433,0.0283,0.6244,0.6433,0.5069,0.711,26,1733,263,0.5476,76
Ryotaro Taguchi,0.0503,0.0338,0.6661,0.6646,0.5531,0.7754,18,1213,187,0.6182,42
Ryuki Matsuda,0.0307,0.0259,0.5997,0.6523,0.5053,0.7177,68,4949,744,0.6118,210
Ryusei Makiguchi,0.0231,0.0423,0.6192,0.6335,0.4242,0.6216,3,260,37,0.5882,14
S D Prajwal Dev,0.0413,0.0481,0.566,0.6446,0.4693,0.6462,39,2327,359,0.5365,127
S Mert Ozdemir,0.0328,0.1,0.5759,0.5868,0.4309,0.5581,8,580,86,0.4795,38
Saahith Jayaraman,0.0161,0.0403,0.6129,0.6184,0.4792,0.6111,2,124,18,0.4167,7
Saba Purtseladze,0.1091,0.0554,0.5658,0.7105,0.4606,0.7236,78,5465,843,0.5653,233
Sadio Doumbia,0.0441,0.0562,0.6516,0.6621,0.4781,0.717,180,12281,1876,0.5745,531
Sagadat Ayap,0.0197,0.0583,0.6212,0.5766,0.4028,0.5266,18,1114,169,0.4595,80
Sai Karteek Reddy Ganta,0.0494,0.0374,0.7036,0.666,0.4394,0.7327,8,668,101,0.4906,27
Saidalo Saidkarimov,0.0261,0.0596,0.5978,0.6667,0.4444,0.6463,9,537,82,0.5397,29
Saketh Myneni,0.1033,0.0369,0.6107,0.7185,0.499,0.7885,182,11655,1801,0.6104,381
Saki Tange,0.0192,0.0192,0.6731,0.6571,0.4412,0.7333,2,104,15,0.5556,4
Salvador Price,0.0095,0.0662,0.6562,0.5649,0.445,0.5426,10,634,94,0.4416,43
Salvatore Caruso,0.0361,0.0329,0.6113,0.6668,0.5041,0.7258,428,29373,4523,0.5729,1247
Sam Barry,0.0833,0.0333,0.6886,0.6983,0.5017,0.7891,58,3783,607,0.5817,128
Sam D Bloom,0.05,0.035,0.62,0.7,0.5,0.78,1,0,0,0.58,0
Sam Edward Longhurst,0.006,0.0843,0.5843,0.6495,0.4783,0.6923,3,166,26,0.5294,8
Sam Groth,0.1859,0.0733,0.5992,0.805,0.5272,0.8756,90,5905,973,0.662,121
Sam Querrey,0.179,0.0543,0.6309,0.7926,0.4348,0.8462,12,810,130,0.6667,20
Sam Riffice,0.0597,0.0338,0.545,0.7018,0.4853,0.761,31,2246,318,0.6609,79
Sam Ryan Ziegann,0.112,0.044,0.628,0.7516,0.4301,0.8,4,250,40,0.6364,8
Sam Taylor,0.0436,0.0523,0.5512,0.7589,0.4563,0.7733,7,459,75,0.5405,17
Sameer Kumar,0.0517,0.0345,0.5,0.6207,0.4483,0.5455,1,58,11,0.4444,5
Sami Huurinainen,0.0698,0.0465,0.6186,0.7218,0.4512,0.8065,3,215,31,0.7391,6
Sami Reinwein,0.0963,0.0574,0.5722,0.7282,0.4632,0.75,16,1080,160,0.6552,40
Samir Banerjee,0.0627,0.0507,0.5525,0.7224,0.4943,0.761,25,1754,272,0.5977,70
Samir Hamza Reguig,0.0208,0.0506,0.6304,0.6276,0.4246,0.6068,12,771,117,0.566,46
Samir Iftikhar,0.0093,0.0374,0.7664,0.622,0.36,0.6667,2,107,15,0.6667,5
Samuel Alejandro Linde Palacios,0.0298,0.0565,0.577,0.6068,0.4417,0.5704,15,974,142,0.5081,61
Samuel Bensoussan,0.0318,0.0247,0.6042,0.5731,0.4375,0.5366,5,283,41,0.4571,19
Samuel Brosset,0.0328,0.0459,0.6004,0.5782,0.5027,0.6212,6,458,66,0.4048,25
Samuel Heredia,0.0638,0.0762,0.5369,0.6905,0.4336,0.6616,17,1300,198,0.5473,67
Samuel Monette,0.0388,0.0536,0.642,0.6456,0.5016,0.7116,26,1754,267,0.5674,77
Samuel Puskar,0.0,0.0,0.7468,0.5932,0.3,0.5556,1,79,9,0.75,4
Samuel Ribeiro Navarrete,0.0286,0.0381,0.6762,0.5775,0.4706,0.5429,3,210,35,0.3043,16
Samuel Sanchez,0.018,0.0721,0.5405,0.45,0.3529,0.35,2,111,20,0.1875,13
Samuel Shropshire,0.0586,0.0669,0.5858,0.6714,0.4949,0.7879,3,239,33,0.7742,7
Samuel Vincent Ruggeri,0.0765,0.0655,0.5535,0.7103,0.4718,0.7361,128,8426,1315,0.5834,347
Samuele Pieri,0.028,0.021,0.6387,0.6269,0.5087,0.6972,18,1431,218,0.5629,66
Samuele Ramazzotti,0.0661,0.045,0.5265,0.6985,0.4749,0.6885,6,378,61,0.5682,19
San Hui Sin,0.0349,0.0359,0.6132,0.6231,0.4403,0.6086,51,3206,488,0.514,191
Sanam Singh,0.0581,0.0555,0.5899,0.6819,0.491,0.7196,41,2702,428,0.5402,120
Sanchai Ratiwatana,0.0539,0.0343,0.6275,0.6797,0.4145,0.7049,7,408,61,0.6087,18
Sander Arends,0.0431,0.0718,0.5157,0.6582,0.4097,0.6121,12,766,116,0.5545,45
Sander Gille,0.1085,0.028,0.5769,0.7445,0.5085,0.7829,17,1106,175,0.6275,38
Sander Jong,0.1905,0.0476,0.5934,0.821,0.5405,0.9286,4,273,42,0.7692,3
Sandro Ehrat,0.0642,0.0256,0.5597,0.725,0.4946,0.7581,45,3164,496,0.573,120
Sandro Kopp,0.041,0.027,0.6704,0.6543,0.5065,0.7396,106,7751,1179,0.5885,307
Sanetulla Kutybaev,0.022,0.0902,0.6513,0.56,0.3966,0.5,8,499,74,0.4394,37
Sang Woo Noh,0.0238,0.1429,0.5952,0.44,0.1176,0.0,1,42,6,0.25,6
Sanjar Fayziev,0.0665,0.0363,0.5905,0.671,0.4555,0.6865,68,4798,724,0.5566,227
Santiago Besada,0.0,0.0909,0.6234,0.5833,0.5172,0.5714,2,77,14,0.25,6
Santiago Bramajo,0.0,0.082,0.7049,0.4884,0.2778,0.3,1,61,10,0.3,7
Santiago De La Fuente,0.0123,0.0311,0.72,0.5932,0.456,0.6315,51,3571,540,0.5307,199
Santiago Fa Rodriguez Taverna,0.0468,0.0349,0.5951,0.6763,0.4989,0.7388,283,21178,3197,0.5995,837
Santiago Giraldo,0.0491,0.0273,0.6062,0.7068,0.5196,0.7792,143,9340,1422,0.5834,322
Santiago Gonzalez,0.0432,0.0797,0.6179,0.672,0.4522,0.7556,9,301,45,0.56,11
Santiago Ledesma,0.0,0.0213,0.7234,0.5588,0.2308,0.2857,1,47,7,0.375,5
Santiago Maresca,0.044,0.0275,0.5714,0.5769,0.5,0.5625,4,182,32,0.4615,14
Santiago Navarro,0.0303,0.0505,0.6061,0.4167,0.5128,0.4375,2,99,16,0.4375,9
Santiago Padilla Cote,0.0072,0.0652,0.6957,0.5521,0.3571,0.5,3,138,24,0.1429,12
Santiago Ruiz Velasco,0.0167,0.0333,0.6667,0.575,0.5,0.625,1,60,8,0.5714,3
Sardor Ergashev,0.0385,0.1923,0.4808,0.56,0.2222,0.1429,1,52,7,0.5,6
Sardor Pulatov,0.0343,0.0579,0.6094,0.6831,0.4011,0.6912,7,466,68,0.6038,21
Sarp Agabigun,0.0347,0.0552,0.5904,0.6064,0.394,0.547,30,1958,298,0.5,135
Sasa Markovic,0.1087,0.0478,0.613,0.6596,0.4382,0.6667,3,230,39,0.3158,13
Sascha Gueymard Wayenburg,0.0809,0.055,0.5928,0.6987,0.4727,0.7379,127,9446,1461,0.5782,383
Sasha Colleu,0.0595,0.0238,0.5833,0.5918,0.4857,0.5385,1,84,13,0.25,6
Sasha Rozin,0.0507,0.027,0.6351,0.6702,0.5185,0.7805,3,296,41,0.6538,9
Sasi Kumar Mukund,0.0769,0.034,0.5685,0.6978,0.5054,0.7461,316,21479,3363,0.56,854
Sathi Reddy,0.0084,0.1172,0.5649,0.3852,0.25,0.1282,6,239,39,0.3462,34
Saul Verdugo Vicente,0.0254,0.0763,0.6271,0.5811,0.4545,0.5882,2,118,17,0.6316,7
Saveliy Ivanov,0.1143,0.039,0.5377,0.7198,0.4607,0.7419,5,385,62,0.5294,16
Savino Lapalombella,0.009,0.1031,0.5022,0.4107,0.1802,0.1026,6,223,39,0.3,35
Savriyan Danilov,0.0512,0.0412,0.6118,0.6473,0.404,0.6159,16,899,138,0.5182,53
Savva Polukhin,0.0071,0.0496,0.5887,0.5542,0.4828,0.5714,2,141,21,0.625,9
Scott Browne,0.0164,0.0492,0.5902,0.7222,0.24,0.5556,1,61,9,0.3333,4
Scott Clayton,0.0645,0.0968,0.5484,0.7353,0.4643,0.7,1,62,10,0.4,3
Scott Dawson,0.1613,0.0968,0.5645,0.6857,0.2963,0.5556,1,62,9,0.6,4
Scott Duncan,0.04,0.0233,0.5933,0.6348,0.5246,0.6889,4,300,45,0.6,14
Scott Griekspoor,0.0699,0.0538,0.6004,0.698,0.502,0.7797,83,6226,917,0.6282,206
Scott Jones,0.0217,0.0414,0.5714,0.6848,0.4758,0.7338,14,966,139,0.6186,37
Scott Lipsky,0.0299,0.0778,0.5749,0.5625,0.3662,0.4348,3,167,23,0.4091,13
Scott Puodziunas,0.0582,0.0365,0.6894,0.6693,0.4815,0.7467,23,1478,229,0.5972,58
Sean Cuenin,0.0415,0.0455,0.6315,0.6253,0.4891,0.6786,25,1737,252,0.5691,81
Sean Hess,0.019,0.0714,0.619,0.6385,0.4062,0.6032,6,420,63,0.4565,25
Sean Hodkin,0.0437,0.0437,0.6214,0.5781,0.5897,0.6286,3,206,35,0.5517,13
Sean Sculley,0.0909,0.0182,0.4545,0.48,0.4667,0.4444,1,55,9,0.1667,5
Sean Van Rensburg,0.0507,0.0405,0.5135,0.625,0.4792,0.6042,5,296,48,0.5778,19
Sebastian Arcila,0.0,0.0263,0.6579,0.52,0.4615,0.4286,1,38,7,0.3333,4
Sebastian Baez,0.0214,0.0225,0.7334,0.6374,0.5319,0.7462,99,7291,1064,0.6051,278
Sebastian Dominko,0.1055,0.0699,0.5926,0.735,0.4428,0.754,12,815,126,0.6173,31
Sebastian Eriksson,0.039,0.0463,0.661,0.6384,0.3309,0.5574,6,410,61,0.46,27
Sebastian Exequiel Pini,0.0087,0.0693,0.6364,0.6259,0.3571,0.5714,5,231,35,0.5588,15
Sebastian Fanselow,0.0502,0.0549,0.5829,0.6845,0.4796,0.7249,249,17975,2766,0.5741,761
Sebastian Gima,0.0308,0.0397,0.5897,0.6529,0.4911,0.6998,80,5320,806,0.5835,242
Sebastian Korda,0.0628,0.0384,0.6202,0.7022,0.4929,0.7672,100,7185,1074,0.5944,262
Sebastian Lavie,0.05,0.035,0.62,0.7,0.5,0.78,1,0,0,0.58,0
Sebastian Ofner,0.0909,0.0459,0.5703,0.7314,0.5064,0.7961,398,28274,4351,0.5983,907
Sebastian Prechtel,0.0507,0.0537,0.5766,0.6734,0.424,0.6604,16,1025,159,0.5304,54
Sebastian Rodriguez,0.025,0.0333,0.6417,0.6234,0.4186,0.5789,2,120,19,0.5,8
Sebastian Sachs,0.05,0.035,0.62,0.7,0.5,0.78,1,0,0,0.58,0
Sebastian Santibanez,0.0,0.0863,0.6275,0.4813,0.3368,0.2973,4,255,37,0.48,26
Sebastian Sec,0.0087,0.0435,0.5913,0.5882,0.4468,0.5714,1,115,14,0.7,6
Sebastian Serrano,0.0168,0.0546,0.6008,0.6434,0.4368,0.64,8,476,75,0.4375,27
Sebastian Sorger,0.0194,0.0434,0.6582,0.6034,0.4705,0.6256,19,1337,203,0.5394,76
Sebastien Boltz,0.0455,0.0411,0.5811,0.6578,0.5026,0.6938,20,1363,209,0.5586,64
Sebastien Collard,0.037,0.1296,0.4815,0.5385,0.4464,0.4444,2,108,18,0.1667,10
Sefa Suluoglu,0.0096,0.0932,0.6174,0.5885,0.395,0.52,6,311,50,0.4,24
Segundo Goity Zapico,0.0,0.0612,0.6122,0.5333,0.3684,0.5,1,49,8,0.3333,4
Seita Watanabe,0.0441,0.0526,0.5974,0.6456,0.4356,0.6515,41,2834,439,0.5016,153
Seiya Nakanishi,0.0,0.0339,0.4915,0.3793,0.3667,0.125,1,59,8,0.4615,7
Sekou Bangoura,0.0509,0.0363,0.6374,0.6773,0.5079,0.7575,197,13467,2070,0.6047,502
Sem Verbeek,0.0532,0.0418,0.5939,0.6796,0.4691,0.7232,57,4021,607,0.5532,168
Semen Pankin,0.0596,0.0508,0.5453,0.7409,0.5583,0.8553,7,453,76,0.5926,11
Semen Voronin,0.0417,0.0694,0.5,0.6667,0.3333,0.5556,1,72,9,0.6364,4
Seokhyeon Chu,0.0,0.0351,0.5614,0.5312,0.48,0.4444,1,57,9,0.4444,5
Seon Yong Han,0.0308,0.0769,0.5692,0.5676,0.5357,0.6,1,65,10,0.4286,4
Seong Chan Hong,0.0598,0.0318,0.6012,0.6759,0.5068,0.7331,166,11215,1727,0.5824,466
Seong Gook Oh,0.0191,0.073,0.6348,0.5863,0.381,0.5301,8,575,83,0.5,39
Seonyong Han,0.1,0.0625,0.5375,0.6279,0.4324,0.5,1,80,12,0.5,6
Seounghun Lee,0.029,0.029,0.5797,0.75,0.4828,0.9,1,69,10,0.75,1
Sergey Betov,0.074,0.042,0.5893,0.7073,0.4672,0.7202,81,4904,779,0.5261,218
Sergey Fomin,0.0552,0.0452,0.5848,0.6704,0.4835,0.7098,110,7586,1151,0.5437,334
Sergi Fita Juan,0.0046,0.0602,0.6944,0.6133,0.3485,0.6071,3,216,28,0.5926,11
Sergi Perez Contri,0.0132,0.0688,0.6603,0.6246,0.4182,0.6433,28,2267,314,0.6014,112
Sergio Badini,0.0189,0.0943,0.4906,0.5385,0.4815,0.5,1,53,8,0.3333,4
Sergio Callejon Hernando,0.0234,0.0319,0.5928,0.6583,0.5357,0.7149,22,1412,228,0.5608,65
Sergio Galdos,0.042,0.0519,0.6587,0.634,0.4456,0.6409,26,1427,220,0.5183,79
Sergio Gutierrez Ferrol,0.0476,0.0445,0.5868,0.6645,0.4573,0.6821,50,3170,475,0.5785,153
Sergio Ingles Garre,0.0267,0.0267,0.7067,0.566,0.3182,0.5,1,75,8,0.7778,4
Sergio Luis Hernandez Ramirez,0.0329,0.0556,0.5144,0.584,0.4619,0.5658,8,486,76,0.3889,33
Sergio Martos Gornes,0.0383,0.0944,0.5502,0.5981,0.3819,0.5169,20,1176,178,0.4819,86
Sergio Monges,0.0154,0.0615,0.5077,0.6061,0.5,0.6,1,65,10,0.2,4
Sergio Planella Hernandez,0.0656,0.0328,0.6066,0.5946,0.3333,0.4444,1,61,9,0.5455,5
Sergiu Ioan Bucur,0.0226,0.1128,0.5038,0.5821,0.3333,0.4,2,133,20,0.3333,12
Sergiy Stakhovsky,0.0995,0.0359,0.6089,0.7462,0.4968,0.8114,310,21500,3345,0.6113,639
Seung Min Lee,0.0093,0.1028,0.4673,0.5,0.3509,0.3333,2,107,15,0.5238,10
Seung Ri Choi,0.0732,0.061,0.5366,0.7045,0.2895,0.5556,1,82,9,0.7333,4
Sevan Kelpetindjian,0.0256,0.1538,0.4872,0.4737,0.15,0.0,1,39,6,0.4545,6
Seydina Andre,0.1258,0.0755,0.522,0.747,0.4079,0.6923,2,159,26,0.619,8
Shahar Elbaz,0.0,0.125,0.425,0.5294,0.1304,0.0,1,40,6,0.4545,6
Shahbaaz Khan,0.0383,0.1115,0.5505,0.6203,0.3643,0.4872,4,287,39,0.5556,20
Shaheed Alam,0.0,0.0345,0.7586,0.4545,0.4286,0.375,1,58,8,0.5455,5
Shalva Dzhanashia,0.0218,0.0709,0.68,0.6022,0.4457,0.6203,33,2244,345,0.5236,131
Shamael Chaudhry,0.037,0.0556,0.7222,0.4615,0.6,0.5556,1,54,9,0.5556,4
Shane Monroe,0.0095,0.019,0.7048,0.6622,0.6129,0.7895,2,105,19,0.5556,4
Shane Nicholls,0.0233,0.0756,0.5465,0.4468,0.359,0.3333,4,172,30,0.3548,20
Shane Vinsant,0.0641,0.0385,0.6154,0.5417,0.5667,0.6667,1,78,9,0.7692,3
Shao Fan Liu,0.1054,0.0247,0.682,0.7391,0.544,0.8542,9,607,96,0.7021,14
Sharobiddin Abzalov,0.063,0.0962,0.5889,0.6546,0.4037,0.6328,18,1175,177,0.5324,65
Shendrit Deari,0.0213,0.0,0.5319,0.6,0.7273,0.7778,1,47,9,0.0,2
Sheng Hao Zhou,0.02,0.0271,0.7371,0.5756,0.4728,0.6075,12,700,107,0.5532,42
Sheng Tang,0.0613,0.0392,0.6065,0.6489,0.4848,0.7011,9,587,87,0.5873,26
Sherif Sabry,0.0755,0.0377,0.6981,0.5405,0.3125,0.5,2,53,8,0.4286,4
Sherzodbek Radjabov,0.0,0.1233,0.5753,0.3095,0.2581,0.0,2,73,12,0.25,12
Shi Hong Zeng,0.0345,0.0517,0.6207,0.5833,0.4318,0.5698,9,580,86,0.5595,37
Shinji Hazawa,0.0504,0.0304,0.6617,0.6752,0.4954,0.7527,61,4183,643,0.6055,159
Shinta Fujii,0.0441,0.0421,0.569,0.67,0.44,0.641,7,522,78,0.5556,28
Shintaro Imai,0.0724,0.0401,0.5565,0.7105,0.4789,0.7428,84,6032,906,0.5934,233
Shintaro Mochizuki,0.0346,0.0605,0.5559,0.669,0.4716,0.6915,292,20959,3076,0.5738,968
Shion Motoyama,0.0226,0.0451,0.7143,0.5158,0.4474,0.5455,2,133,22,0.4737,10
Shixun Zhu,0.1,0.0143,0.5,0.5714,0.4,0.5,1,70,8,0.5556,4
Sho Katayama,0.0319,0.0351,0.6801,0.6562,0.5349,0.7568,16,941,148,0.5385,36
Sho Shimabukuro,0.0711,0.0418,0.5578,0.7185,0.5204,0.792,253,18378,2798,0.6211,590
Shogo Sanada,0.0286,0.0381,0.6,0.6508,0.3571,0.5,2,105,18,0.4,9
Shohei Chikami,0.0122,0.061,0.6159,0.604,0.3016,0.4583,2,164,24,0.2778,13
Shohruh Abdumalikov,0.0345,0.0762,0.5753,0.6435,0.3675,0.5747,9,551,87,0.4789,37
Shoma Kato,0.0155,0.031,0.6744,0.5402,0.3571,0.4118,2,129,17,0.4444,10
Shu Matsuoka,0.0182,0.0545,0.5455,0.6,0.36,0.5,1,55,8,0.5,4
Shuichi Sekiguchi,0.0446,0.0321,0.5833,0.678,0.5112,0.7389,176,10496,1628,0.6017,425
Shun Tian Shi,0.0,0.0286,0.8286,0.3103,0.1667,0.0,1,35,6,0.1429,6
Shunrou Takeshima,0.0132,0.0353,0.6159,0.6272,0.4655,0.6875,6,453,64,0.6364,20
Shunsuke Mitsui,0.0479,0.0308,0.618,0.7048,0.5343,0.7681,13,877,138,0.5733,32
Shunsuke Nakagawa,0.0479,0.0389,0.6321,0.612,0.4878,0.6536,16,1003,153,0.547,53
Sid Donarski,0.0257,0.0657,0.5771,0.5248,0.3581,0.3673,6,350,49,0.5079,31
Sidane Pontjodikromo,0.0548,0.0342,0.6438,0.6968,0.4615,0.7273,4,292,44,0.5385,12
Siddhant Banthia,0.0623,0.0674,0.573,0.6774,0.4019,0.6346,15,979,156,0.4818,57
Siddharth Vishwakarma,0.0679,0.0588,0.5298,0.6922,0.4859,0.7053,17,1208,190,0.5214,56
Sidharth Rawat,0.0534,0.0254,0.5711,0.6748,0.5069,0.7238,125,8469,1325,0.552,366
Siim Troost,0.0566,0.0,0.6226,0.5455,0.4,0.5556,1,53,9,0.3333,4
Simeon Rossier,0.0,0.1154,0.5192,0.6296,0.36,0.5,1,52,8,0.5,4
Simohamed Hirs,0.0272,0.038,0.6685,0.5447,0.4262,0.5172,3,184,29,0.44,14
Simon Anthony Ivanov,0.0496,0.0548,0.5457,0.5694,0.4138,0.5082,7,383,61,0.3023,30
Simon Baudry,0.0189,0.0252,0.6289,0.59,0.4746,0.6,2,159,25,0.375,10
Simon Beaupain,0.0242,0.0306,0.6779,0.5677,0.48,0.5882,11,621,102,0.44,42
Simon Carr,0.0377,0.0377,0.5864,0.6539,0.4673,0.6835,25,1961,297,0.5415,94
Simon Ede,0.0192,0.0192,0.6154,0.5,0.4,0.375,1,52,8,0.2857,5
Simon Freund,0.0205,0.0477,0.5818,0.5664,0.4293,0.5211,7,440,71,0.3818,34
Simon Malis,0.0667,0.25,0.5,0.6333,0.2667,0.2857,1,60,7,0.6154,5
Simon Navarro,0.0133,0.0531,0.6233,0.5915,0.4789,0.5789,7,377,57,0.4783,24
Simon Yitbarek,0.0339,0.0,0.6441,0.6053,0.4286,0.6,1,59,10,0.2,4
Simone Agostini,0.0331,0.0726,0.5174,0.6402,0.4085,0.5408,10,634,98,0.3919,45
Simone Bolelli,0.0271,0.0135,0.7066,0.6932,0.556,0.8357,112,6449,980,0.6356,168
Simone Roncalli,0.0178,0.0365,0.5721,0.633,0.4699,0.6279,15,1124,172,0.5396,64
Simone Vaccari,0.0,0.0455,0.6818,0.4333,0.2857,0.2857,1,44,7,0.375,5
Siphosothando Montsi,0.0079,0.0315,0.622,0.5949,0.4792,0.6667,2,127,18,0.5385,6
Siwanat Auytayakul,0.0429,0.0286,0.6429,0.5556,0.4,0.6,1,70,10,0.7143,4
Skander Ben Abdallah,0.0146,0.0949,0.5109,0.3286,0.3433,0.1429,3,137,21,0.3793,18
Skander Mansouri,0.1057,0.0682,0.5908,0.7256,0.4507,0.745,125,9525,1451,0.5987,370
Skander Mezouar,0.0303,0.0,0.4848,0.4375,0.2353,0.1667,1,33,6,0.2857,5
Skyler Butts,0.0233,0.0349,0.6279,0.7778,0.5312,0.875,2,86,16,0.3333,2
Socrates Leon Tsoronis,0.0377,0.0943,0.7358,0.5385,0.3571,0.5,1,53,10,0.2857,5
Soichiro Moritani,0.036,0.0283,0.6324,0.5935,0.4615,0.6182,5,389,55,0.5625,21
Somdev Devvarman,0.0515,0.0244,0.5923,0.6525,0.5179,0.7211,58,3571,545,0.5914,152
Sonchat Ratiwatana,0.0525,0.042,0.5945,0.682,0.4819,0.6986,8,476,73,0.5319,22
Soon Woo Kwon,0.0652,0.0471,0.5711,0.7096,0.5279,0.7807,250,17472,2690,0.611,599
Sora Fukuda,0.0355,0.0297,0.6367,0.6446,0.489,0.6875,20,1379,208,0.5608,65
Soren Hess Olesen,0.0476,0.0095,0.7333,0.6104,0.5,0.6875,2,105,16,0.375,5
Spencer Furman,0.0,0.1348,0.4607,0.6341,0.3542,0.4615,1,89,13,0.5,7
Spencer Johnson,0.0852,0.0356,0.6882,0.6991,0.4706,0.7914,12,927,139,0.7071,29
Spencer Papa,0.0654,0.0405,0.6293,0.6139,0.5042,0.6739,3,321,46,0.4828,15
Stan Wawrinka,0.0749,0.0273,0.5718,0.742,0.5429,0.8519,53,3484,547,0.6694,81
Stanislav Vovk,0.0,0.0312,0.6562,0.1905,0.3636,0.0,1,32,6,0.25,6
Stefan Adrian Andreescu,0.0018,0.0158,0.7246,0.5835,0.4968,0.6386,9,570,83,0.6053,30
Stefan Dostanic,0.0773,0.0411,0.6371,0.7051,0.5036,0.7881,82,5669,892,0.6021,189
Stefan Fiacan,0.0816,0.0204,0.551,0.6667,0.2727,0.5,1,49,8,0.3333,4
Stefan Frljanic,0.0938,0.1094,0.5156,0.8182,0.3226,0.6667,1,64,9,0.25,3
Stefan Horia Haita,0.0734,0.0183,0.6422,0.6571,0.5128,0.8,1,109,15,0.7857,3
Stefan Kozlov,0.0393,0.0563,0.6166,0.6648,0.4832,0.7148,434,29641,4555,0.5694,1309
Stefan Latinovic,0.099,0.0762,0.5653,0.718,0.4191,0.6948,15,1010,154,0.4719,47
Stefan Lindmark,0.05,0.035,0.62,0.7,0.5,0.78,1,0,0,0.58,0
Stefan Merunka,0.0286,0.1571,0.3429,0.5417,0.3478,0.2609,5,140,23,0.3462,17
Stefan Micov,0.0,0.0625,0.3594,0.6957,0.3902,0.5,1,64,10,0.4444,5
Stefan Norodom,0.0,0.1714,0.4571,0.5,0.2632,0.1667,1,35,6,0.1667,5
Stefan Palosi,0.0301,0.0308,0.6801,0.6448,0.4946,0.711,62,4317,654,0.5705,189
Stefan Popovic,0.0134,0.0308,0.704,0.6267,0.4907,0.7158,17,1267,190,0.5909,54
Stefan Seifert,0.0294,0.0294,0.6,0.6275,0.5147,0.6957,2,170,23,0.6316,7
Stefan Simeunovic,0.0145,0.029,0.6667,0.6739,0.5217,0.8,1,69,10,0.7143,2
Stefan Skadarka,0.0499,0.1234,0.5643,0.6326,0.3795,0.5385,5,381,52,0.5932,24
Stefan Vujic,0.0789,0.0439,0.693,0.5823,0.3714,0.5294,2,114,17,0.5556,8
Stefano Baldoni,0.0172,0.0517,0.6092,0.5,0.3971,0.4231,3,174,26,0.3182,15
Stefano Napolitano,0.0649,0.0268,0.5971,0.6989,0.5113,0.7641,428,29775,4590,0.5942,1094
Stefano Reitano,0.0267,0.0653,0.6083,0.6195,0.4318,0.6522,4,337,46,0.5789,16
Stefano Travaglia,0.0793,0.0303,0.5664,0.7165,0.5084,0.7729,494,34366,5275,0.598,1216
Stefanos Sakellaridis,0.0828,0.0294,0.6106,0.7058,0.5193,0.7699,106,7404,1182,0.5763,272
Stefanos Tsitsipas,0.0943,0.0317,0.5931,0.7566,0.5346,0.8479,109,7182,1131,0.6394,172
Stepan Holis,0.02,0.08,0.52,0.6538,0.375,0.5556,1,50,9,0.2,4
Stephan Fransen,0.0102,0.102,0.4796,0.4894,0.2549,0.1875,2,98,16,0.381,13
Stephan Hoiss,0.0164,0.0109,0.5628,0.6505,0.4125,0.5769,2,183,26,0.6071,11
Stephane Robert,0.0702,0.0507,0.5389,0.7139,0.4675,0.726,185,12428,1887,0.5761,521
Steve Darcis,0.0528,0.0227,0.6103,0.7156,0.5345,0.8149,129,8367,1313,0.6227,243
Steve Johnson,0.1084,0.0406,0.5683,0.7555,0.5419,0.8451,110,8024,1259,0.6573,195
Steven De Waard,0.0534,0.0576,0.6108,0.6784,0.4926,0.718,29,1909,305,0.5567,86
Steven Diez,0.0247,0.0357,0.6289,0.6495,0.4888,0.7066,402,26545,4012,0.5828,1192
Steven Goh,0.0545,0.0909,0.6909,0.5789,0.2941,0.5,1,55,8,0.6667,4
Stijn Slump,0.0905,0.0385,0.5385,0.7381,0.4861,0.7463,20,1248,201,0.5189,51
Stjepan Cagalj,0.05,0.035,0.62,0.7,0.5,0.78,1,0,0,0.58,0
Strong Kirchheimer,0.0626,0.0348,0.637,0.685,0.518,0.7709,222,15933,2462,0.6105,564
Stuart Parker,0.0888,0.0318,0.6256,0.7206,0.4989,0.7872,94,6258,987,0.6161,210
Su Hao Zhong,0.0535,0.0576,0.5885,0.6224,0.43,0.6216,4,243,37,0.44,14
Suk Ann,0.0376,0.0451,0.6316,0.5238,0.4286,0.4634,5,266,41,0.4634,22
Sukhee Ann,0.0,0.1053,0.5263,0.3,0.2778,0.1429,1,38,7,0.0,6
Sultan Narbekov,0.0104,0.0829,0.4819,0.5591,0.34,0.375,4,193,32,0.4118,20
Sumit Nagal,0.0218,0.0342,0.6855,0.64,0.4961,0.7074,423,28997,4423,0.5655,1309
Sumit Sarkar,0.0092,0.055,0.5138,0.4464,0.3962,0.375,2,109,16,0.4118,10
Sundet Nagimetov,0.0,0.1905,0.381,0.3125,0.3077,0.0,1,42,6,0.4,6
Sung Hun Kim,0.0,0.0328,0.6721,0.4634,0.5,0.4286,1,61,7,0.7143,4
Sung Jun Park,0.0194,0.0485,0.6699,0.4203,0.3235,0.2941,2,103,17,0.4545,12
Sung Min Han,0.0,0.08,0.74,0.4865,0.2308,0.3333,1,50,9,0.3333,6
Sungbeen Sim,0.0789,0.0535,0.5268,0.6684,0.4702,0.6727,5,355,55,0.5135,18
Suraj Beniwal,0.0577,0.0481,0.5481,0.6842,0.5745,0.7778,2,104,18,0.4286,4
Suraj R Prabodh,0.0303,0.0282,0.6106,0.5897,0.4397,0.5867,17,958,150,0.4833,62
Suren Vartanyan,0.0,0.0185,0.7593,0.4146,0.4615,0.375,1,54,8,0.2857,5
Suthinan Tanthaseraneewat,0.0531,0.0796,0.6637,0.6,0.3947,0.5,2,113,18,0.4,9
Sven Lah,0.0154,0.0656,0.6873,0.6067,0.4568,0.6579,4,259,38,0.6061,13
Sven Lemstra,0.0667,0.0857,0.5048,0.6981,0.3654,0.5625,2,105,16,0.4615,7
Svyatoslav Gulin,0.0384,0.0381,0.6144,0.6463,0.5281,0.7284,46,3231,497,0.5545,135
Sydney Zick,0.082,0.0328,0.541,0.8182,0.3929,0.8,1,61,10,0.0,2
Syed Mohd Agil Syed Naguib,0.05,0.035,0.62,0.7,0.5,0.78,1,0,0,0.58,0
Syl Gaxherri,0.0299,0.0398,0.5821,0.5855,0.4107,0.5333,6,402,60,0.4717,28
Szymon Kielan,0.0577,0.084,0.5577,0.6455,0.4022,0.586,19,1214,186,0.5333,77
Szymon Walkow,0.0583,0.0532,0.6213,0.7115,0.4749,0.7519,24,1579,258,0.5188,64
T. Farquhar,0.0,0.0118,0.7529,0.5156,0.5238,0.4667,1,85,15,0.1111,8
Tadas Babelis,0.0505,0.0707,0.596,0.6271,0.5,0.6111,2,99,18,0.5882,7
Tadeas Paroulek,0.0228,0.0579,0.5882,0.6903,0.4929,0.7642,21,1537,229,0.6115,54
Tadeo Meneo,0.03,0.0067,0.6,0.6389,0.325,0.5714,5,300,42,0.5909,18
Tadiwa Chinamo,0.0208,0.0417,0.7083,0.5735,0.2857,0.5,1,96,12,0.5714,6
Tae Woo Lee,0.0494,0.0453,0.6049,0.6463,0.3854,0.6216,4,243,37,0.4615,14
Taha Baadi,0.0567,0.0463,0.5929,0.6718,0.4727,0.697,52,3736,571,0.5541,173
Taha Tifnouti,0.0245,0.1102,0.5347,0.4733,0.2544,0.1622,6,245,37,0.3922,31
Tai Sach,0.0656,0.0331,0.593,0.667,0.4538,0.6708,23,1570,243,0.5,80
Taisei Ichikawa,0.042,0.0369,0.6145,0.678,0.5071,0.7438,39,2926,445,0.625,114
Taiyo Yamanaka,0.0392,0.0154,0.6502,0.7192,0.4732,0.7979,9,586,94,0.525,19
Tak Khunn Wang,0.0387,0.0333,0.5562,0.6845,0.517,0.7472,101,7152,1084,0.6173,274
Takanyi Garanganga,0.0638,0.0725,0.6195,0.7035,0.4402,0.739,81,5624,866,0.5807,226
Takao Suzuki,0.0348,0.0435,0.6609,0.6316,0.5128,0.6,5,115,20,0.3333,8
Takashi Saito,0.0424,0.0265,0.6484,0.6376,0.4472,0.6538,9,566,78,0.6143,27
Takeru Yuzuki,0.1311,0.0608,0.6191,0.7399,0.5038,0.8269,15,1037,156,0.6707,27
Taketo Takamisawa,0.0056,0.0452,0.661,0.5897,0.35,0.5185,3,177,27,0.4583,13
Takuto Niki,0.0721,0.0345,0.6153,0.6933,0.4986,0.7514,90,5563,873,0.5803,217
Takuya Komura,0.0,0.038,0.6076,0.7083,0.5161,0.8182,1,79,11,0.7143,2
Takuya Kumasaka,0.0305,0.0295,0.5929,0.6172,0.4817,0.6345,43,3014,446,0.551,163
Tal Goldengoren,0.025,0.0563,0.6312,0.6337,0.3729,0.5769,3,160,26,0.4762,11
Tallon Griekspoor,0.0683,0.0383,0.6301,0.7096,0.5111,0.8084,216,16142,2432,0.6401,478
Tamaki Yamao,0.0,0.0857,0.6429,0.6444,0.36,0.6364,1,70,11,0.5,4
Tanguy Genier,0.0575,0.0559,0.5497,0.678,0.431,0.6739,8,644,92,0.5833,30
Tao Castillo Bernal,0.0968,0.1613,0.3871,0.8333,0.4737,0.875,2,62,8,0.8333,1
Tao Mu,0.0471,0.0574,0.6244,0.691,0.4627,0.7374,10,679,99,0.6623,26
Taro Daniel,0.0454,0.034,0.6212,0.6912,0.5203,0.7771,472,31466,4818,0.6224,1080
Tatsuma Ito,0.0548,0.0433,0.6162,0.6924,0.4983,0.7606,344,22402,3430,0.5855,834
Taylor Fritz,0.1097,0.0334,0.586,0.7652,0.5243,0.857,132,9085,1427,0.6857,204
Taym Al Azmeh,0.0574,0.0757,0.6449,0.6761,0.4338,0.7407,5,383,54,0.6316,14
Teeradon Tortrakul,0.0385,0.1923,0.6538,0.4412,0.2222,0.2222,1,52,9,0.4167,7
Tejas Chaukulkar,0.048,0.048,0.6235,0.6538,0.4395,0.6349,5,417,63,0.5,23
Temur Ismailov,0.1069,0.0451,0.5643,0.7083,0.4442,0.7053,30,1974,302,0.5459,89
Tennys Sandgren,0.1021,0.033,0.6053,0.7359,0.5036,0.8074,298,21041,3277,0.6133,635
Tennyson Whiting,0.0333,0.0822,0.5636,0.5729,0.3857,0.4737,8,511,76,0.4118,40
Teodor Dacian Craciun,0.0247,0.0617,0.642,0.4808,0.6207,0.5385,1,81,13,0.4,6
Teodor Davidov,0.0351,0.0526,0.5965,0.5588,0.4783,0.5556,1,57,9,0.4286,4
Teppei Uesugi,0.0,0.0588,0.5882,0.5,0.1905,0.25,1,51,8,0.3333,6
Terence Atmane,0.0899,0.0497,0.5976,0.732,0.5253,0.8195,203,15539,2394,0.6495,435
Teri Groll,0.0667,0.04,0.6667,0.7,0.4,0.75,3,75,12,0.5714,3
Tetsuro Habusawa,0.0,0.0462,0.5385,0.4286,0.4333,0.25,1,65,8,0.6,6
Teymuraz Gabashvili,0.0565,0.0624,0.5882,0.7166,0.4717,0.7511,277,18435,2877,0.5763,716
Thai Son Kwiatkowski,0.0857,0.0484,0.5929,0.7222,0.4915,0.7758,248,18055,2770,0.5855,635
Thales Turini,0.0374,0.0316,0.6336,0.6508,0.5059,0.713,11,696,108,0.4464,31
Thanapet Chanta,0.02,0.0414,0.6146,0.6144,0.4704,0.6279,21,1401,215,0.4969,80
Thanaphat Boosarawongse,0.0529,0.0353,0.6588,0.5714,0.4828,0.6071,3,170,28,0.45,11
Thanasi Kokkinakis,0.1254,0.0354,0.6108,0.7748,0.5269,0.8717,195,12180,1910,0.6585,252
Thanh Trung Hoang,0.0,0.0,0.8382,0.5088,0.4545,0.5,1,68,10,0.5833,5
Thantub Suksumrarn,0.0341,0.0394,0.6562,0.596,0.4656,0.5926,6,381,54,0.551,22
Themi Sitzoukis,0.0,0.0444,0.6222,0.4286,0.3529,0.2857,1,45,7,0.4444,5
Theo Arribage,0.0675,0.1031,0.5742,0.6774,0.4265,0.6508,13,815,126,0.4884,44
Theo Fournerie,0.0,0.0,0.6071,0.5588,0.5,0.5556,1,56,9,0.5556,4
Theo Papamalamis,0.0426,0.0311,0.5288,0.6711,0.4953,0.7091,18,1127,165,0.5897,48
Theo Vandeweghe,0.0123,0.0864,0.4321,0.6286,0.4348,0.6,1,81,10,0.6923,4
Theodore Winegar,0.1024,0.1433,0.5427,0.761,0.4179,0.7391,4,293,46,0.5556,12
Thiago Agustin Pernas,0.0156,0.0312,0.5781,0.5405,0.5556,0.7,1,64,10,0.4,3
Thiago Agustin Tirante,0.0681,0.033,0.6407,0.7006,0.5248,0.7944,334,23377,3629,0.5979,758
Thiago Cigarran,0.0197,0.0406,0.6164,0.589,0.4312,0.56,34,2388,350,0.5247,154
Thiago Monteiro,0.0565,0.0289,0.6428,0.7142,0.5301,0.8156,482,34834,5402,0.6354,1004
Thiago Seyboth Wild,0.0596,0.0409,0.6181,0.7018,0.5103,0.7841,315,22189,3450,0.6052,747
Thibaud Berland,0.0,0.0282,0.669,0.6316,0.4894,0.6818,2,142,22,0.6111,7
Thibault Forget,0.0127,0.0253,0.7595,0.5167,0.3158,0.4167,1,79,12,0.3,7
Thibault Venturino,0.0426,0.0532,0.5745,0.7778,0.35,0.6667,1,94,15,0.4444,5
Thiemo De Bakker,0.0961,0.0212,0.5986,0.7345,0.5053,0.8138,150,10192,1590,0.6261,298
Thien Nguyen Hoang,0.0412,0.0928,0.4227,0.6098,0.4286,0.4706,2,97,17,0.4,9
Thijmen Loof,0.0651,0.0336,0.6043,0.6987,0.4961,0.7386,14,983,153,0.6154,40
Thijs Boogaard,0.0272,0.048,0.5875,0.6976,0.4623,0.7265,10,771,117,0.6049,32
Thomas Bosancic,0.0587,0.067,0.5,0.6369,0.4581,0.5932,6,358,59,0.4667,24
Thomas Braithwaite,0.0558,0.0463,0.6762,0.6761,0.4664,0.75,10,735,112,0.5758,28
Thomas Brechemier,0.0271,0.0543,0.4574,0.6186,0.3929,0.4615,5,258,39,0.5435,21
Thomas Da Silva Ramos,0.0588,0.2059,0.3529,0.3333,0.2273,0.0,1,34,6,0.25,6
Thomas Deschamps,0.0416,0.0391,0.6369,0.6871,0.4478,0.7333,11,818,120,0.5493,32
Thomas Enrique Menzel Piccioli,0.0263,0.1053,0.6053,0.3478,0.2,0.1429,1,38,7,0.3333,6
Thomas Fabbiano,0.0273,0.0368,0.6403,0.6597,0.517,0.7422,341,22120,3387,0.5909,882
Thomas Fancutt,0.1158,0.0625,0.5746,0.7371,0.4716,0.7728,94,6625,1030,0.5979,234
Thomas Faurel,0.0268,0.0365,0.6283,0.6454,0.5014,0.7102,43,2989,452,0.5761,131
Thomas Giraudeau,0.0,0.0684,0.5812,0.6324,0.4286,0.6875,2,117,16,0.6667,5
Thomas Kano,0.0,0.1064,0.7447,0.3714,0.3333,0.0,1,47,6,0.3333,6
Thomas Laurent,0.0478,0.051,0.6592,0.6425,0.5421,0.7,5,314,50,0.5312,15
Thomas Nicholas Gadecki,0.0631,0.0811,0.5856,0.6,0.413,0.5556,2,111,18,0.5,8
Thomas Pavlekovich Smith,0.0714,0.0536,0.6607,0.5946,0.4211,0.5,1,56,8,0.5,4
Thomas Pura,0.0641,0.0513,0.4231,0.8485,0.5333,0.7857,1,78,14,0.5,3
Thomas Schoorel,0.0511,0.0438,0.562,0.6234,0.5333,0.7222,4,137,18,0.7059,5
Thomas Statzberger,0.0483,0.0256,0.6486,0.7023,0.4678,0.7429,9,663,105,0.5424,27
Thomas Susen,0.0443,0.0633,0.5506,0.7011,0.5352,0.8333,2,158,24,0.7647,4
Thomas Wright,0.0,0.1136,0.5909,0.4231,0.3889,0.2857,1,44,7,0.375,5
Thomas Yaka Kofi Setodji,0.0597,0.0328,0.5791,0.634,0.383,0.5714,6,335,49,0.5435,21
Thomaz Bellucci,0.0501,0.0457,0.5826,0.6801,0.5001,0.7397,173,12067,1840,0.5895,479
Ti Chen,0.0325,0.0285,0.6321,0.6557,0.487,0.702,116,7021,1084,0.5563,323
Tiago Cacao,0.0157,0.0327,0.6359,0.6139,0.4766,0.6333,44,2933,450,0.5118,165
Tiago Lopes,0.035,0.0592,0.6122,0.6804,0.4444,0.7099,17,1114,162,0.6328,47
Tiago Lourenco,0.0,0.0,0.7105,0.2963,0.5455,0.2857,1,38,7,0.2857,5
Tiago Pereira,0.0353,0.0269,0.5654,0.6504,0.4737,0.6594,80,5722,866,0.5469,295
Tiago Silva,0.0207,0.0759,0.5609,0.5656,0.4084,0.4688,8,435,64,0.5,34
Tiago Torres,0.0361,0.0632,0.5202,0.6586,0.4555,0.652,22,1661,250,0.5538,87
Tian Xiang Hui,0.0,0.0723,0.8072,0.4478,0.25,0.3077,1,83,13,0.5714,9
Tianhui Zhang,0.0564,0.0658,0.604,0.7004,0.4777,0.7463,12,851,134,0.575,34
Tibo Colson,0.1343,0.0502,0.5918,0.7502,0.4938,0.811,63,4579,709,0.6464,134
Tigre Hank,0.0428,0.0582,0.5769,0.6499,0.4387,0.6364,29,1891,286,0.5398,104
Tillmann Erdbories,0.0215,0.0645,0.6237,0.5345,0.4571,0.5,2,93,16,0.2727,8
Tim Handel,0.0534,0.0488,0.6055,0.6973,0.481,0.7455,35,2603,393,0.5851,100
Tim Hofmann,0.0,0.1333,0.5,0.2667,0.1333,0.0,1,30,6,0.1429,6
Tim Kopinski,0.0791,0.0949,0.5198,0.6806,0.3704,0.5921,7,506,76,0.5,31
Tim Loosen,0.0,0.1087,0.4783,0.5,0.375,0.2857,1,46,7,0.4444,5
Tim Puetz,0.0976,0.0526,0.5575,0.7467,0.5177,0.8147,100,6762,1058,0.635,196
Tim Ruehl,0.0,0.0357,0.7812,0.6457,0.4286,0.7333,2,224,30,0.6522,8
Tim Sandkaulen,0.0383,0.041,0.5574,0.6716,0.4815,0.6786,5,366,56,0.5385,18
Tim Seibert,0.1064,0.0426,0.5745,0.7407,0.45,0.6667,1,47,9,0.4,3
Tim Smyczek,0.0691,0.0291,0.6117,0.7039,0.5205,0.7844,204,12815,2008,0.6141,433
Tim Van Rijthoven,0.1244,0.0326,0.6392,0.7551,0.5286,0.8495,171,12313,1960,0.6503,299
Tim Van Terheijden,0.0,0.0807,0.5901,0.4842,0.4091,0.3913,3,161,23,0.5,14
Timeo Trufelli,0.0647,0.0474,0.625,0.669,0.5402,0.7714,3,232,35,0.619,8
Timo Legout,0.0393,0.0512,0.6439,0.6406,0.4333,0.6564,18,1348,195,0.5813,67
Timo Rosenkranz Koenig,0.0417,0.0625,0.625,0.5667,0.3333,0.5,1,48,8,0.3333,4
Timo Stodder,0.0298,0.042,0.5625,0.6532,0.4868,0.6813,67,5029,750,0.5239,239
Timofei Derepasko,0.0623,0.051,0.5722,0.6139,0.4371,0.5536,6,353,56,0.4186,25
Timofey Skatov,0.0212,0.0319,0.6819,0.6395,0.5117,0.7201,308,22079,3301,0.5861,933
Timofey Stepanov,0.0513,0.0513,0.4872,0.3158,0.35,0.1667,1,39,6,0.5,5
Timothy Sah,0.0606,0.0455,0.4242,0.6071,0.5526,0.7,1,66,10,0.5714,3
Timur Khabibulin,0.0606,0.0838,0.5757,0.6843,0.4415,0.6766,54,3747,569,0.5423,184
Timur Kiyamov,0.0,0.1154,0.5,0.4615,0.3846,0.2857,1,52,7,0.4444,5
Timur Maulenov,0.1146,0.1058,0.4286,0.679,0.3457,0.4831,10,567,89,0.425,46
Timur Mukhtarulin,0.0114,0.0682,0.5227,0.4348,0.381,0.2857,2,88,14,0.375,10
Timur Sottimov,0.0074,0.0882,0.4338,0.5763,0.4156,0.4286,2,136,21,0.4545,12
Ting Yu Chuang,0.0833,0.0357,0.6429,0.5556,0.5333,0.6364,1,84,11,0.5,4
Tiran Sanghera,0.0609,0.113,0.487,0.7143,0.2881,0.5,2,115,18,0.5909,9
Titouan Droguet,0.0848,0.0273,0.5999,0.7266,0.5164,0.8033,231,16660,2582,0.6091,516
Tobias Franco,0.0108,0.0646,0.6556,0.5335,0.4062,0.4788,15,1115,165,0.4625,86
Tobias Kamke,0.0253,0.0448,0.5891,0.6799,0.5026,0.7377,355,21873,3298,0.5806,880
Tobias Simon,0.2087,0.0609,0.6091,0.8046,0.5285,0.885,113,8360,1365,0.6374,157
Tobias Sonne,0.0201,0.0403,0.698,0.5288,0.4222,0.5,2,149,22,0.3889,11
Toby Alex Kodat,0.053,0.0346,0.6189,0.6714,0.484,0.7224,106,7042,1077,0.5635,299
Toby D Boyer,0.1728,0.0,0.6049,0.7755,0.4062,0.8182,1,81,11,0.7778,2
Toby Martin,0.0513,0.0256,0.6667,0.6154,0.3077,0.5,1,39,8,0.0,4
Toby Samuel,0.0595,0.0324,0.6462,0.6887,0.5338,0.8024,61,4384,678,0.6359,134
Tom Dynka,0.0154,0.1077,0.4154,0.6296,0.4474,0.5556,1,65,9,0.5,4
Tom Evans,0.065,0.065,0.525,0.5714,0.4842,0.5667,3,200,30,0.5185,13
Tom Farquharson,0.0837,0.0288,0.6324,0.7484,0.597,0.8678,10,729,121,0.5,16
Tom Fawcett,0.0754,0.0725,0.591,0.7026,0.4475,0.723,42,3049,444,0.6103,129
Tom Gentzsch,0.0834,0.048,0.6468,0.7186,0.4812,0.8002,89,6631,1006,0.657,201
Tom Hands,0.0378,0.0757,0.5816,0.6545,0.4576,0.7049,6,423,61,0.6087,18
Tom Jomby,0.1015,0.0536,0.5977,0.673,0.4778,0.7188,32,2128,320,0.589,90
Tom Kocevar Desman,0.0566,0.0549,0.5346,0.6856,0.4936,0.6898,17,1184,187,0.5285,58
Tom Paris,0.0762,0.0442,0.5935,0.7097,0.5079,0.7664,64,4499,715,0.5605,167
Tom Schonenberg,0.0567,0.0366,0.5375,0.6633,0.5217,0.7191,12,547,89,0.5283,25
Tom Zeuch,0.0185,0.0648,0.6574,0.5634,0.2973,0.4375,2,108,16,0.55,9
Tomas Barrios Vera,0.0355,0.028,0.6312,0.6744,0.5074,0.752,466,32848,5033,0.5928,1263
Tomas Builes,0.05,0.035,0.62,0.7,0.5,0.78,1,0,0,0.58,0
Tomas Charlos,0.0,0.0862,0.5172,0.5,0.3929,0.4286,1,58,7,0.6364,4
Tomas Curras Abasolo,0.0093,0.0247,0.7716,0.548,0.4459,0.5366,4,324,41,0.6275,19
Tomas Dummer Macedo,0.0,0.05,0.75,0.4333,0.4,0.2857,1,40,7,0.375,5
Tomas Farjat,0.0778,0.047,0.5679,0.7049,0.4397,0.7108,72,5216,785,0.5549,227
Tomas Gerini,0.0184,0.0613,0.7055,0.5304,0.3958,0.4444,3,163,27,0.4444,15
Tomas Lanik,0.1061,0.0504,0.5629,0.7061,0.4979,0.7805,7,556,82,0.617,18
Tomas Lipovsek Puches,0.0278,0.0523,0.6301,0.6075,0.4315,0.5854,127,8051,1247,0.5038,517
Tomas Liska,0.0291,0.0991,0.5487,0.6324,0.3864,0.5217,10,585,92,0.4884,44
Tomas Luis,0.0098,0.0293,0.5805,0.5252,0.3663,0.4286,7,410,63,0.4627,36
Tomas Machac,0.0635,0.0246,0.6255,0.7148,0.5493,0.823,224,14652,2260,0.6354,412
Tomas Marin,0.0417,0.0,0.6458,0.4839,0.3529,0.375,1,48,8,0.2857,5
Tomas Martin Etcheverry,0.049,0.0213,0.695,0.6881,0.5153,0.7941,221,15706,2457,0.6287,509
Tomas Martinez,0.0123,0.0811,0.6631,0.6197,0.4293,0.6092,10,567,87,0.5952,34
Tomas Papik,0.0676,0.0541,0.6144,0.7505,0.4854,0.7817,14,887,142,0.622,31
Tomas Pinho,0.0488,0.0488,0.6341,0.4231,0.2,0.1429,1,41,7,0.25,6
Tomas Vaise,0.0796,0.0299,0.5274,0.6321,0.4105,0.6071,3,201,28,0.6071,11
Tomas Vanko,0.0217,0.163,0.337,0.5161,0.2951,0.0833,2,92,12,0.2667,11
Tomas Vyrostko,0.0408,0.0612,0.4082,0.65,0.3448,0.375,1,49,8,0.4444,5
Tomasz Bednarek,0.0392,0.1098,0.5035,0.6684,0.4101,0.5897,24,1557,234,0.4894,96
Tomasz Berkieta,0.0725,0.0832,0.5358,0.6861,0.4374,0.6765,17,1118,170,0.5259,55
Tomislav Brkic,0.0493,0.0423,0.5892,0.682,0.4819,0.7197,149,10515,1623,0.5685,460
Tomislav Draganja,0.0439,0.0526,0.6184,0.5177,0.3793,0.4062,4,228,32,0.4722,19
Tomislav Edward Papac,0.0481,0.0662,0.5938,0.6672,0.4272,0.6601,16,997,153,0.5357,52
Tomislav Jotovski,0.0294,0.1471,0.3824,0.9231,0.619,1.0,2,34,6,0.58,0
Tommaso Compagnucci,0.0443,0.0274,0.6057,0.6356,0.4749,0.6594,39,2777,414,0.5727,141
Tommaso Redaelli,0.0,0.1053,0.7193,0.5854,0.4375,0.625,1,57,8,0.5,3
Tommaso Schold,0.0,0.1458,0.6458,0.5161,0.1765,0.375,1,48,8,0.0,5
Tommy Haas,0.0405,0.0405,0.6757,0.75,0.4792,0.8,2,148,25,0.4444,5
Tommy Paul,0.0636,0.0368,0.5837,0.7081,0.5231,0.7904,219,14960,2285,0.6,486
Tommy Robredo,0.0357,0.0363,0.6393,0.6641,0.5052,0.733,158,11101,1659,0.6049,450
Tomohiro Masabayashi,0.044,0.0342,0.5562,0.6527,0.4683,0.6512,12,818,129,0.5,45
Toni Androic,0.0635,0.0471,0.5348,0.6897,0.4802,0.7297,7,488,74,0.6491,20
Toni Simonovic,0.0204,0.0612,0.6327,0.3871,0.6111,0.4286,1,49,7,0.6364,4
Tony Bourcet,0.0807,0.0776,0.6366,0.6146,0.3932,0.5918,6,322,49,0.5833,20
Torben Otto,0.027,0.1081,0.6351,0.5319,0.4074,0.4615,1,74,13,0.3636,7
Toru Horie,0.069,0.0345,0.6897,0.675,0.5,0.7,1,58,10,0.5714,3
Toshihide Matsui,0.0832,0.0626,0.5699,0.6973,0.4839,0.7397,74,4411,680,0.5786,177
Treat Conrad Huey,0.0658,0.0461,0.6118,0.6237,0.5085,0.6667,5,152,27,0.4,9
Trent Bryde,0.0587,0.0514,0.5303,0.5813,0.4336,0.5116,11,545,86,0.4474,42
Trevor Allen Johnson,0.0905,0.0302,0.6683,0.7143,0.4697,0.7667,3,199,30,0.65,7
Trevor Svajda,0.0455,0.036,0.5644,0.6618,0.4964,0.7082,37,2525,377,0.5911,110
Trey Hilderbrand,0.1283,0.0792,0.594,0.7384,0.4613,0.7776,60,4357,679,0.5506,151
Trey Yates,0.0738,0.0456,0.5987,0.6739,0.427,0.6571,7,461,70,0.5294,24
Tristan Boyer,0.0486,0.0338,0.6328,0.6819,0.5117,0.7748,166,12643,1909,0.5976,435
Tristan Lamasine,0.046,0.0359,0.6381,0.6796,0.5006,0.7499,483,33298,5129,0.583,1283
Tristan Mccormick,0.0907,0.0575,0.5953,0.717,0.4838,0.773,62,4730,718,0.6227,163
Tristan Meraut,0.0,0.0233,0.5349,0.4783,0.5,0.5,1,43,6,0.25,3
Tristan Samuel Weissborn,0.0339,0.0642,0.6128,0.6346,0.4677,0.6585,16,1121,164,0.5912,56
Tristan Schoolkate,0.1095,0.0568,0.5937,0.7491,0.4927,0.8142,238,17640,2740,0.6201,509
Tsung Hao Huang,0.0294,0.0309,0.5851,0.6444,0.5003,0.6789,57,3917,601,0.5187,193
Tsung Hua Yang,0.0886,0.05,0.5676,0.7235,0.4494,0.7351,192,13128,1993,0.6106,528
Tsz Fu Wong,0.019,0.0571,0.5905,0.5968,0.5349,0.5556,2,105,18,0.3333,8
Tucker Vorster,0.0801,0.0428,0.6252,0.6823,0.4794,0.7413,30,2009,317,0.5367,82
Tudor Stefan Gheorghita,0.0,0.2344,0.5156,0.3333,0.0968,0.0,2,64,12,0.0769,12
Tudor Sulea,0.0125,0.0625,0.5875,0.5957,0.4848,0.7,1,80,10,0.625,3
Tuna Altuna,0.0,0.102,0.6735,0.4242,0.3125,0.25,1,49,8,0.4,6
Tuncay Duran,0.0413,0.0455,0.5661,0.7007,0.419,0.6579,4,242,38,0.35,13
Tung Lin Wu,0.062,0.0283,0.6648,0.6895,0.5147,0.7836,391,27049,4220,0.6164,919
Tushar Liberhan,0.0588,0.0588,0.6471,0.5152,0.3333,0.375,1,51,8,0.5833,5
Ty Host,0.1021,0.034,0.6468,0.7237,0.4217,0.7429,3,235,35,0.55,9
Ty Trombetta,0.0682,0.0227,0.6364,0.6071,0.3125,0.5,1,44,8,0.2,4
Tyler Bowers,0.0324,0.027,0.5459,0.6634,0.5238,0.72,2,185,25,0.6316,7
Tyler Cox,0.0,0.1159,0.5072,0.5429,0.4412,0.5,1,69,8,0.5556,4
Tyler Hochwalt,0.0446,0.0669,0.578,0.6777,0.4264,0.6882,8,628,93,0.5857,29
Tyler Lu,0.0288,0.0865,0.5505,0.6463,0.4866,0.6377,7,416,69,0.4565,25
Tyler Mercier,0.0769,0.0462,0.6154,0.8,0.64,0.8462,1,65,13,0.5,2
Tyler Zink,0.0815,0.0318,0.5792,0.7152,0.5006,0.7763,77,5511,827,0.6108,188
Tymur Bieldiugin,0.0124,0.0435,0.5714,0.5761,0.3623,0.44,3,161,25,0.5,14
Udit Kamboj,0.0548,0.0274,0.6301,0.6957,0.4074,0.7273,1,73,11,0.7,3
Ugo Blanchet,0.0654,0.0471,0.5257,0.7223,0.5077,0.7648,190,13644,2032,0.6037,487
Ugo Humbert,0.09,0.0384,0.5925,0.7537,0.5315,0.8497,157,11145,1730,0.6791,266
Uisung Park,0.0807,0.0421,0.5478,0.717,0.4929,0.7621,27,2019,311,0.6022,74
Uladzimir Ignatik,0.0959,0.0344,0.6176,0.7303,0.4833,0.7882,299,20660,3196,0.5936,686
Ulises Blanch,0.0954,0.0501,0.5764,0.7403,0.4999,0.8017,262,18725,2860,0.6314,572
Ulysse Bertrand,0.0,0.0759,0.5443,0.5116,0.3889,0.4,1,79,10,0.5385,6
Umut Akkoyun,0.0398,0.0647,0.6269,0.6111,0.4133,0.6,3,201,30,0.5385,12
Vaclav Safranek,0.0424,0.0306,0.6237,0.6521,0.4898,0.7095,165,11235,1680,0.5887,489
Vadim Alekseenko,0.022,0.0352,0.6696,0.5395,0.48,0.5667,4,227,30,0.5185,13
Vadym Konovchuk,0.0244,0.0976,0.5366,0.6364,0.2105,0.4286,1,41,7,0.2,4
Vadym Ursu,0.0468,0.0736,0.5839,0.6341,0.426,0.6047,105,7373,1098,0.5226,434
Vaja Uzakov,0.0,0.0303,0.8182,0.2222,0.1667,0.0,1,33,6,0.25,6
Valentin Basel,0.0347,0.034,0.6165,0.6052,0.425,0.5902,19,1442,205,0.5779,84
Valentin Faure,0.0577,0.0385,0.6346,0.7273,0.4211,0.6667,1,52,9,0.25,3
Valentin Garay,0.025,0.05,0.5833,0.6,0.32,0.5,2,120,18,0.5263,9
Valentin Guadagno,0.0,0.0222,0.5556,0.48,0.25,0.25,1,45,8,0.25,6
Valentin Lapalu,0.0196,0.0196,0.6373,0.5385,0.4324,0.5294,2,102,17,0.3846,8
Valentin Nourrissat,0.0,0.122,0.5122,0.6667,0.35,0.5,1,41,8,0.4286,4
Valentin Royer,0.0668,0.0287,0.6242,0.7263,0.5214,0.8151,205,15180,2347,0.6179,439
Valentin Sansonetti,0.0132,0.0526,0.4605,0.4,0.2927,0.1538,2,76,13,0.2143,11
Valentin Vacherot,0.0763,0.0296,0.6656,0.709,0.5359,0.8132,167,11863,1890,0.6289,357
Valentin Vanta,0.0,0.1007,0.5899,0.5854,0.3684,0.4737,2,139,19,0.5238,10
Valentino Aliano,0.0,0.0714,0.5952,0.56,0.4118,0.5,1,42,8,0.3333,4
Valerio Aboian,0.0499,0.0285,0.6007,0.653,0.4667,0.6729,119,8463,1284,0.5817,420
Valery Rudnev,0.0141,0.1127,0.4789,0.7059,0.4054,0.6154,6,71,13,0.1667,5
Vasco Leote Prata,0.0154,0.0308,0.6462,0.6429,0.6522,0.8,1,65,10,0.6667,2
Vasek Pospisil,0.1257,0.0496,0.5721,0.7798,0.5128,0.8503,248,17576,2766,0.6635,422
Vasil Kirkov,0.038,0.0313,0.6714,0.6322,0.5202,0.7186,17,1053,167,0.5253,47
Vasile Alexandru Ghilea,0.0,0.0583,0.6796,0.6143,0.4545,0.6316,2,103,19,0.4167,7
Vasile Antonescu,0.0296,0.0468,0.5739,0.6009,0.474,0.629,7,406,62,0.5,23
Vasilios Caripi,0.0116,0.0814,0.5698,0.6939,0.4595,0.7143,1,86,14,0.2,4
Vasisht Cheruku,0.0563,0.0704,0.5775,0.6341,0.4667,0.7,1,71,10,0.625,3
Vasko Mladenov,0.0716,0.0264,0.6167,0.6911,0.4971,0.7535,13,908,142,0.593,35
Vaughn Hunter,0.0245,0.0637,0.6275,0.5938,0.4211,0.5758,3,204,33,0.3636,14
Vesa Ahti,0.0343,0.0543,0.5343,0.6898,0.3926,0.6038,5,350,53,0.5532,21
Viacheslav Bielinskyi,0.0226,0.0508,0.661,0.641,0.5167,0.7,3,177,30,0.55,9
Vicente Freda,0.0101,0.0909,0.5354,0.434,0.3696,0.2857,2,99,14,0.2857,10
Vicente Lagos,0.0196,0.098,0.7255,0.4324,0.3571,0.25,1,51,8,0.4,6
Victor Alvares De Castro Rocha,0.04,0.08,0.5,0.64,0.48,0.625,1,50,8,0.6667,3
Victor Barrere,0.0192,0.0962,0.5385,0.6429,0.4167,0.5556,2,104,18,0.3333,8
Victor Braga,0.0236,0.0961,0.6341,0.5878,0.3641,0.5281,10,593,89,0.5227,42
Victor Crivoi,0.0645,0.0242,0.6331,0.6178,0.4615,0.6471,3,248,34,0.5556,12
Victor Ernaelsteen,0.038,0.0506,0.5696,0.6889,0.5294,0.8182,1,79,11,0.6667,2
Victor Estrella,0.0475,0.0425,0.615,0.6816,0.5203,0.777,111,7788,1166,0.6047,268
Victor Girat Magin,0.0588,0.2059,0.4412,0.4,0.1579,0.0,1,34,6,0.3333,6
Victor Hanescu,0.0806,0.0205,0.6836,0.7093,0.5051,0.8083,43,2778,433,0.6327,83
Victor Hugo Nunez Mendoza,0.0,0.0652,0.6739,0.5161,0.3333,0.375,1,46,8,0.1667,5
Victor Hugo Remondy Pagotto,0.0278,0.0519,0.5772,0.5811,0.4162,0.5259,11,790,116,0.5089,55
Victor Krustev,0.0219,0.1148,0.4481,0.5976,0.396,0.4839,3,183,31,0.5,16
Victor Lilov,0.039,0.0379,0.6251,0.6208,0.4518,0.618,28,1742,267,0.5385,102
Victor Mugurel Anagnastopol,0.0484,0.1048,0.6452,0.675,0.25,0.5556,2,124,18,0.6,8
Victor Nunez,0.019,0.0538,0.5856,0.5706,0.4192,0.523,21,1209,174,0.5414,83
Victor Ouvrard,0.0509,0.0556,0.5741,0.6371,0.4783,0.6286,4,216,35,0.3158,13
Victor Pham,0.0638,0.0213,0.5532,0.5385,0.4762,0.5,1,47,8,0.5,4
Victor Tosetto,0.0222,0.0667,0.5778,0.4615,0.4211,0.2857,1,45,7,0.4444,5
Vignesh Peranamallur,0.0862,0.0603,0.5431,0.7143,0.5094,0.7895,2,116,19,0.5556,4
Viktor Durasovic,0.0677,0.0404,0.5849,0.7027,0.5135,0.7713,326,24270,3743,0.6,856
Viktor Frydrych,0.0,0.0,0.7,0.7143,1.0,1.0,1,10,2,0.58,0
Viktor Galovic,0.0841,0.034,0.6348,0.7119,0.4936,0.7997,257,18476,2786,0.6497,564
Viktor Kirov,0.0,0.0318,0.5364,0.5508,0.4804,0.5294,4,220,34,0.5294,16
Viktor Markov,0.0638,0.076,0.5289,0.6149,0.4129,0.5625,5,329,48,0.475,21
Viktor Troicki,0.0938,0.0293,0.6559,0.7183,0.4865,0.7856,104,7204,1138,0.5829,244
Vilius Gaubas,0.0358,0.0247,0.6688,0.6568,0.5016,0.7496,156,12063,1805,0.6003,462
Vincent Marysko,0.0962,0.0586,0.5565,0.6917,0.4623,0.6765,3,239,34,0.4211,11
Vincent Millot,0.041,0.0451,0.5741,0.678,0.4985,0.7338,195,12123,1856,0.5778,494
Vincent Stouff,0.0333,0.0667,0.65,0.6667,0.381,0.6667,1,60,9,0.0,3
Vincent Thierry Schneider,0.0584,0.073,0.5985,0.5976,0.4545,0.6316,2,137,19,0.5882,7
Vincent Van Den Honert,0.0233,0.0465,0.6279,0.6296,0.5,0.625,1,43,8,0.4,3
Vincent Verpeaux,0.0267,0.1467,0.52,0.6667,0.3333,0.5455,1,75,11,0.1667,5
Vishal Punna,0.0,0.0175,0.614,0.5143,0.4091,0.375,1,57,8,0.2857,5
Vishnu Vardhan,0.1363,0.0538,0.6032,0.7608,0.4624,0.8133,56,3624,573,0.6272,107
Vit Kopriva,0.0394,0.0432,0.6005,0.6549,0.4882,0.6991,365,26400,4008,0.5706,1213
Vitalii Shcherba,0.0224,0.1194,0.5522,0.6351,0.2333,0.3913,3,134,23,0.44,14
Vitaliy Sachko,0.0439,0.0357,0.6315,0.6744,0.4826,0.7367,337,24087,3691,0.5956,977
Vitaliy Zatsepin,0.0164,0.082,0.541,0.5455,0.5714,0.6667,1,61,9,0.4,3
Vitaly Kozyukov,0.0685,0.0501,0.6614,0.7095,0.4663,0.7722,32,2014,316,0.55,72
Vitek Horak,0.0,0.0307,0.6012,0.6122,0.4308,0.6522,2,163,23,0.5789,8
Vito Antonio Darderi,0.0,0.087,0.4783,0.4545,0.25,0.1667,2,69,12,0.2308,10
Vito Tonejc,0.0219,0.0146,0.6788,0.5914,0.4091,0.5909,2,137,22,0.5714,9
Vittorio Angeli,0.0,0.0811,0.5946,0.4091,0.2667,0.1667,1,37,6,0.5,5
Vivien Cabos,0.0403,0.0282,0.6169,0.5752,0.3474,0.5128,4,248,39,0.4062,19
Vlad Andrei Dancu,0.0549,0.0294,0.5461,0.6731,0.5,0.7043,21,1529,230,0.6,68
Vlad Andrei Dumitru,0.03,0.0581,0.5637,0.5947,0.4292,0.561,8,534,82,0.5263,36
Vlad Stoica,0.0444,0.1111,0.6,0.5926,0.1667,0.375,2,45,8,0.2857,5
Vlad Victor Cornea,0.0455,0.0657,0.5427,0.6478,0.4346,0.6177,43,2924,429,0.5707,164
Vladan Tadic,0.0167,0.0278,0.5944,0.5794,0.4521,0.5556,3,180,27,0.2941,12
Vladimir Holban,0.0255,0.0553,0.5745,0.5778,0.37,0.5278,3,235,36,0.5143,17
Vladimir Ivanov,0.0602,0.0422,0.5905,0.7106,0.4762,0.7448,45,2774,435,0.5413,111
Vladimir Polyakov,0.0305,0.0687,0.6031,0.5633,0.3846,0.4634,9,262,41,0.4359,22
Vladimir Uzhylovsky,0.0757,0.0709,0.5461,0.7196,0.4455,0.7248,45,2893,436,0.6053,120
Vladislav Melnic,0.0751,0.0614,0.5802,0.6588,0.5285,0.7111,3,293,45,0.6176,13
Vladyslav Manafov,0.0786,0.0661,0.5675,0.7135,0.4917,0.7688,64,4312,666,0.5937,154
Vladyslav Orlov,0.0249,0.0464,0.5999,0.6389,0.4928,0.6783,135,9520,1430,0.5669,460
Vojtech Petr,0.0204,0.0816,0.7347,0.5,0.3846,0.375,1,49,8,0.5,5
Vorachon Rakpuangchon,0.0741,0.0741,0.5741,0.5484,0.3043,0.375,1,54,8,0.375,5
Vuk Budic,0.0411,0.0274,0.6986,0.549,0.4091,0.4615,1,73,13,0.4167,7
Vullnet Tashi,0.0474,0.0474,0.5737,0.7064,0.4568,0.7812,2,190,32,0.4615,7
Walid Ahouda,0.0,0.0732,0.3415,0.3571,0.2593,0.1429,1,41,7,0.4,6
Walker Duncan,0.05,0.035,0.62,0.7,0.5,0.78,1,0,0,0.58,0
Wally Thayne,0.0094,0.1038,0.5566,0.6271,0.2766,0.4375,2,106,16,0.5,9
Walter Trusendi,0.0511,0.0138,0.6513,0.6656,0.4973,0.7234,52,3760,593,0.5603,164
Warit Sornbutnark,0.0327,0.0421,0.5514,0.5254,0.4167,0.4545,4,214,33,0.4194,18
Washi Gervais,0.0428,0.0565,0.6404,0.6711,0.419,0.6705,9,584,88,0.5735,29
Wayne Montgomery,0.0536,0.0357,0.7321,0.5366,0.6667,0.6667,1,56,9,0.4,3
Wayne Odesnik,0.0773,0.0374,0.6359,0.698,0.5205,0.8,6,401,65,0.5517,13
Wei De Lin,0.0374,0.0569,0.5961,0.6627,0.4581,0.6588,9,562,85,0.5246,29
Wei Qiang Zheng,0.0626,0.0313,0.5825,0.6238,0.4659,0.6303,17,1054,165,0.5344,61
Wei Yu Su,0.0204,0.0408,0.5816,0.614,0.5122,0.6923,1,98,13,0.7333,4
Weiwen Pan,0.02,0.0,0.64,0.5312,0.4444,0.5,1,50,8,0.4286,4
Wen Chun Liang,0.0063,0.0187,0.6875,0.4909,0.5,0.4783,2,160,23,0.52,12
Wenfu Li,0.0472,0.0377,0.6321,0.5373,0.4103,0.5294,2,106,17,0.5,8
Werapath Sirijariyaporn,0.0517,0.069,0.6724,0.5513,0.3684,0.5263,2,116,19,0.5714,9
Wesley Koolhof,0.0558,0.0172,0.5794,0.663,0.5357,0.7027,9,466,74,0.5417,22
Wil Spencer,0.0288,0.085,0.6431,0.626,0.4359,0.6017,12,765,118,0.5104,47
Wilfredo Gonzalez,0.0761,0.0543,0.6159,0.6824,0.3774,0.65,4,276,40,0.6,14
Wilhem Labrador,0.0426,0.0851,0.5532,0.5,0.3333,0.2857,1,47,7,0.6154,5
Will Mayew,0.0196,0.1176,0.5686,0.6207,0.1364,0.1667,1,51,6,0.5455,5
William Blumberg,0.0687,0.0386,0.5703,0.7068,0.4855,0.7635,36,2488,389,0.6017,92
William Bushamuka,0.0745,0.0718,0.5505,0.6522,0.4911,0.6508,6,376,63,0.4211,22
William Cooksey,0.0588,0.098,0.5098,0.5385,0.24,0.25,1,51,8,0.5,6
William Flavell,0.0,0.1429,0.4286,0.6,0.1,0.1667,1,35,6,0.375,5
William Grant,0.0573,0.0452,0.6101,0.6462,0.4718,0.6985,14,908,136,0.506,41
William Griffith,0.0329,0.006,0.6347,0.6604,0.4836,0.75,5,334,48,0.6471,12
William Jamphier Melano Granados,0.0,0.1029,0.5735,0.5128,0.3793,0.25,1,68,8,0.5714,6
William Jansen,0.0437,0.0388,0.6796,0.6,0.4394,0.5735,6,412,68,0.4528,29
William Jucha,0.0857,0.0381,0.5238,0.6909,0.46,0.6,1,105,15,0.4545,6
William Kirkman,0.0317,0.0159,0.5556,0.6571,0.3571,0.6667,1,63,9,0.25,3
William Ma,0.0873,0.0437,0.619,0.7051,0.3958,0.6923,4,252,39,0.4286,12
William Manning,0.1455,0.0818,0.5727,0.7302,0.4468,0.7333,1,110,15,0.5556,4
William Mroz,0.0962,0.0577,0.5192,0.7407,0.56,0.8,1,52,10,0.0,2
William Rejchtman Vinciguerra,0.0585,0.0319,0.6543,0.7317,0.5692,0.8667,2,188,30,0.6923,4
Wilson Leite,0.0243,0.0238,0.586,0.6299,0.4837,0.6542,171,11491,1732,0.5579,599
Winston Lin,0.04,0.0379,0.6168,0.6382,0.5275,0.7051,9,475,78,0.54,23
Wishaya Trongcharoenchaikul,0.0932,0.0512,0.5867,0.7216,0.4676,0.7566,91,6117,949,0.5682,231
Wissam Abderrahman,0.0,0.0943,0.6981,0.4595,0.25,0.25,1,53,8,0.5,6
Wojciech Marek,0.0106,0.0739,0.6197,0.5568,0.4444,0.5227,5,284,44,0.5532,21
Woo Hyeok Jang,0.0304,0.0777,0.6014,0.5955,0.4068,0.5,5,296,44,0.45,22
Woobin Shin,0.0469,0.0401,0.5496,0.6613,0.4525,0.6364,23,1472,231,0.4878,84
Woohyuk Sim,0.0,0.0526,0.6391,0.4118,0.4375,0.35,2,133,20,0.3158,13
Woong Sun Jun,0.053,0.0331,0.5033,0.5526,0.4533,0.52,4,151,25,0.4783,12
Xi Qi,0.0216,0.0337,0.6577,0.5887,0.452,0.6023,18,1157,171,0.5405,68
Xiao Gong,0.029,0.0207,0.6307,0.5132,0.4944,0.5588,4,241,34,0.5312,15
Xiao Qi,0.0,0.0702,0.614,0.5429,0.4091,0.4444,1,57,9,0.375,5
Xiaofei Wang,0.0963,0.0347,0.6123,0.696,0.4934,0.7462,13,779,130,0.5541,33
Xin Gao,0.0561,0.0283,0.5957,0.67,0.4592,0.7006,64,4029,618,0.5521,185
Xing Dao Chen,0.0194,0.0516,0.6097,0.5873,0.4545,0.5556,6,310,54,0.3514,24
Xinmu Zhou,0.0328,0.0328,0.541,0.3939,0.3571,0.2222,1,61,9,0.5,7
Yahor Yatsyk,0.0776,0.0603,0.5,0.6034,0.4655,0.6111,3,116,18,0.5882,7
Yair Sarouk,0.0156,0.0781,0.6094,0.5897,0.36,0.5294,2,128,17,0.7143,8
Yamato Sueoka,0.0189,0.0377,0.5472,0.7069,0.4167,0.6667,1,106,15,0.6667,5
Yan Bai,0.0496,0.0311,0.5954,0.6666,0.4834,0.7148,185,11722,1781,0.5559,508
Yan Bondarevskiy,0.0241,0.039,0.6767,0.6252,0.4592,0.6805,36,2614,385,0.5967,123
Yan Cheng Chen,0.0496,0.0709,0.617,0.7356,0.4815,0.8571,2,141,21,0.7273,3
Yan Sabanin,0.1134,0.0763,0.4969,0.7303,0.4426,0.6944,6,485,72,0.6,22
Yanais Laurent,0.0,0.011,0.5989,0.5321,0.411,0.4615,3,182,26,0.5172,14
Yanaki Milev,0.0438,0.0547,0.5616,0.654,0.4784,0.6752,39,2851,431,0.5527,140
Yang Liu,0.0476,0.0238,0.5714,0.4167,0.4444,0.2857,1,42,7,0.2857,5
Yanis Ghazouani Durand,0.0481,0.0423,0.625,0.6923,0.4872,0.7848,6,520,79,0.5952,17
Yankel Zemel,0.0391,0.0168,0.6089,0.7156,0.6,0.8621,2,179,29,0.5556,4
Yanki Erel,0.0476,0.04,0.6405,0.6803,0.5056,0.7618,75,5255,802,0.6086,191
Yann Marti,0.0427,0.0555,0.581,0.6922,0.4819,0.7259,81,5150,810,0.5326,222
Yann Wojcik,0.0512,0.0605,0.5907,0.6575,0.4148,0.6508,6,430,63,0.5926,22
Yannai Barkai,0.0339,0.0,0.7966,0.5106,0.3333,0.375,1,59,8,0.4444,5
Yannick Hanfmann,0.072,0.0333,0.6328,0.7096,0.5326,0.805,367,24233,3862,0.6052,760
Yannick Jankovits,0.0423,0.0461,0.5611,0.6696,0.4707,0.6869,52,3689,543,0.5491,170
Yannick Maden,0.0359,0.0299,0.6155,0.6658,0.5022,0.7292,263,17545,2637,0.5774,723
Yannick Mertens,0.0399,0.0416,0.6387,0.6617,0.4959,0.7161,145,9020,1430,0.5519,406
Yannick Thivant,0.0375,0.0683,0.5529,0.6481,0.3359,0.48,6,293,50,0.4091,26
Yannick Vandenbulcke,0.0239,0.1052,0.5358,0.6657,0.4646,0.6588,22,1340,211,0.5034,72
Yannik Kelm,0.022,0.074,0.566,0.636,0.4147,0.5789,7,500,76,0.4576,32
Yannik Reuter,0.0359,0.0368,0.5987,0.6666,0.4845,0.7063,106,6908,1059,0.5309,311
Yannik Steinegger,0.1006,0.0838,0.5978,0.6355,0.3889,0.6,3,179,30,0.4783,12
Yaojie Zeng,0.1112,0.0556,0.5662,0.6848,0.4826,0.7117,19,1457,222,0.5294,64
Yaraslav Shyla,0.0799,0.0416,0.6513,0.6874,0.466,0.7424,62,4130,629,0.561,162
Yaroslav Demin,0.0242,0.0618,0.6169,0.6094,0.4397,0.6188,19,1407,202,0.5769,77
Yash Chaurasia,0.0635,0.0794,0.5873,0.6486,0.2308,0.4444,1,63,9,0.6429,5
Yassine Dlimi,0.0741,0.0463,0.5093,0.7273,0.4528,0.7857,2,108,14,0.7857,3
Yassine Idmbarek,0.0065,0.0677,0.6645,0.4563,0.3462,0.3061,8,310,49,0.3704,34
Yassine Smiej,0.0364,0.2182,0.4545,0.68,0.3333,0.4286,1,55,7,0.6,4
Yasunori Hashikawa,0.0204,0.034,0.619,0.5604,0.5,0.619,2,147,21,0.5789,8
Yasutaka Uchiyama,0.0972,0.0269,0.622,0.7355,0.5185,0.8244,488,33702,5267,0.6318,932
Ye Chen,0.0161,0.0161,0.4839,0.5,0.5625,0.6,1,62,10,0.5,4
Ye Cong Mo,0.0626,0.0494,0.563,0.6994,0.504,0.7351,38,2570,404,0.5286,107
Yecong He,0.0373,0.0301,0.663,0.6206,0.4773,0.6688,70,4047,616,0.5632,204
Yen Hsun Lu,0.0837,0.0335,0.6233,0.7645,0.5514,0.8694,105,6356,1041,0.665,136
Yeongseok Jeong,0.0281,0.0562,0.5984,0.651,0.35,0.5641,4,249,39,0.5526,17
Yerassyl Yerdilda,0.0337,0.0674,0.5955,0.4717,0.3889,0.4,2,89,15,0.3077,9
Yevhenii Bondarenko,0.0,0.0769,0.641,0.32,0.2857,0.1429,1,39,7,0.3333,6
Yi Feng Li,0.0392,0.0784,0.6275,0.5312,0.3158,0.375,1,51,8,0.4444,5
Yi Wei Zhang,0.0213,0.0,0.6809,0.375,0.3333,0.0,1,47,6,0.25,6
Yi Zhou,0.0775,0.0371,0.6088,0.7059,0.5068,0.7737,80,5613,875,0.6192,198
Yibing Wu,0.0585,0.0336,0.6223,0.6986,0.5398,0.7985,134,8985,1375,0.5909,288
Ymerali Ibraimi,0.058,0.0145,0.6522,0.6667,0.5,0.7273,1,69,11,0.625,3
Yoav Schab,0.0,0.0857,0.5143,0.3333,0.1765,0.0,1,35,6,0.25,6
Yong Kyu Lim,0.0889,0.039,0.6069,0.7262,0.504,0.7854,18,1282,205,0.5644,44
Yoshihito Nishioka,0.029,0.0227,0.6453,0.6735,0.5352,0.7716,280,17752,2807,0.5878,641
Yoshka Sborowsky,0.0,0.0299,0.4776,0.4375,0.4857,0.375,1,67,8,0.5833,5
Yosuke Watanuki,0.1061,0.0538,0.5545,0.7424,0.5032,0.791,338,23582,3685,0.6012,778
Youlian Iakovlev,0.0,0.0476,0.5619,0.6102,0.3261,0.4706,2,105,17,0.4706,9
Younes Lalami Laaroussi,0.0654,0.0838,0.6646,0.6492,0.4085,0.6757,8,489,74,0.5714,24
Younes Rachidi,0.0,0.0872,0.6221,0.4206,0.3077,0.2414,4,172,29,0.2903,22
Young Hoon Jeong,0.0,0.1765,0.5,0.4706,0.2353,0.2857,1,34,7,0.1667,5
Young Seok Kim,0.0449,0.0498,0.5714,0.6466,0.4636,0.6466,26,1827,266,0.5804,94
Young Seok Lee,0.0,0.0441,0.6765,0.6304,0.3636,0.6,1,68,10,0.6667,4
Yousaf Khalil,0.0,0.0748,0.5918,0.7471,0.45,0.7727,2,147,22,0.6875,5
Youssef Boubaker,0.0,0.0222,0.5111,0.4348,0.2727,0.0,1,45,6,0.3333,6
Youssef Hossam,0.0608,0.0337,0.62,0.7154,0.5339,0.8117,22,1513,239,0.6763,45
Youssef Labbene,0.0054,0.087,0.5,0.587,0.4348,0.52,2,184,25,0.4545,12
Yshai Oliel,0.0458,0.0323,0.6357,0.6743,0.4975,0.7445,80,5550,865,0.6082,221
Yu Chang,0.0427,0.1026,0.5812,0.7353,0.2857,0.6471,1,117,17,0.5714,6
Yu Chang Wang,0.0282,0.0376,0.6244,0.4812,0.425,0.4138,3,213,29,0.4516,17
Yu Hsiang Chiu,0.0578,0.0722,0.6029,0.6826,0.4818,0.7317,4,277,41,0.5926,11
Yu Hsiou Hsu,0.0495,0.0352,0.6441,0.6699,0.5001,0.7426,198,13407,1970,0.5966,518
Yu Seob Kim,0.0303,0.0758,0.6061,0.55,0.4615,0.625,1,66,8,0.6667,3
Yua Taka,0.0333,0.05,0.6333,0.5263,0.5,0.5,1,60,8,0.6667,4
Yuanfeng Li,0.025,0.037,0.6511,0.6075,0.4551,0.6136,26,1757,264,0.53,102
Yuga Tashiro,0.0487,0.0258,0.6819,0.5714,0.4324,0.5741,6,349,54,0.3947,23
Yuhei Kono,0.0339,0.0169,0.7119,0.5,0.2941,0.4444,1,59,9,0.5455,5
Yuichi Ito,0.0526,0.0351,0.625,0.6947,0.4474,0.7071,14,912,140,0.5859,41
Yuichi Sugita,0.0489,0.0247,0.6244,0.6913,0.5154,0.7782,276,17070,2570,0.5985,581
Yuichiro Inui,0.0843,0.0402,0.5633,0.7166,0.4644,0.7285,13,996,151,0.5684,41
Yuki Bhambri,0.0395,0.0385,0.6531,0.6882,0.5214,0.783,179,11274,1779,0.6012,386
Yuki Mochizuki,0.0317,0.0263,0.6914,0.6161,0.4962,0.676,94,6432,997,0.5193,323
Yun Seong Chung,0.0519,0.0332,0.5871,0.6784,0.5377,0.7531,7,482,81,0.5,20
Yunseok Jang,0.0256,0.1026,0.5513,0.3953,0.3143,0.2143,2,78,14,0.3125,11
Yunseong Chung,0.0543,0.0345,0.6089,0.6944,0.5146,0.7676,236,15994,2496,0.5836,585
Yuqing Ning,0.0117,0.0215,0.5977,0.598,0.5194,0.6538,10,512,78,0.5714,27
Yuquan Jin,0.0678,0.0678,0.661,0.7436,0.35,0.6667,1,59,9,0.625,3
Yuri Andrade,0.0,0.0957,0.5851,0.6364,0.5,0.76,2,188,25,0.76,6
Yurii Dzhavakian,0.0437,0.092,0.5224,0.6722,0.4236,0.6311,25,1740,244,0.6121,90
Yusuf Ebrahim Ahmed Abdulla Qaed,0.0,0.0538,0.6692,0.4368,0.2558,0.2,3,130,20,0.36,16
Yusuke Kusuhara,0.0418,0.0397,0.6019,0.6285,0.5013,0.6803,16,957,147,0.5347,47
Yusuke Takahashi,0.0392,0.034,0.6114,0.6712,0.5029,0.7331,241,16012,2473,0.5807,660
Yusuke Watanuki,0.0581,0.0425,0.5606,0.6789,0.4935,0.7056,21,1411,214,0.5263,63
Yuta Kawahashi,0.0182,0.04,0.5527,0.5592,0.4634,0.5455,5,275,44,0.5455,20
Yuta Kikuchi,0.0333,0.0381,0.603,0.655,0.4726,0.7037,20,1471,216,0.6121,64
Yuta Shimizu,0.0418,0.035,0.6175,0.6792,0.4895,0.7432,239,16585,2496,0.59,645
Yutaro Matsuzaki,0.0364,0.0364,0.6364,0.6,0.3,0.375,1,55,8,0.4444,5
Yuto Oki,0.0385,0.0192,0.5769,0.6444,0.5152,0.7273,2,156,22,0.5,6
Yuto Sakai,0.0769,0.0342,0.5897,0.7101,0.4167,0.6286,3,234,35,0.4583,13
Yuttana Charoenphon,0.0743,0.0878,0.4662,0.6232,0.3924,0.5102,6,296,49,0.4419,24
Yuuya Kibi,0.0555,0.0433,0.6089,0.6803,0.4989,0.7438,110,7119,1085,0.5983,278
Yuvan Nandal,0.0345,0.0862,0.4828,0.5357,0.4333,0.375,1,58,8,0.5455,5
Yuya Ito,0.0588,0.0065,0.6209,0.6526,0.569,0.8182,2,153,22,0.7143,4
Yvo Panak,0.02,0.06,0.5,0.56,0.28,0.25,1,50,8,0.4545,6
Zach Itzstein,0.0542,0.0625,0.6292,0.6689,0.4719,0.6579,4,240,38,0.4583,13
Zach Stephens,0.0335,0.0335,0.6527,0.7692,0.5422,0.875,4,239,40,0.5455,5
Zachary Fuchs,0.0794,0.1587,0.5873,0.7297,0.2692,0.6667,1,63,9,0.5714,3
Zachary Svajda,0.0648,0.0293,0.6112,0.7031,0.5294,0.788,241,16812,2599,0.5954,564
Zack Vialla,0.0651,0.0766,0.5287,0.6594,0.4472,0.625,4,261,40,0.5455,15
Zaharije Zak Talic,0.0338,0.0135,0.5676,0.5476,0.4062,0.4167,3,148,24,0.5,14
Zakhar Trapeznikov,0.05,0.035,0.62,0.7,0.5,0.78,1,0,0,0.58,0
Zane Khan,0.0617,0.0361,0.606,0.6573,0.5018,0.6886,20,1411,167,0.5512,57
Zane Stevens,0.0,0.0444,0.4667,0.5714,0.375,0.5,1,45,8,0.2,4
Zangar Nurlanuly,0.0409,0.1404,0.5322,0.5714,0.35,0.48,3,171,25,0.4091,13
Zdenek Kolar,0.0415,0.0398,0.621,0.6661,0.4926,0.7233,560,38880,5866,0.5762,1650
Ze Gong,0.0222,0.0667,0.5111,0.3478,0.5455,0.375,1,45,8,0.2857,5
Ze Zhang,0.071,0.0461,0.6475,0.696,0.4873,0.7642,208,13773,2108,0.6101,501
Zekai Li,0.0,0.0943,0.5094,0.4815,0.3077,0.25,1,53,8,0.4,6
Zhan Zheng,0.027,0.045,0.5631,0.56,0.4227,0.5152,4,222,33,0.4839,16
Zhansultan Chembotayev,0.0632,0.0632,0.6526,0.6613,0.5455,0.9167,1,95,12,0.875,1
Zhao Cai,0.0472,0.0189,0.6038,0.6094,0.3571,0.5556,2,106,18,0.4667,8
Zhao Tai Li,0.0,0.0192,0.6346,0.6061,0.3684,0.5,1,52,8,0.4286,4
Zhao Zhao,0.0657,0.0597,0.6448,0.6065,0.395,0.5682,4,335,44,0.6042,19
Zhaoyi Cao,0.0333,0.0499,0.6152,0.6062,0.3827,0.5593,7,421,59,0.5357,26
Zhe Li,0.0508,0.0287,0.648,0.6851,0.5251,0.7719,240,15985,2512,0.5895,576
Zhengyu Sun,0.0,0.0244,0.7317,0.4,0.3636,0.2857,1,41,7,0.375,5
Zhenxiong Dong,0.0608,0.0623,0.5532,0.6923,0.4558,0.68,9,658,100,0.5556,32
Zhicheng Zhu,0.0588,0.065,0.6378,0.5534,0.4017,0.4898,7,323,49,0.4681,25
Zhizhen Zhang,0.0824,0.0296,0.6128,0.7112,0.5002,0.7831,249,17068,2656,0.6036,578
Zhou Mingzhou,0.0556,0.037,0.6111,0.4545,0.2381,0.0,1,54,6,0.5,6
Zhu Guo,0.0784,0.0686,0.5294,0.5741,0.3542,0.4375,2,102,16,0.4,9
Zhuoyang Qiu,0.044,0.0566,0.5761,0.5764,0.4332,0.5333,17,795,120,0.4455,56
Zi Yang Cai,0.0,0.1316,0.5263,0.35,0.2222,0.1429,1,38,7,0.1429,6
Zihao Xia,0.038,0.0328,0.6361,0.6391,0.4863,0.6937,77,5023,751,0.5669,230
Zijiang Yang,0.0256,0.0427,0.6496,0.5395,0.439,0.5263,2,117,19,0.4375,9
Zizou Bergs,0.0773,0.0327,0.6484,0.7144,0.5281,0.8101,250,17202,2722,0.6045,522
Zsombor Piros,0.0463,0.0369,0.5915,0.6721,0.522,0.7546,357,25624,3859,0.6,958
Zura Tkemaladze,0.022,0.0424,0.6213,0.6347,0.482,0.6596,26,1912,285,0.5746,97
Zvonimir Oreskovic,0.0294,0.0588,0.5588,0.4737,0.2,0.1667,1,34,6,0.5,5
