Player,Rank,BestRank,Elo,hElo,cElo,gElo,Matches,Wins,Losses,Win%,Hard_Matches,Clay_Matches,Grass_Matches,Hard_Win%,Clay_Win%,Grass_Win%,Form10,Form20,Tour_Quality,Reliability
Raphael Collignon,68,68,1977.5,1846.8,1819.7,1501.2,150,102,48,0.68,85,63,2,0.6471,0.7302,0.5,0.9,0.85,0.612,0.5618
Tallon Griekspoor,35,35,1973.0,1736.0,1892.3,1555.9,216,144,72,0.6667,73,136,7,0.6164,0.6838,0.8571,0.7,0.85,0.5978,0.5624
Roman Safiullin,176,42,1957.3,1813.3,1830.7,1522.5,303,184,119,0.6073,197,96,10,0.6142,0.5938,0.6,1.0,0.85,0.597,0.5712
Tommy Paul,15,15,1948.8,1890.2,1691.3,1549.7,219,142,77,0.6484,149,58,12,0.6577,0.6207,0.6667,0.9,0.9,0.586,0.5518
Dino Prizmic,87,87,1947.6,1744.3,1858.3,1498.3,146,100,46,0.6849,71,73,2,0.6479,0.726,0.5,0.9,0.85,0.5978,0.5476
Alejandro Tabilo,43,38,1942.7,1771.4,1875.5,1502.6,279,181,98,0.6487,89,182,8,0.6292,0.6648,0.5,0.9,0.8,0.5933,0.5656
Ethan Quinn,48,48,1942.3,1863.8,1623.9,1515.6,143,86,57,0.6014,115,25,3,0.6087,0.56,0.6667,0.8,0.75,0.5822,0.5324
Ugo Humbert,50,25,1938.9,1802.4,1672.9,1504.4,157,112,45,0.7134,132,21,4,0.7273,0.6667,0.5,1.0,0.8,0.5986,0.5514
Aljaz Bedene,57,49,1936.4,1838.4,1784.9,1522.0,104,89,15,0.8558,58,44,2,0.8448,0.8636,1.0,0.7,0.8,0.5658,0.5022
Camilo Ugo Carabelli,48,48,1928.5,1553.4,1909.3,1475.8,340,215,125,0.6324,29,309,2,0.4828,0.6505,0.0,0.9,0.85,0.6045,0.581
Mariano Navone,45,31,1927.2,1582.1,1868.1,1496.1,156,104,52,0.6667,11,142,3,0.5455,0.6831,0.3333,0.7,0.7,0.6077,0.5595
Nuno Borges,49,36,1909.2,1850.0,1758.9,1532.2,178,123,55,0.691,72,96,10,0.7222,0.6771,0.6,0.6,0.75,0.6072,0.5644
Matteo Arnaldi,103,37,1904.7,1692.7,1842.5,1526.2,162,99,63,0.6111,58,100,4,0.5345,0.65,0.75,0.6,0.65,0.5933,0.5479
Borna Coric,85,33,1904.5,1746.8,1760.7,1500.0,80,57,23,0.7125,38,42,0,0.7105,0.7143,,0.8,0.8,0.584,0.5026
Rafael Jodar,109,109,1902.9,1864.6,1529.4,1500.0,67,52,15,0.7761,62,5,0,0.7903,0.6,,0.9,0.9,0.6075,0.5101
Brandon Nakashima,29,29,1901.3,1840.9,1646.7,1584.6,170,115,55,0.6765,120,35,15,0.7083,0.5429,0.7333,0.7,0.8,0.5946,0.5509
Hamad Medjedovic,88,67,1900.8,1694.7,1873.9,1536.8,157,102,55,0.6497,75,73,9,0.56,0.7397,0.6667,0.9,0.7,0.581,0.5352
Marcos Giron,76,45,1900.4,1859.2,1567.3,1569.4,234,141,93,0.6026,192,30,12,0.6146,0.4667,0.75,0.7,0.75,0.5831,0.551
Alexander Blockx,91,88,1898.0,1818.7,1606.8,1513.8,145,92,53,0.6345,120,18,7,0.65,0.5556,0.5714,0.6,0.7,0.5952,0.5449
Thanasi Kokkinakis,87,67,1897.9,1840.4,1759.7,1445.7,195,142,53,0.7282,123,58,14,0.7642,0.7586,0.2857,0.8,0.85,0.5745,0.5372
Matteo Berrettini,92,23,1894.1,1830.8,1630.7,1528.4,122,82,40,0.6721,89,29,4,0.6966,0.5862,0.75,0.7,0.8,0.5974,0.5387
Carlos Alcaraz,55,55,1892.5,1554.2,1831.3,1500.0,61,47,14,0.7705,7,54,0,0.7143,0.7778,,1.0,0.85,0.5944,0.4921
Yibing Wu,100,100,1889.2,1820.4,1650.8,1500.0,134,96,38,0.7164,107,27,0,0.729,0.6667,,0.8,0.75,0.5976,0.5435
Luciano Darderi,34,34,1888.3,1486.8,1871.0,1488.7,196,124,72,0.6327,10,185,1,0.4,0.6486,0.0,0.7,0.85,0.6108,0.5714
Pablo Carreno Busta,94,37,1887.9,1783.6,1766.7,1500.0,108,79,29,0.7315,44,64,0,0.7727,0.7031,,0.8,0.75,0.5911,0.5268
Zachary Svajda,88,88,1887.3,1823.2,1447.7,1672.7,241,146,95,0.6058,183,21,37,0.6284,0.2381,0.7027,0.7,0.8,0.5837,0.5524
Corentin Moutet,33,33,1885.6,1787.3,1764.3,1547.8,267,171,96,0.6404,139,120,8,0.6187,0.6583,0.75,0.6,0.65,0.5831,0.5548
Joao Fonseca,65,65,1885.2,1819.4,1602.5,1492.1,63,43,20,0.6825,36,22,5,0.7778,0.5909,0.4,0.9,0.85,0.6067,0.5048
Jack Draper,91,82,1884.8,1868.1,1492.3,1461.7,93,61,32,0.6559,79,6,8,0.7215,0.3333,0.25,0.9,0.85,0.6084,0.5334
Lucas Pouille,102,32,1883.2,1802.0,1703.8,1508.3,178,114,64,0.6404,113,50,15,0.646,0.68,0.4667,0.7,0.8,0.5822,0.5412
Alexander Bublik,76,46,1879.3,1802.0,1621.8,1513.4,225,140,85,0.6222,163,43,19,0.6626,0.5116,0.5263,0.8,0.75,0.5843,0.551
Marton Fucsovics,58,50,1877.8,1847.0,1682.7,1626.3,289,190,99,0.6574,176,95,18,0.6761,0.5895,0.8333,0.7,0.7,0.5776,0.5515
Sebastian Ofner,83,38,1876.3,1748.8,1810.0,1604.3,398,228,170,0.5729,169,197,32,0.5385,0.5888,0.6562,0.6,0.8,0.5929,0.573
Lorenzo Musetti,29,29,1876.0,1659.1,1805.8,1500.0,113,72,41,0.6372,40,73,0,0.6,0.6575,,0.8,0.8,0.5966,0.5341
Sebastian Baez,45,31,1876.0,1539.4,1861.5,1494.0,99,74,25,0.7475,8,90,1,0.625,0.7667,0.0,0.6,0.7,0.5933,0.5239
Giovanni Mpetshi Perricard,58,36,1874.7,1750.8,1660.1,1574.6,147,91,56,0.619,81,57,9,0.6296,0.5614,0.8889,0.8,0.8,0.6012,0.551
Eliot Spizzirri,89,89,1873.8,1816.5,1546.3,1510.3,127,77,50,0.6063,103,13,11,0.6311,0.5385,0.4545,0.7,0.8,0.5898,0.5338
Hubert Hurkacz,63,41,1873.4,1762.4,1764.0,1501.4,183,121,62,0.6612,111,68,4,0.6577,0.6765,0.5,0.7,0.75,0.601,0.5597
Arthur Fils,34,34,1872.9,1704.3,1687.1,1548.9,107,68,39,0.6355,50,53,4,0.62,0.6226,1.0,1.0,0.75,0.6009,0.535
Zizou Bergs,44,44,1871.8,1734.5,1785.1,1618.7,250,162,88,0.648,135,91,24,0.6222,0.6593,0.75,0.6,0.65,0.5883,0.5579
Holger Rune,42,42,1870.6,1676.1,1812.2,1500.0,92,66,26,0.7174,33,59,0,0.6364,0.7627,,0.8,0.75,0.59,0.5166
Roman Andres Burruchaga,59,59,1870.4,1553.6,1882.9,1511.9,296,179,117,0.6047,34,257,5,0.5,0.6187,0.6,0.7,0.65,0.6042,0.5775
Tomas Machac,65,64,1867.1,1839.3,1658.5,1528.3,224,155,69,0.692,151,65,8,0.7219,0.6308,0.625,0.7,0.85,0.5927,0.5588
Daniel Altmaier,55,49,1862.0,1693.1,1853.9,1488.5,278,180,98,0.6475,109,161,8,0.5963,0.6957,0.375,0.7,0.7,0.5945,0.5667
Nishesh Basavareddy,177,99,1861.3,1802.9,1605.3,1523.6,127,89,38,0.7008,108,17,2,0.713,0.5882,1.0,0.7,0.75,0.5945,0.5381
Jordan Thompson,113,55,1858.9,1817.0,1605.9,1666.0,307,214,93,0.6971,228,39,40,0.7105,0.641,0.675,0.6,0.7,0.6102,0.5842
Frances Tiafoe,21,21,1857.0,1727.4,1760.0,1569.7,171,117,54,0.6842,105,54,12,0.6571,0.7407,0.6667,0.8,0.75,0.5947,0.5513
Arthur Cazaux,76,63,1856.6,1810.2,1574.1,1565.4,201,125,76,0.6219,137,46,18,0.6569,0.5,0.6667,0.8,0.75,0.5901,0.5529
Adolfo Daniel Vallejo,96,96,1855.4,1477.9,1854.9,1500.0,167,94,73,0.5629,27,140,0,0.4074,0.5929,,0.7,0.8,0.6121,0.5664
Lorenzo Sonego,62,42,1852.5,1717.5,1766.1,1492.4,226,133,93,0.5885,114,107,5,0.614,0.5701,0.4,0.6,0.6,0.5908,0.5573
Alejandro Davidovich Fokina,61,48,1851.5,1714.5,1796.6,1510.9,139,92,47,0.6619,61,71,7,0.623,0.7042,0.5714,0.8,0.75,0.5872,0.5357
Valentin Royer,72,59,1847.5,1680.9,1780.7,1517.7,205,127,78,0.6195,96,104,5,0.5521,0.6827,0.6,0.7,0.6,0.6013,0.564
Gabriel Diallo,78,78,1846.9,1816.6,1596.1,1518.0,154,98,56,0.6364,118,21,15,0.6695,0.5238,0.5333,0.5,0.65,0.5881,0.5409
Juan Manuel Cerundolo,67,67,1844.5,1588.4,1840.5,1455.4,319,206,113,0.6458,25,290,4,0.44,0.6724,0.0,0.8,0.65,0.5952,0.5707
Ignacio Buse,58,58,1844.5,1625.5,1801.5,1489.2,146,88,58,0.6027,25,120,1,0.6,0.6083,0.0,0.6,0.6,0.6068,0.5559
Alex Michelsen,37,37,1844.2,1810.1,1584.3,1533.4,81,57,24,0.7037,56,16,9,0.75,0.5625,0.6667,0.9,0.75,0.5993,0.5166
Otto Virtanen,121,92,1842.1,1782.9,1520.6,1619.4,248,144,104,0.5806,159,60,29,0.6352,0.3833,0.6897,0.7,0.65,0.589,0.5584
Tomas Martin Etcheverry,58,27,1841.9,1608.7,1773.7,1489.5,221,148,73,0.6697,17,201,3,0.6471,0.6766,0.3333,0.5,0.7,0.6048,0.5698
Andy Murray,77,42,1841.9,1586.5,1576.4,1659.9,32,26,6,0.8125,10,8,14,0.7,0.75,0.9286,0.9,0.85,0.62,0.4528
Cristian Garin,85,70,1841.4,1609.0,1877.6,1587.4,319,192,127,0.6019,84,220,15,0.5714,0.6,0.8,0.4,0.6,0.5922,0.5678
Dominik Koepfer,118,56,1841.4,1727.8,1802.9,1623.6,282,175,107,0.6206,183,71,28,0.5956,0.662,0.6786,0.6,0.7,0.5949,0.5674
Taylor Fritz,34,34,1841.4,1817.4,1534.7,1548.1,132,96,36,0.7273,109,9,14,0.7523,0.5556,0.6429,0.9,0.8,0.5864,0.5326
Rinky Hijikata,101,65,1839.7,1783.0,1546.7,1598.4,215,131,84,0.6093,175,19,21,0.6229,0.4211,0.6667,0.6,0.75,0.5826,0.548
Benjamin Bonzi,104,60,1839.1,1821.7,1605.1,1621.8,369,223,146,0.6043,237,110,22,0.6329,0.5091,0.7727,0.6,0.65,0.6008,0.5792
James Duckworth,86,62,1838.3,1751.7,1680.9,1564.3,434,294,140,0.6774,345,49,40,0.6899,0.6531,0.6,0.9,0.8,0.5899,0.5717
Luca Van Assche,98,68,1838.2,1801.4,1689.1,1517.7,258,153,105,0.593,137,113,8,0.5839,0.6018,0.625,0.5,0.65,0.594,0.5641
Yannick Hanfmann,64,47,1836.3,1715.0,1786.9,1544.4,367,221,146,0.6022,153,190,24,0.5359,0.6579,0.5833,0.6,0.7,0.5736,0.5529
Jan Lennard Struff,78,28,1836.1,1780.4,1781.1,1487.9,199,139,60,0.6985,125,73,1,0.672,0.7534,0.0,0.6,0.65,0.5766,0.5399
Mattia Bellucci,78,64,1836.0,1779.5,1604.6,1558.2,222,129,93,0.5811,152,49,21,0.6053,0.4898,0.619,0.6,0.7,0.5897,0.5557
Max Purcell,59,43,1835.9,1778.0,1513.5,1599.3,325,188,137,0.5785,268,33,24,0.5821,0.4848,0.6667,0.7,0.7,0.5942,0.5701
Zsombor Piros,148,106,1835.6,1748.9,1758.0,1525.4,357,217,140,0.6078,138,207,12,0.5797,0.628,0.5833,0.7,0.7,0.6045,0.5821
Jaume Munar,53,53,1834.9,1654.7,1827.7,1476.4,292,187,105,0.6404,74,216,2,0.5405,0.6806,0.0,0.6,0.65,0.5929,0.5663
Borna Gojo,150,102,1832.0,1801.5,1719.0,1493.5,340,211,129,0.6206,247,72,21,0.6437,0.5833,0.4762,0.8,0.85,0.5981,0.5749
Ben Shelton,38,38,1830.9,1812.3,1534.9,1500.0,58,45,13,0.7759,55,3,0,0.7818,0.6667,,0.8,0.85,0.6138,0.5041
Juncheng Shang,51,51,1829.3,1761.0,1621.7,1561.6,119,77,42,0.6471,70,30,19,0.6857,0.5667,0.6316,0.8,0.7,0.5827,0.5243
Sebastian Korda,53,53,1825.7,1780.6,1529.5,1500.0,100,58,42,0.58,78,22,0,0.6026,0.5,,0.7,0.8,0.6032,0.5332
Kamil Majchrzak,57,57,1825.6,1763.5,1836.8,1582.2,388,245,143,0.6314,173,183,32,0.6185,0.6393,0.6562,0.7,0.6,0.5968,0.5764
Daniil Medvedev,32,32,1825.3,1772.5,1603.8,1584.5,108,78,30,0.7222,72,24,12,0.7222,0.6667,0.8333,1.0,0.8,0.5789,0.5159
Pablo Llamas Ruiz,145,131,1823.7,1605.5,1808.6,1489.5,171,107,64,0.6257,50,118,3,0.54,0.6695,0.3333,0.7,0.75,0.5961,0.5526
Stefanos Tsitsipas,43,43,1823.3,1686.9,1721.2,1525.8,109,72,37,0.6606,58,45,6,0.6379,0.6889,0.6667,0.6,0.75,0.5782,0.5157
Learner Tien,67,67,1822.6,1809.2,1510.1,1487.9,65,49,16,0.7538,60,4,1,0.7833,0.5,0.0,0.7,0.75,0.5978,0.4998
Leandro Riedi,129,117,1820.6,1767.1,1572.5,1579.7,161,102,59,0.6335,115,26,20,0.6609,0.5,0.65,0.8,0.55,0.5939,0.5482
Hugo Dellien,156,72,1818.2,1507.8,1809.9,1486.3,443,289,154,0.6524,22,416,5,0.4091,0.6683,0.4,0.8,0.75,0.5972,0.5792
Botic Van De Zandschulp,61,60,1818.0,1791.1,1731.9,1480.7,184,116,68,0.6304,87,91,6,0.6897,0.5934,0.3333,0.5,0.5,0.5783,0.5387
Quentin Halys,91,52,1816.2,1808.7,1657.7,1566.8,513,300,213,0.5848,349,139,25,0.5903,0.5683,0.6,0.5,0.55,0.5908,0.5753
Flavio Cobolli,34,34,1815.2,1707.9,1743.9,1475.3,225,130,95,0.5778,65,158,2,0.5538,0.5949,0.0,0.6,0.65,0.596,0.5621
Hugo Gaston,115,61,1814.7,1792.6,1703.6,1490.9,280,163,117,0.5821,142,128,10,0.5845,0.5938,0.4,0.6,0.65,0.5891,0.5617
Jaime Faria,136,105,1814.0,1624.5,1757.9,1527.6,151,87,64,0.5762,45,98,8,0.5556,0.5816,0.625,0.8,0.7,0.5938,0.5454
Martin Landaluce,99,99,1813.3,1732.6,1630.7,1559.2,151,86,65,0.5695,87,52,12,0.5977,0.5,0.6667,0.7,0.55,0.6001,0.5512
Christopher Oconnell,143,53,1812.2,1820.4,1692.5,1526.3,299,184,115,0.6154,198,83,18,0.6364,0.5783,0.5556,0.6,0.5,0.5851,0.5595
Laslo Djere,267,34,1809.2,1571.5,1824.7,1514.5,266,158,108,0.594,74,189,3,0.4054,0.6667,0.6667,0.6,0.65,0.5907,0.5618
Marco Trungelliti,77,77,1807.4,1559.7,1827.2,1471.6,553,321,232,0.5805,185,353,15,0.5081,0.6261,0.4,0.8,0.65,0.5859,0.5716
Daniel Merida Aguilar,102,102,1807.3,1683.6,1694.5,1500.0,158,82,76,0.519,64,94,0,0.4844,0.5426,,0.6,0.75,0.6056,0.5581
Titouan Droguet,113,113,1806.6,1684.9,1791.7,1529.9,231,140,91,0.6061,117,106,8,0.5726,0.6415,0.625,0.7,0.65,0.594,0.561
Reilly Opelka,52,52,1806.6,1750.4,1682.3,1490.4,146,89,57,0.6096,95,39,12,0.6211,0.641,0.4167,0.6,0.55,0.5781,0.5295
Damir Dzumhur,84,54,1805.4,1745.0,1732.7,1487.7,423,258,165,0.6099,190,221,12,0.6053,0.6244,0.4167,0.5,0.6,0.5806,0.5623
Michael Zheng,174,174,1804.7,1775.4,1486.5,1486.9,65,44,21,0.6769,63,1,1,0.6984,0.0,0.0,0.8,0.85,0.6052,0.506
Arthur Rinderknech,54,51,1804.6,1759.1,1690.9,1535.6,202,126,76,0.6238,130,58,14,0.6385,0.5862,0.6429,0.5,0.5,0.5873,0.5504
Arthur Fery,161,161,1804.4,1781.9,1507.7,1469.4,122,77,45,0.6311,93,5,24,0.7097,0.4,0.375,0.6,0.65,0.6023,0.5432
Alexandre Muller,95,44,1804.0,1690.9,1763.2,1479.1,375,208,167,0.5547,146,225,4,0.5342,0.5733,0.25,0.6,0.55,0.5995,0.5783
Emilio Nava,116,74,1802.9,1668.3,1751.1,1496.2,312,190,122,0.609,158,143,11,0.5823,0.6503,0.4545,0.6,0.6,0.5988,0.5737
Gustavo Heide,262,150,1801.8,1552.6,1807.9,1488.0,163,93,70,0.5706,23,139,1,0.5217,0.5827,0.0,0.8,0.65,0.6067,0.5605
Jakub Mensik,19,19,1801.2,1720.3,1613.6,1490.0,85,50,35,0.5882,47,37,1,0.6383,0.5405,0.0,0.7,0.6,0.5932,0.5145
Coleman Wong,122,120,1800.7,1743.9,1451.2,1502.5,176,100,76,0.5682,152,11,13,0.6053,0.1818,0.4615,0.6,0.6,0.5975,0.555
Jacob Fearnley,87,57,1800.2,1733.8,1543.1,1593.5,75,55,20,0.7333,62,4,9,0.7097,0.75,0.8889,0.4,0.55,0.588,0.5018
Lloyd Harris,155,81,1799.4,1764.1,1604.0,1575.0,300,190,110,0.6333,217,54,29,0.6636,0.5185,0.6207,0.6,0.65,0.5868,0.5612
Andrea Vavassori,614,128,1799.4,1734.8,1718.7,1479.2,300,170,130,0.5667,123,167,10,0.5366,0.5988,0.4,0.7,0.65,0.5904,0.5646
Kyrian Jacquet,146,128,1799.3,1786.2,1618.3,1488.3,229,133,96,0.5808,117,107,5,0.6068,0.5607,0.4,0.7,0.7,0.6048,0.5709
Yen Hsun Lu,108,55,1799.2,1765.8,1500.0,1678.9,105,84,21,0.8,88,0,17,0.7727,,0.9412,0.5,0.75,0.6051,0.5377
Nikoloz Basilashvili,120,27,1798.6,1725.6,1692.4,1537.5,288,169,119,0.5868,154,115,19,0.5714,0.6087,0.5789,0.7,0.55,0.5658,0.5402
Miomir Kecmanovic,58,46,1798.5,1727.5,1647.6,1488.5,139,86,53,0.6187,93,43,3,0.6452,0.5814,0.3333,0.6,0.65,0.582,0.531
Guido Pella,65,52,1797.2,1564.6,1813.6,1502.4,123,90,33,0.7317,16,103,4,0.625,0.7573,0.5,0.6,0.6,0.5888,0.5314
Francisco Comesana,105,61,1795.5,1614.1,1726.6,1490.5,193,123,70,0.6373,21,171,1,0.619,0.6433,0.0,0.5,0.65,0.6026,0.5631
Soon Woo Kwon,350,70,1794.8,1784.2,1479.3,1510.0,250,156,94,0.624,219,14,17,0.6484,0.3571,0.5294,0.7,0.75,0.5998,0.5688
Bu Yunchaokete,157,67,1793.1,1751.5,1628.2,1471.2,153,96,57,0.6275,128,12,13,0.6406,0.75,0.3846,0.6,0.55,0.6043,0.5556
Nicolai Budkov Kjaer,140,132,1792.9,1735.0,1650.9,1504.5,90,58,32,0.6444,46,38,6,0.7174,0.5789,0.5,0.5,0.65,0.596,0.5205
Pedro Martinez,133,41,1792.6,1685.1,1740.4,1475.2,334,199,135,0.5958,93,237,4,0.5161,0.6329,0.25,0.5,0.55,0.5913,0.5679
Cameron Norrie,90,39,1792.1,1764.7,1614.9,1471.8,144,96,48,0.6667,117,20,7,0.7009,0.6,0.2857,0.5,0.65,0.5733,0.5246
Jason Kubler,194,69,1791.4,1726.2,1566.7,1642.2,251,159,92,0.6335,177,45,29,0.661,0.4667,0.7241,0.7,0.5,0.5951,0.5645
Adam Walton,117,74,1791.1,1758.1,1474.8,1483.1,201,123,78,0.6119,190,2,9,0.6316,0.0,0.3333,0.7,0.65,0.5973,0.5596
Denis Shapovalov,78,69,1789.6,1777.0,1446.8,1517.0,67,44,23,0.6567,52,7,8,0.7308,0.1429,0.625,0.8,0.85,0.5985,0.5026
Henrique Rocha,118,118,1789.5,1598.2,1755.4,1491.5,176,91,85,0.517,51,120,5,0.5098,0.525,0.4,0.6,0.75,0.5995,0.5569
Marin Cilic,79,79,1789.5,1585.8,1641.8,1581.9,33,24,9,0.7273,10,16,7,0.7,0.6875,0.8571,0.9,0.75,0.6018,0.4426
Patrick Kypson,90,90,1788.7,1762.1,1629.0,1479.1,236,142,94,0.6017,178,52,6,0.6011,0.6346,0.3333,0.4,0.55,0.6012,0.5684
Dalibor Svrcina,127,90,1788.4,1715.8,1713.3,1479.3,275,152,123,0.5527,115,154,6,0.5739,0.5455,0.3333,0.6,0.6,0.5991,0.5707
Alexei Popyrin,50,26,1788.2,1718.0,1730.8,1587.9,212,130,82,0.6132,122,68,22,0.5984,0.6176,0.6818,0.5,0.6,0.5679,0.5338
Yoshihito Nishioka,169,34,1786.7,1790.3,1575.9,1516.3,280,195,85,0.6964,219,45,16,0.7397,0.5333,0.5625,0.6,0.75,0.5703,0.5437
Jiri Lehecka,41,39,1786.5,1671.8,1751.7,1488.4,130,84,46,0.6462,43,86,1,0.6047,0.6744,0.0,0.5,0.65,0.6006,0.5448
Pavel Kotov,254,63,1785.2,1762.3,1657.9,1467.6,308,177,131,0.5747,190,113,5,0.6053,0.5398,0.2,0.8,0.8,0.59,0.5649
Toby Samuel,163,163,1783.7,1765.6,1538.0,1458.2,61,40,21,0.6557,50,5,6,0.72,0.6,0.1667,0.8,0.75,0.6161,0.51
Francisco Cerundolo,49,47,1783.0,1515.2,1794.7,1510.6,144,97,47,0.6736,17,124,3,0.4706,0.7016,0.6667,0.6,0.65,0.5958,0.5452
Chris Rodesch,171,142,1782.9,1739.9,1593.6,1530.7,95,57,38,0.6,67,22,6,0.6119,0.5455,0.6667,0.4,0.65,0.6074,0.5338
Alex De Minaur,77,77,1780.6,1636.9,1547.4,1647.4,95,61,34,0.6421,51,19,25,0.6275,0.5263,0.76,0.9,0.75,0.5985,0.526
Francesco Passaro,163,91,1780.1,1658.0,1773.4,1471.2,251,146,105,0.5817,67,181,3,0.5522,0.6022,0.0,0.6,0.65,0.5971,0.5663
Jeremy Chardy,528,34,1779.9,1673.5,1581.2,1584.6,59,40,19,0.678,37,14,8,0.6486,0.6429,0.875,0.6,0.7,0.5753,0.4737
Tomas Barrios Vera,123,93,1779.3,1633.0,1778.5,1563.0,466,283,183,0.6073,91,353,22,0.5385,0.6232,0.6364,0.5,0.55,0.6027,0.5854
Sho Shimabukuro,108,108,1778.8,1733.7,1550.5,1554.3,253,148,105,0.585,214,14,25,0.5794,0.5714,0.64,0.5,0.65,0.5982,0.5676
Aleksandar Kovacevic,97,56,1777.2,1798.0,1502.2,1450.5,247,143,104,0.5789,209,27,11,0.6172,0.4074,0.2727,0.5,0.55,0.5899,0.559
Rei Sakamoto,159,159,1774.3,1725.7,1574.4,1500.0,106,63,43,0.5943,89,17,0,0.6067,0.5294,,0.6,0.6,0.5962,0.5303
Vit Kopriva,75,60,1774.2,1697.8,1759.8,1526.6,365,208,157,0.5699,97,260,8,0.5258,0.5846,0.625,0.4,0.4,0.5986,0.5769
Marcel Granollers,113,36,1773.8,1724.2,1559.4,1580.6,159,105,54,0.6604,101,42,16,0.7129,0.5238,0.6875,0.7,0.6,0.5875,0.5418
Kei Nishikori,464,24,1772.3,1739.9,1555.0,1500.0,48,35,13,0.7292,38,10,0,0.7632,0.6,,0.5,0.65,0.62,0.4927
Filip Krajinovic,631,69,1771.2,1628.6,1802.8,1498.3,209,150,59,0.7177,60,141,8,0.6333,0.766,0.5,0.4,0.45,0.5942,0.558
Giulio Zeppieri,167,110,1771.0,1718.5,1663.3,1531.2,306,176,130,0.5752,116,184,6,0.5862,0.5652,0.6667,0.4,0.6,0.5894,0.5642
Alex Molcan,166,47,1769.2,1637.4,1756.8,1515.4,278,164,114,0.5899,102,173,3,0.5686,0.6012,0.6667,0.7,0.55,0.604,0.5757
Steve Darcis,176,50,1768.7,1753.8,1659.1,1513.8,129,96,33,0.7442,75,51,3,0.76,0.7255,0.6667,0.6,0.6,0.5949,0.5392
Casper Ruud,63,54,1768.5,1686.9,1653.2,1488.0,152,91,61,0.5987,61,90,1,0.6393,0.5778,0.0,0.7,0.75,0.5821,0.5349
Facundo Diaz Acosta,183,53,1767.9,1517.2,1781.1,1468.7,238,142,96,0.5966,28,207,3,0.4643,0.6232,0.0,0.7,0.75,0.6064,0.5736
Joel Schwaerzler,172,172,1767.4,1595.1,1720.3,1500.0,112,65,47,0.5804,21,91,0,0.5714,0.5824,,0.5,0.7,0.6168,0.5517
Dusan Lajovic,138,31,1765.2,1614.8,1739.2,1482.7,213,136,77,0.6385,75,132,6,0.56,0.697,0.3333,0.5,0.55,0.5608,0.5273
Jannik Sinner,73,71,1764.9,1721.0,1567.0,1507.9,57,38,19,0.6667,36,17,4,0.75,0.5294,0.5,0.6,0.7,0.5947,0.487
Mackenzie Mcdonald,125,53,1764.4,1781.5,1520.2,1582.6,303,188,115,0.6205,234,33,36,0.6496,0.4242,0.6111,0.3,0.5,0.5828,0.5576
Mikhail Youzhny,104,51,1764.4,1724.4,1529.8,1579.1,93,68,25,0.7312,72,12,9,0.75,0.5,0.8889,0.8,0.6,0.5606,0.4915
Mikael Ymer,607,52,1763.3,1826.2,1667.1,1528.3,231,156,75,0.6753,101,118,12,0.7327,0.6356,0.5833,0.5,0.55,0.5961,0.563
Jesper De Jong,109,73,1761.4,1620.0,1761.8,1479.0,287,171,116,0.5958,87,187,13,0.5287,0.6417,0.3846,0.5,0.5,0.5916,0.5647
Jan Choinski,119,117,1759.1,1604.8,1748.9,1453.9,374,198,176,0.5294,126,231,17,0.4603,0.5844,0.2941,0.3,0.45,0.6043,0.5829
Vilius Gaubas,124,105,1758.4,1574.9,1720.3,1499.1,156,89,67,0.5705,26,128,2,0.4615,0.5938,0.5,0.5,0.55,0.6008,0.5532
Alexander Shevchenko,82,55,1757.8,1668.2,1699.9,1479.4,198,114,84,0.5758,82,114,2,0.5366,0.614,0.0,0.5,0.5,0.5879,0.5503
Diego Schwartzman,382,25,1757.5,1602.7,1744.3,1485.2,84,58,26,0.6905,25,58,1,0.56,0.7586,0.0,0.6,0.55,0.5729,0.4961
Andrey Rublev,70,55,1756.5,1771.3,1560.1,1512.8,154,93,61,0.6039,88,55,11,0.6705,0.5091,0.5455,0.5,0.65,0.5686,0.523
Valentin Vacherot,204,112,1756.4,1701.3,1712.6,1475.8,167,104,63,0.6228,77,88,2,0.6234,0.6364,0.0,0.6,0.55,0.6006,0.5558
Jenson Brooksby,51,51,1755.9,1732.9,1614.4,1505.2,76,51,25,0.6711,55,17,4,0.6545,0.7647,0.5,0.4,0.55,0.59,0.5044
Terence Atmane,52,52,1754.8,1743.1,1636.5,1466.6,203,122,81,0.601,147,44,12,0.6327,0.5682,0.3333,0.5,0.5,0.5881,0.5513
Zhizhen Zhang,262,55,1754.3,1662.3,1759.7,1513.7,249,134,115,0.5382,142,96,11,0.4789,0.625,0.5455,0.6,0.6,0.5945,0.5636
Clement Tabur,167,167,1754.3,1673.6,1632.7,1488.0,189,97,92,0.5132,70,118,1,0.4857,0.5339,0.0,0.7,0.65,0.6092,0.5685
Filip Misolic,81,79,1752.7,1546.5,1844.4,1517.0,210,125,85,0.5952,67,138,5,0.4627,0.6594,0.6,0.3,0.45,0.5886,0.5529
Harold Mayot,159,103,1752.6,1701.1,1688.7,1509.6,267,147,120,0.5506,168,84,15,0.5476,0.5595,0.5333,0.6,0.55,0.598,0.5689
Fabian Marozsan,81,57,1751.0,1583.0,1744.0,1512.2,122,79,43,0.6475,35,84,3,0.5429,0.6905,0.6667,0.6,0.65,0.6023,0.5432
David Goffin,236,21,1748.9,1674.7,1655.8,1594.7,110,71,39,0.6455,71,27,12,0.6197,0.6296,0.8333,0.2,0.35,0.5709,0.5097
Alex Bolt,147,125,1747.5,1690.8,1383.3,1702.6,404,229,175,0.5668,297,28,79,0.5623,0.1786,0.7215,0.7,0.6,0.5927,0.5731
Liam Draxl,158,114,1747.5,1698.8,1641.9,1486.9,188,108,80,0.5745,143,44,1,0.5734,0.5909,0.0,0.7,0.65,0.6028,0.5623
Lukas Klein,150,110,1747.3,1649.1,1784.7,1554.0,334,196,138,0.5868,160,158,16,0.575,0.5886,0.6875,0.4,0.45,0.5934,0.57
Stan Wawrinka,106,15,1744.7,1652.4,1627.5,1500.0,53,34,19,0.6415,21,32,0,0.7143,0.5938,,0.5,0.65,0.6109,0.4942
Stefano Travaglia,141,67,1744.4,1678.6,1678.4,1520.3,494,291,203,0.5891,179,304,11,0.5922,0.5855,0.6364,0.5,0.55,0.6003,0.584
Felix Auger Aliassime,19,19,1744.4,1680.8,1660.7,1500.0,116,73,43,0.6293,66,50,0,0.6061,0.66,,0.6,0.7,0.5962,0.5351
Yuki Bhambri,781,84,1744.3,1733.4,1513.5,1515.1,179,120,59,0.6704,154,9,16,0.6948,0.5556,0.5,0.4,0.5,0.5905,0.5491
Radek Stepanek,102,102,1743.9,1665.4,1566.5,1524.7,42,32,10,0.7619,24,16,2,0.7917,0.6875,1.0,1.0,0.95,0.5257,0.4072
Aleksandar Vukic,89,50,1743.3,1750.2,1587.7,1537.9,357,204,153,0.5714,240,95,22,0.5917,0.5158,0.5909,0.2,0.45,0.5897,0.5679
Jerome Kym,180,126,1741.8,1655.9,1698.8,1489.6,137,83,54,0.6058,49,87,1,0.551,0.6437,0.0,0.5,0.55,0.5999,0.5466
Alexis Galarneau,201,153,1741.4,1705.8,1518.7,1502.0,355,196,159,0.5521,295,56,4,0.5661,0.4821,0.5,0.5,0.65,0.6112,0.5884
Nicolas Mejia,152,150,1740.2,1641.7,1712.1,1471.5,319,160,159,0.5016,197,120,2,0.4772,0.55,0.0,0.7,0.6,0.6129,0.5876
Thiago Agustin Tirante,81,74,1739.1,1660.8,1729.5,1483.9,334,191,143,0.5719,85,241,8,0.5765,0.5768,0.375,0.5,0.5,0.5956,0.5721
Janko Tipsarevic,318,69,1739.1,1623.4,1691.8,1488.0,46,35,11,0.7609,19,26,1,0.7368,0.8077,0.0,0.6,0.8,0.607,0.4785
Liam Broady,221,100,1737.8,1700.1,1553.1,1470.5,503,281,222,0.5586,413,50,40,0.5835,0.5,0.375,0.7,0.7,0.5964,0.5804
Nicolas Jarry,155,41,1736.8,1598.5,1774.1,1532.5,311,192,119,0.6174,87,210,14,0.5287,0.6571,0.5714,0.4,0.45,0.5926,0.5676
Julien Benneteau,63,56,1736.6,1699.1,1532.2,1550.4,66,45,21,0.6818,44,16,6,0.75,0.4375,0.8333,0.6,0.7,0.5727,0.4799
Marco Cecchinato,188,66,1736.5,1435.9,1707.9,1500.0,495,304,191,0.6141,29,466,0,0.2759,0.6352,,0.5,0.65,0.5984,0.5822
Michael Mmoh,248,94,1736.1,1718.1,1566.0,1509.3,413,244,169,0.5908,340,52,21,0.6147,0.4808,0.4762,0.7,0.7,0.5933,0.5741
Roberto Bautista Agut,93,40,1735.6,1597.0,1624.6,1504.2,32,20,12,0.625,14,16,2,0.5714,0.6875,0.5,0.5,0.6,0.5525,0.4035
Thiago Monteiro,242,65,1734.8,1643.0,1734.3,1511.4,482,301,181,0.6245,69,402,11,0.5507,0.6393,0.5455,0.7,0.6,0.5864,0.5701
Stefano Napolitano,302,121,1734.5,1592.4,1707.7,1508.4,428,222,206,0.5187,180,228,20,0.4944,0.5395,0.5,0.6,0.65,0.5987,0.58
Carlos Taberner,98,83,1734.3,1448.4,1746.6,1475.8,489,289,200,0.591,68,417,4,0.3824,0.6283,0.25,0.4,0.5,0.6036,0.587
Jack Sock,166,15,1734.0,1650.3,1588.0,1591.8,82,51,31,0.622,53,16,13,0.566,0.6875,0.7692,0.4,0.6,0.601,0.5189
Roberto Carballes Baena,202,53,1733.2,1592.4,1741.7,1503.6,459,284,175,0.6187,64,389,6,0.4531,0.6478,0.5,0.5,0.5,0.5965,0.5791
John Millman,627,34,1732.7,1697.3,1595.0,1550.8,168,113,55,0.6726,126,24,18,0.6984,0.5833,0.6111,0.5,0.55,0.5914,0.5476
Ilia Simakin,227,214,1732.4,1704.9,1500.0,1500.0,89,60,29,0.6742,89,0,0,0.6742,,,0.5,0.7,0.6187,0.5396
Harry Wendelken,237,237,1731.9,1705.7,1500.0,1461.8,76,44,32,0.5789,61,0,15,0.6393,,0.3333,0.8,0.75,0.6184,0.5287
Elmer Moller,169,109,1731.5,1513.6,1745.9,1500.0,138,87,51,0.6304,32,106,0,0.4688,0.6792,,0.3,0.5,0.6104,0.5566
Arthur Gea,139,137,1730.8,1639.2,1631.1,1500.0,129,65,64,0.5039,44,85,0,0.5,0.5059,,0.5,0.7,0.6098,0.5527
Luca Nardi,140,67,1730.4,1691.4,1661.2,1476.3,238,135,103,0.5672,165,69,4,0.6,0.5072,0.25,0.5,0.45,0.5933,0.5612
Martin Damm,126,126,1729.0,1687.5,1464.4,1500.0,149,77,72,0.5168,122,27,0,0.5574,0.3333,,0.6,0.65,0.6031,0.5533
Richard Gasquet,141,30,1728.8,1668.0,1665.1,1532.0,107,68,39,0.6355,61,36,10,0.623,0.6667,0.6,0.4,0.55,0.5953,0.53
Jurij Rodionov,162,87,1728.3,1675.2,1662.3,1471.4,471,269,202,0.5711,300,151,20,0.6,0.5364,0.4,0.6,0.6,0.5978,0.5808
Tristan Schoolkate,114,95,1726.8,1670.7,1509.0,1584.5,238,134,104,0.563,200,15,23,0.565,0.4,0.6522,0.6,0.6,0.5988,0.5664
Aslan Karatsev,253,40,1725.9,1666.6,1747.8,1459.5,303,171,132,0.5644,185,110,8,0.5622,0.5909,0.25,0.4,0.5,0.595,0.5693
Nicolas Moreno De Alboran,544,110,1724.3,1698.9,1669.6,1493.8,228,136,92,0.5965,105,114,9,0.619,0.5877,0.4444,0.5,0.55,0.5963,0.5628
Lukas Neumayer,195,157,1722.2,1512.7,1724.1,1480.2,210,108,102,0.5143,30,178,2,0.3667,0.5449,0.0,0.6,0.55,0.6109,0.5738
Clement Chidekh,179,176,1720.9,1695.6,1497.1,1485.5,139,77,62,0.554,126,10,3,0.5714,0.4,0.3333,0.4,0.5,0.6079,0.5546
Facundo Bagnis,413,66,1720.5,1562.4,1733.5,1453.5,515,343,172,0.666,46,465,4,0.5,0.6882,0.0,0.6,0.65,0.5902,0.5748
Juan Carlos Prado Angelo,197,195,1719.6,1489.5,1738.5,1500.0,150,85,65,0.5667,17,133,0,0.4118,0.5865,,0.7,0.55,0.6184,0.5677
Francesco Maestrelli,112,108,1719.4,1697.1,1604.9,1469.4,275,142,133,0.5164,109,163,3,0.5413,0.5092,0.0,0.3,0.55,0.6056,0.5769
Jack Pinnington Jones,135,134,1718.9,1639.2,1524.5,1605.7,90,54,36,0.6,62,7,21,0.5645,0.5714,0.7143,0.4,0.55,0.6013,0.5252
Hugo Grenier,195,95,1718.3,1665.7,1489.2,1462.5,477,252,225,0.5283,364,91,22,0.5659,0.4066,0.4091,0.5,0.55,0.5999,0.583
Steve Johnson,242,48,1716.0,1706.3,1524.9,1475.7,110,68,42,0.6182,94,10,6,0.6489,0.5,0.3333,0.5,0.6,0.5862,0.5233
Igor Ribeiro Marcondes,291,291,1715.8,1577.1,1693.8,1500.0,58,40,18,0.6897,13,45,0,0.6923,0.6889,,0.6,0.65,0.6159,0.5058
Brandon Holt,109,99,1714.6,1687.3,1487.8,1526.2,230,126,104,0.5478,211,6,13,0.5545,0.3333,0.5385,0.4,0.45,0.5944,0.5613
Mark Lajal,164,145,1713.9,1666.9,1535.9,1550.7,215,127,88,0.5907,189,13,13,0.5926,0.4615,0.6923,0.4,0.45,0.6066,0.5706
Federico Coria,826,54,1713.8,1488.4,1691.9,1476.9,458,276,182,0.6026,28,428,2,0.3571,0.6215,0.0,0.4,0.5,0.6059,0.5881
Gonzalo Bueno,187,187,1713.8,1497.2,1709.1,1500.0,193,99,94,0.513,7,186,0,0.4286,0.5161,,0.6,0.6,0.6175,0.5771
Gauthier Onclin,246,192,1713.2,1667.3,1624.2,1488.7,168,86,82,0.5119,90,73,5,0.5,0.5342,0.4,1.0,0.6,0.6036,0.5588
Pol Martin Tiffon,312,197,1712.9,1614.3,1620.3,1488.1,147,69,78,0.4694,31,115,1,0.5484,0.4522,0.0,0.8,0.55,0.6127,0.5615
Rio Noguchi,203,201,1712.4,1672.5,1404.2,1475.5,246,124,122,0.5041,214,24,8,0.5374,0.25,0.375,0.6,0.6,0.6127,0.5805
Pierre Hugues Herbert,225,41,1712.2,1697.6,1602.3,1545.2,319,193,126,0.605,201,85,33,0.6318,0.5412,0.6061,0.4,0.6,0.5703,0.5468
Fabio Fognini,127,59,1710.5,1574.7,1703.6,1484.7,87,51,36,0.5862,31,55,1,0.4516,0.6727,0.0,0.4,0.55,0.5897,0.5129
Lautaro Midon,223,216,1710.0,1550.6,1691.7,1500.0,126,71,55,0.5635,10,116,0,0.7,0.5517,,0.6,0.7,0.6181,0.5591
Tom Gentzsch,228,228,1708.7,1579.3,1648.0,1500.0,89,48,41,0.5393,44,45,0,0.5,0.5778,,0.7,0.65,0.62,0.5407
Stefanos Sakellaridis,214,210,1708.6,1629.7,1636.0,1500.0,106,57,49,0.5377,66,40,0,0.5152,0.575,,0.6,0.7,0.6166,0.5484
Daniil Glinka,178,170,1706.0,1678.3,1494.2,1500.0,126,69,57,0.5476,116,10,0,0.5603,0.4,,0.4,0.5,0.6181,0.5591
Luka Mikrut,165,160,1705.8,1489.6,1764.0,1500.0,90,53,37,0.5889,17,73,0,0.4118,0.6301,,0.3,0.6,0.616,0.538
Oscar Otte,400,54,1704.9,1652.3,1645.3,1565.8,338,202,136,0.5976,154,164,20,0.5584,0.628,0.65,0.4,0.4,0.5937,0.5706
Seong Chan Hong,141,139,1704.7,1678.5,1506.4,1438.8,166,86,80,0.5181,147,13,6,0.551,0.3846,0.0,0.5,0.6,0.6063,0.5608
Alejandro Moro Canas,234,142,1704.0,1646.9,1629.3,1511.6,231,123,108,0.5325,104,120,7,0.5673,0.5,0.5714,0.5,0.55,0.6049,0.5713
Simone Bolelli,186,55,1703.3,1613.8,1690.5,1540.1,112,73,39,0.6518,38,64,10,0.6316,0.6562,0.7,0.6,0.6,0.5686,0.5085
Kimmer Coppejans,229,97,1703.2,1603.8,1664.8,1488.7,596,330,266,0.5537,190,398,8,0.5053,0.5804,0.375,0.6,0.65,0.6009,0.5872
Chun Hsin Tseng,168,85,1701.7,1603.0,1713.2,1477.5,340,194,146,0.5706,129,207,4,0.5116,0.6135,0.25,0.3,0.45,0.6024,0.579
Albert Ramos,352,40,1700.0,1535.3,1661.7,1500.0,171,104,67,0.6082,12,159,0,0.5,0.6164,,0.3,0.55,0.5954,0.552
Buvaysar Gadamauri,357,357,1699.4,1605.1,1642.0,1500.0,82,51,31,0.622,40,42,0,0.625,0.619,,0.8,0.7,0.62,0.5353
Philipp Kohlschreiber,231,71,1699.4,1676.3,1567.0,1502.8,42,27,15,0.6429,17,23,2,0.8235,0.5217,0.5,0.5,0.5,0.5714,0.4426
Emil Ruusuvuori,547,38,1699.0,1663.3,1585.8,1503.6,162,102,60,0.6296,123,33,6,0.6829,0.4545,0.5,0.4,0.45,0.5896,0.5445
Franko Skugor,351,145,1698.8,1631.7,1576.1,1579.8,150,86,64,0.5733,92,49,9,0.5217,0.6122,0.8889,0.6,0.6,0.584,0.5361
Adrian Mannarino,46,20,1697.3,1656.2,1512.8,1594.8,124,74,50,0.5968,68,38,18,0.6618,0.4211,0.7222,0.5,0.65,0.5697,0.5145
Andres Andrade,217,217,1694.8,1615.6,1608.4,1500.0,123,66,57,0.5366,63,60,0,0.5079,0.5667,,0.6,0.65,0.6171,0.5569
August Holmgren,185,144,1694.1,1657.1,1487.8,1522.4,163,89,74,0.546,135,24,4,0.5704,0.375,0.75,0.7,0.55,0.6075,0.5612
Colton Smith,190,133,1693.2,1690.9,1477.0,1551.4,80,49,31,0.6125,60,6,14,0.6333,0.3333,0.6429,0.4,0.4,0.5915,0.5091
Mikhail Kukushkin,282,43,1692.7,1672.0,1606.2,1517.0,383,227,156,0.5927,283,74,26,0.6148,0.527,0.5385,0.4,0.45,0.5811,0.561
Kyle Edmund,471,27,1692.4,1680.5,1646.8,1533.4,149,106,43,0.7114,99,38,12,0.7172,0.7368,0.5833,0.5,0.6,0.5966,0.5474
Li Tu,381,163,1692.2,1666.1,1451.4,1549.9,196,103,93,0.5255,162,8,26,0.537,0.125,0.5769,0.7,0.65,0.5931,0.5548
Tennys Sandgren,260,48,1692.0,1651.9,1632.9,1516.3,298,169,129,0.5671,224,69,5,0.5491,0.6232,0.6,0.7,0.65,0.5995,0.5731
Andrea Pellegrino,130,126,1691.2,1392.7,1700.2,1458.6,466,226,240,0.485,76,384,6,0.2895,0.5286,0.1667,0.4,0.5,0.6048,0.5874
Maximilian Marterer,446,70,1690.6,1646.4,1703.2,1532.7,406,249,157,0.6133,205,185,16,0.6293,0.5946,0.625,0.4,0.4,0.5884,0.5691
Nikolas Sanchez Izquierdo,293,238,1690.6,1369.6,1675.5,1500.0,268,122,146,0.4552,23,245,0,0.1739,0.4816,,0.8,0.6,0.6164,0.5865
Federico Cina,205,203,1690.1,1665.2,1577.0,1500.0,76,42,34,0.5526,51,25,0,0.6078,0.44,,0.7,0.55,0.6137,0.5246
Alexander Ritschard,496,107,1689.7,1587.6,1734.2,1498.5,321,178,143,0.5545,174,139,8,0.5115,0.6115,0.5,0.6,0.6,0.6054,0.5806
Shintaro Mochizuki,129,92,1689.7,1596.0,1604.5,1599.4,292,161,131,0.5514,198,68,26,0.5505,0.5147,0.6538,0.4,0.35,0.5904,0.564
J J Wolf,1030,47,1689.7,1687.3,1552.4,1501.2,211,131,80,0.6209,183,26,2,0.6393,0.5,0.5,0.4,0.5,0.5899,0.5542
Andrea Guerrieri,338,338,1689.5,1505.1,1641.5,1500.0,80,41,39,0.5125,22,58,0,0.4545,0.5345,,0.8,0.65,0.62,0.5336
Timofey Skatov,198,123,1688.0,1574.4,1675.1,1502.8,308,168,140,0.5455,64,238,6,0.4688,0.5672,0.5,0.6,0.5,0.6001,0.5746
Yosuke Watanuki,175,72,1687.1,1644.5,1578.4,1537.2,338,201,137,0.5947,281,32,25,0.6121,0.4688,0.56,0.6,0.45,0.5895,0.5665
Matej Dodig,214,214,1686.1,1583.0,1635.7,1500.0,124,66,58,0.5323,39,85,0,0.5128,0.5412,,0.7,0.5,0.619,0.5591
Andreas Seppi,310,37,1685.6,1653.5,1520.4,1563.8,121,68,53,0.562,85,18,18,0.5647,0.4444,0.6667,0.4,0.5,0.5595,0.5042
Gianluca Cadenasso,232,228,1685.5,1500.0,1664.5,1500.0,49,28,21,0.5714,0,49,0,,0.5714,,0.6,0.55,0.62,0.4946
Karen Khachanov,52,52,1684.7,1651.1,1598.5,1502.5,102,64,38,0.6275,62,36,4,0.6452,0.6111,0.5,0.6,0.65,0.5953,0.5273
Stefan Dostanic,268,268,1684.1,1661.5,1517.6,1500.0,82,48,34,0.5854,72,10,0,0.5972,0.5,,0.5,0.65,0.6171,0.5328
Fajing Sun,213,198,1683.9,1664.3,1430.9,1473.7,181,78,103,0.4309,170,9,2,0.4529,0.1111,0.0,0.8,0.75,0.6081,0.5659
Pedro Boscardin Dias,222,222,1683.7,1468.8,1680.0,1500.0,207,105,102,0.5072,9,198,0,0.3333,0.5152,,0.5,0.6,0.6188,0.5808
Darwin Blanch,244,244,1682.8,1578.4,1567.9,1500.0,60,29,31,0.4833,40,20,0,0.5,0.45,,0.6,0.55,0.602,0.4971
Elias Ymer,174,106,1682.7,1650.9,1595.1,1525.5,566,318,248,0.5618,252,294,20,0.5238,0.5952,0.55,0.6,0.6,0.5837,0.5698
Zdenek Kolar,182,111,1682.0,1546.0,1694.8,1490.2,560,287,273,0.5125,191,360,9,0.466,0.5389,0.4444,0.4,0.5,0.6076,0.5929
Frederico Ferreira Silva,234,168,1681.1,1663.8,1582.7,1512.6,415,208,207,0.5012,200,206,9,0.535,0.466,0.5556,0.4,0.55,0.6084,0.5889
Marat Sharipov,365,243,1681.1,1663.9,1519.0,1500.0,80,47,33,0.5875,64,16,0,0.625,0.4375,,0.7,0.6,0.6185,0.5323
Horacio Zeballos,182,47,1680.6,1548.6,1678.6,1537.0,157,100,57,0.6369,31,123,3,0.5161,0.6585,1.0,0.4,0.5,0.6055,0.5578
Matteo Gigante,147,126,1680.2,1598.6,1699.4,1510.1,225,122,103,0.5422,96,120,9,0.5104,0.5667,0.5556,0.3,0.5,0.5997,0.5656
Marc Andrea Huesler,340,47,1680.1,1666.8,1678.5,1530.4,352,197,155,0.5597,202,122,28,0.5396,0.5902,0.5714,0.5,0.55,0.59,0.5678
Felix Gill,231,228,1680.0,1604.3,1616.3,1446.9,85,49,36,0.5765,15,59,11,0.6667,0.6102,0.2727,0.6,0.65,0.6144,0.5328
Nerman Fatic,239,191,1678.3,1503.4,1682.1,1488.7,248,127,121,0.5121,49,198,1,0.4082,0.5404,0.0,0.5,0.45,0.6108,0.579
Alvaro Guillen Meza,226,175,1677.7,1456.3,1683.6,1489.0,164,86,78,0.5244,7,156,1,0.1429,0.5449,0.0,0.4,0.5,0.6149,0.5683
Marko Topo,250,241,1677.3,1570.4,1634.3,1488.0,143,76,67,0.5315,37,105,1,0.4865,0.5524,0.0,0.5,0.55,0.6074,0.5555
Daniel Evans,188,25,1677.0,1651.6,1557.9,1704.3,208,143,65,0.6875,136,21,51,0.6838,0.5238,0.7647,0.4,0.45,0.5958,0.5593
Blaz Kavcic,219,75,1676.8,1623.1,1630.0,1492.2,265,165,100,0.6226,204,54,7,0.6471,0.5556,0.4286,0.3,0.55,0.6042,0.5746
Federico Delbonis,291,53,1676.3,1533.3,1668.2,1500.0,185,128,57,0.6919,24,161,0,0.4583,0.7267,,0.3,0.45,0.585,0.5452
Kilian Feldbausch,402,353,1675.9,1508.9,1658.3,1500.0,91,49,42,0.5385,10,81,0,0.5,0.5432,,0.7,0.7,0.6134,0.5364
Dominic Stricker,308,88,1675.5,1646.7,1606.6,1537.5,161,94,67,0.5839,98,42,21,0.6122,0.5238,0.5714,0.6,0.5,0.5961,0.5502
Jerzy Janowicz,596,51,1674.9,1674.1,1568.8,1489.2,90,55,35,0.6111,59,30,1,0.6441,0.5667,0.0,0.5,0.55,0.6013,0.5252
Viktor Troicki,213,70,1674.6,1618.3,1519.5,1595.5,104,56,48,0.5385,56,31,17,0.5179,0.4516,0.7647,0.5,0.6,0.5577,0.495
Max Hans Rehberg,641,240,1674.3,1661.2,1598.9,1465.2,147,80,67,0.5442,75,69,3,0.6,0.5072,0.0,0.5,0.65,0.6118,0.5608
Vitaliy Sachko,191,156,1674.1,1551.7,1682.8,1467.7,337,182,155,0.5401,137,197,3,0.5182,0.5635,0.0,0.6,0.45,0.6047,0.581
Yu Hsiou Hsu,218,183,1674.1,1643.6,1481.1,1442.0,198,98,100,0.4949,180,13,5,0.5222,0.3077,0.0,0.5,0.45,0.6079,0.569
Edas Butvilas,261,201,1673.4,1649.1,1553.9,1473.3,145,76,69,0.5241,100,43,2,0.57,0.4419,0.0,0.5,0.55,0.6175,0.5653
Pablo Cuevas,825,38,1673.4,1554.8,1657.7,1486.0,98,62,36,0.6327,13,82,3,0.5385,0.6585,0.3333,0.3,0.4,0.5869,0.5176
Tung Lin Wu,326,160,1673.0,1652.6,1578.3,1481.2,391,208,183,0.532,330,57,4,0.5364,0.5263,0.25,0.7,0.65,0.6111,0.5903
Ugo Blanchet,166,139,1672.7,1694.3,1562.3,1479.9,190,94,96,0.4947,96,88,6,0.5208,0.4773,0.3333,0.3,0.4,0.5935,0.5541
Joao Lucas Reis Da Silva,211,187,1672.3,1459.5,1675.5,1500.0,244,124,120,0.5082,24,220,0,0.3333,0.5273,,0.6,0.5,0.617,0.5844
Pedro Sousa,493,102,1670.3,1423.7,1658.8,1490.8,310,182,128,0.5871,22,283,5,0.1818,0.6219,0.4,0.6,0.5,0.6022,0.5767
James Mccabe,230,164,1669.9,1622.0,1433.7,1541.5,210,109,101,0.519,175,15,20,0.5429,0.2,0.55,0.4,0.55,0.6034,0.5668
Constant Lestienne,197,54,1669.6,1658.3,1485.9,1494.4,468,264,204,0.5641,303,142,23,0.6271,0.4507,0.4348,0.1,0.35,0.5967,0.5796
Sumit Nagal,292,73,1669.2,1629.7,1685.6,1477.7,423,241,182,0.5697,123,298,2,0.5203,0.594,0.0,0.4,0.5,0.6018,0.5829
Maks Kasnikowski,321,168,1668.8,1629.8,1596.3,1500.0,176,99,77,0.5625,108,68,0,0.6111,0.4853,,0.6,0.65,0.6145,0.5708
Joris De Loore,468,142,1668.6,1688.7,1578.0,1503.6,289,165,124,0.5709,165,110,14,0.6121,0.5182,0.5,0.5,0.45,0.6088,0.5813
Tim Smyczek,281,69,1667.9,1637.9,1462.0,1510.8,204,122,82,0.598,164,20,20,0.6463,0.3,0.5,0.6,0.55,0.5676,0.5323
Rodrigo Pacheco Mendez,270,200,1667.5,1591.4,1560.4,1500.0,126,53,73,0.4206,56,70,0,0.4464,0.4,,0.7,0.6,0.6152,0.5565
Luka Pavlovic,220,193,1667.1,1554.4,1625.0,1512.8,92,53,39,0.5761,15,74,3,0.4667,0.5946,0.6667,0.5,0.55,0.6083,0.5326
Antoine Ghibaudo,325,325,1666.9,1602.1,1535.5,1552.5,88,51,37,0.5795,70,12,6,0.5714,0.5,0.8333,0.7,0.6,0.6186,0.5388
Alex Barrena,170,170,1666.4,1469.8,1675.2,1500.0,136,74,62,0.5441,3,133,0,0.0,0.5564,,0.5,0.5,0.6156,0.5606
Marcos Baghdatis,133,55,1666.4,1647.2,1490.2,1487.9,49,29,20,0.5918,45,1,3,0.6222,0.0,0.3333,0.6,0.65,0.5955,0.4751
Ivo Karlovic,200,80,1666.0,1661.9,1492.8,1498.7,56,33,23,0.5893,44,3,9,0.6364,0.3333,0.4444,0.5,0.5,0.5664,0.4625
Thiago Seyboth Wild,238,61,1664.9,1595.3,1676.9,1481.8,315,174,141,0.5524,55,252,8,0.5091,0.5675,0.375,0.5,0.45,0.5949,0.5701
Juan Pablo Varillas,295,63,1664.6,1461.6,1663.4,1476.1,396,233,163,0.5884,25,369,2,0.32,0.6098,0.0,0.5,0.5,0.6048,0.5845
Daniel Elahi Galan,264,67,1663.9,1604.8,1630.4,1489.4,492,277,215,0.563,130,349,13,0.4846,0.596,0.4615,0.3,0.3,0.5927,0.5765
Bernard Tomic,192,73,1663.3,1619.6,1545.8,1536.6,288,149,139,0.5174,212,56,20,0.5094,0.5179,0.6,0.4,0.45,0.5888,0.5621
Remy Bertola,212,199,1663.2,1658.2,1535.0,1500.0,190,96,94,0.5053,89,101,0,0.5618,0.4554,,0.4,0.45,0.6156,0.5747
Jonas Forejtek,297,217,1660.0,1572.2,1624.6,1491.7,233,121,112,0.5193,89,143,1,0.5506,0.5035,0.0,0.7,0.6,0.6174,0.5834
Diego Dedura Palomero,304,258,1659.9,1489.3,1632.0,1500.0,65,32,33,0.4923,10,55,0,0.4,0.5091,,0.6,0.65,0.6052,0.506
Dominic Thiem,131,46,1659.7,1623.2,1553.3,1500.0,34,19,15,0.5588,14,20,0,0.7143,0.45,,0.5,0.5,0.5847,0.433
Murphy Cassone,260,173,1659.2,1621.7,1489.6,1522.7,146,84,62,0.5753,130,6,10,0.5846,0.3333,0.6,0.5,0.4,0.6044,0.5536
Oriol Roca Batalla,393,156,1658.7,1488.8,1635.9,1477.7,343,165,178,0.481,35,306,2,0.3714,0.4967,0.0,0.6,0.6,0.6109,0.5874
Raul Brancaccio,251,123,1658.6,1592.5,1617.4,1487.8,335,167,168,0.4985,109,223,3,0.5046,0.4978,0.3333,0.7,0.6,0.6107,0.5867
Hynek Barton,279,279,1658.0,1597.6,1645.6,1500.0,142,83,59,0.5845,48,94,0,0.5625,0.5957,,0.5,0.5,0.6192,0.5659
Guido Ivan Justo,261,261,1657.2,1488.5,1659.1,1500.0,120,66,54,0.55,1,119,0,0.0,0.5546,,0.6,0.6,0.618,0.5565
Genaro Alberto Olivieri,198,131,1655.7,1525.2,1646.0,1464.9,317,159,158,0.5016,32,282,3,0.5312,0.5035,0.0,0.5,0.45,0.6121,0.5867
Johannus Monday,236,212,1655.2,1627.3,1500.0,1462.8,80,40,40,0.5,66,0,14,0.5303,,0.3571,0.6,0.65,0.611,0.5259
Dane Sweeny,134,131,1655.1,1630.0,1452.9,1450.7,176,84,92,0.4773,160,12,4,0.5062,0.25,0.0,0.2,0.6,0.5995,0.5569
Mili Poljicak,313,257,1654.4,1426.4,1636.2,1486.6,92,42,50,0.4565,14,77,1,0.1429,0.5195,0.0,0.8,0.65,0.6187,0.5417
Guy Den Ouden,193,151,1651.9,1442.3,1692.2,1487.3,101,57,44,0.5644,23,77,1,0.3043,0.6494,0.0,0.1,0.4,0.6141,0.5433
Henri Squire,252,173,1650.7,1617.5,1661.3,1485.2,260,136,124,0.5231,107,146,7,0.5421,0.5137,0.4286,0.2,0.45,0.6131,0.5825
Cedrik Marcel Stebe,320,90,1650.5,1621.9,1648.2,1471.4,247,148,99,0.5992,109,133,5,0.5963,0.6165,0.2,0.5,0.5,0.5957,0.5646
Moez Echargui,144,134,1649.6,1604.7,1550.0,1500.0,207,95,112,0.4589,93,114,0,0.4624,0.4561,,0.3,0.35,0.6136,0.5759
Juan Bautista Torres,324,230,1649.4,1482.3,1644.7,1500.0,246,134,112,0.5447,6,240,0,0.3333,0.55,,0.5,0.55,0.618,0.5856
Max Houkes,233,233,1648.7,1458.4,1635.1,1487.6,126,61,65,0.4841,7,118,1,0.1429,0.5085,0.0,0.6,0.5,0.6171,0.5582
Felipe Meligeni Alves,324,123,1648.5,1484.6,1657.6,1529.9,328,181,147,0.5518,38,280,10,0.3421,0.5786,0.6,0.3,0.35,0.5937,0.5698
Petr Brunclik,313,288,1648.1,1615.6,1541.6,1500.0,57,34,23,0.5965,37,20,0,0.6486,0.5,,0.5,0.65,0.62,0.5077
Santiago Giraldo,276,59,1647.4,1623.2,1616.1,1466.4,143,83,60,0.5804,64,76,3,0.5781,0.6053,0.0,0.6,0.55,0.5822,0.5324
Mika Brunold,383,289,1647.2,1628.1,1586.3,1500.0,100,53,47,0.53,46,54,0,0.587,0.4815,,0.6,0.55,0.6128,0.5416
Leonardo Mayer,236,49,1646.7,1568.5,1622.0,1475.2,99,57,42,0.5758,16,81,2,0.625,0.5802,0.0,0.4,0.45,0.5873,0.5185
Christopher Eubanks,193,34,1644.6,1619.9,1487.6,1516.2,334,195,139,0.5838,290,18,26,0.6069,0.3333,0.5,0.3,0.3,0.5855,0.5624
Ilya Ivashka,631,49,1644.4,1603.5,1645.2,1525.3,283,168,115,0.5936,214,50,19,0.6028,0.58,0.5263,0.4,0.45,0.5818,0.555
Franco Agamenone,277,109,1643.9,1472.1,1627.3,1450.8,298,149,149,0.5,37,257,4,0.4054,0.5214,0.0,0.5,0.45,0.6107,0.5839
Jared Donaldson,197,48,1643.8,1626.0,1582.2,1500.8,134,81,53,0.6045,90,38,6,0.6111,0.6053,0.5,0.3,0.45,0.5725,0.5207
Mario Vilella Martinez,264,158,1642.5,1569.3,1641.0,1470.5,206,110,96,0.534,47,154,5,0.4681,0.5649,0.2,0.3,0.45,0.5973,0.5604
Calvin Hemery,354,119,1641.9,1586.7,1645.6,1476.5,464,246,218,0.5302,197,261,6,0.4721,0.5785,0.3333,0.6,0.55,0.6029,0.5855
Denis Kudla,223,53,1641.6,1637.1,1551.3,1607.7,434,268,166,0.6175,300,65,69,0.6233,0.5231,0.6812,0.4,0.4,0.5807,0.5629
Pablo Andujar,1093,51,1641.0,1490.6,1682.6,1500.0,124,76,48,0.6129,25,99,0,0.32,0.6869,,0.2,0.4,0.5987,0.5408
Ivan Dodig,402,76,1640.8,1634.9,1468.2,1538.5,76,49,27,0.6447,62,5,9,0.6774,0.2,0.6667,0.3,0.45,0.5647,0.4828
Daniel Rincon,277,186,1640.7,1637.7,1572.1,1428.0,203,101,102,0.4975,61,136,6,0.4918,0.5221,0.0,0.5,0.4,0.6082,0.5701
Mate Valkusz,634,204,1640.3,1556.0,1623.5,1488.1,132,76,56,0.5758,37,94,1,0.4595,0.6277,0.0,0.5,0.45,0.6091,0.5532
Tristan Boyer,218,111,1639.9,1615.3,1633.5,1479.1,166,88,78,0.5301,75,85,6,0.52,0.5529,0.3333,0.4,0.35,0.5969,0.5521
Bjorn Fratangelo,636,99,1639.4,1612.1,1651.1,1527.5,376,231,145,0.6144,233,111,32,0.5966,0.6667,0.5625,0.5,0.45,0.5871,0.5664
Alexander Zverev,78,74,1639.2,1592.8,1568.8,1500.0,35,24,11,0.6857,20,15,0,0.7,0.6667,,0.7,0.75,0.5514,0.411
Hamish Stewart,391,340,1638.8,1607.4,1500.0,1508.5,50,30,20,0.6,40,0,10,0.625,,0.5,0.7,0.65,0.6128,0.4906
Matias Soto,304,242,1637.5,1458.5,1649.7,1500.0,135,67,68,0.4963,33,102,0,0.3939,0.5294,,0.7,0.6,0.6173,0.5618
Paul Henri Mathieu,265,65,1637.4,1588.7,1609.6,1528.0,106,65,41,0.6132,53,42,11,0.566,0.6667,0.6364,0.4,0.5,0.5657,0.5031
Stefan Kozlov,256,103,1636.8,1618.9,1609.8,1461.4,434,238,196,0.5484,319,93,22,0.5611,0.5484,0.3636,0.4,0.5,0.5995,0.5811
Attila Balazs,747,76,1636.3,1549.9,1586.7,1502.2,131,69,62,0.5267,17,108,6,0.4706,0.537,0.5,0.4,0.5,0.5962,0.5411
Franco Roncadelli,273,273,1635.7,1500.0,1618.1,1500.0,99,49,50,0.4949,0,99,0,,0.4949,,0.6,0.6,0.62,0.5474
Gijs Brouwer,1216,114,1635.5,1607.8,1540.9,1545.2,220,115,105,0.5227,150,43,27,0.52,0.4884,0.5926,0.3,0.5,0.596,0.5613
Pedro Cachin,451,55,1634.5,1498.2,1638.1,1466.3,359,189,170,0.5265,46,308,5,0.3696,0.5552,0.2,0.4,0.45,0.6056,0.5833
Justin Engel,186,180,1634.3,1616.5,1484.3,1504.5,84,38,46,0.4524,52,30,2,0.5192,0.3333,0.5,0.3,0.4,0.6143,0.532
Facundo Mena,297,127,1633.4,1520.3,1619.6,1486.8,396,198,198,0.5,68,325,3,0.4412,0.5138,0.3333,0.5,0.5,0.6097,0.5892
Joao Sousa,278,43,1633.0,1632.6,1546.4,1501.9,143,75,68,0.5245,91,44,8,0.5714,0.4318,0.5,0.6,0.6,0.5638,0.5156
Yasutaka Uchiyama,298,78,1632.8,1605.6,1460.0,1474.8,488,256,232,0.5246,439,27,22,0.5421,0.3333,0.4091,0.5,0.6,0.5989,0.5824
Jay Dylan Hara Friend,489,479,1632.5,1625.1,1494.2,1500.0,20,13,7,0.65,19,1,0,0.6842,0.0,,0.6,0.65,0.62,0.4002
Mitchell Krueger,278,135,1632.4,1606.8,1598.6,1472.1,571,281,290,0.4921,433,115,23,0.5058,0.4609,0.3913,0.3,0.4,0.592,0.578
Yuta Shimizu,390,191,1632.4,1607.5,1476.8,1488.0,239,127,112,0.5314,233,5,1,0.5408,0.2,0.0,0.6,0.55,0.613,0.5799
Riccardo Bonadio,436,164,1631.6,1513.1,1633.6,1486.4,338,164,174,0.4852,48,287,3,0.4792,0.4878,0.3333,0.6,0.6,0.6118,0.588
Jo-Wilfried Tsonga,265,39,1630.5,1614.1,1505.7,1500.0,18,12,6,0.6667,14,4,0,0.7143,0.5,,0.6,0.6667,0.6067,0.3795
Dhakshineswar Suresh,521,521,1630.1,1620.1,1500.0,1500.0,28,17,11,0.6071,28,0,0,0.6071,,,0.7,0.7,0.6029,0.4263
Matthew Ebden,649,39,1629.9,1569.1,1496.1,1689.1,214,134,80,0.6262,159,8,47,0.5912,0.375,0.7872,0.4,0.4,0.5807,0.5461
Alexandr Dolgopolov,41,41,1629.6,1603.9,1516.8,1500.0,13,11,2,0.8462,8,5,0,1.0,0.6,,0.8,0.8462,0.5,0.2815
Billy Harris,153,102,1629.5,1618.8,1493.8,1555.8,266,142,124,0.5338,182,53,31,0.5769,0.3585,0.5806,0.3,0.3,0.5929,0.564
Charles Broom,249,235,1629.0,1597.0,1480.5,1518.2,141,65,76,0.461,107,2,32,0.4579,0.0,0.5,0.6,0.65,0.614,0.5609
Mats Rosenkranz,298,259,1628.8,1600.7,1471.4,1465.4,203,95,108,0.468,139,57,7,0.5108,0.386,0.2857,0.6,0.65,0.6165,0.5779
Jurgen Melzer,420,77,1628.7,1693.6,1520.2,1496.8,90,51,39,0.5667,46,31,13,0.6957,0.4194,0.4615,0.4,0.45,0.5653,0.4937
Alex Kuznetsov,290,173,1628.7,1617.4,1463.5,1513.6,63,36,27,0.5714,57,3,3,0.5965,0.0,0.6667,0.8,0.75,0.5857,0.4873
Ernests Gulbis,314,59,1627.9,1590.1,1589.9,1541.3,192,97,95,0.5052,100,82,10,0.51,0.4756,0.7,0.4,0.55,0.5675,0.5302
Dimitar Kuzmanov,310,159,1627.2,1602.7,1597.7,1490.9,411,222,189,0.5401,143,263,5,0.5245,0.5513,0.4,0.4,0.5,0.6098,0.59
Rogerio Dutra Silva,199,68,1627.2,1625.0,1610.3,1500.2,261,169,92,0.6475,26,233,2,0.6154,0.6524,0.5,0.4,0.4,0.597,0.5674
Kevin Anderson,658,20,1626.7,1572.4,1523.9,1518.4,23,14,9,0.6087,14,2,7,0.5714,1.0,0.5714,0.5,0.55,0.5209,0.3498
Stuart Parker,384,349,1626.0,1617.9,1500.0,1404.1,94,51,43,0.5426,80,0,14,0.6125,,0.1429,0.6,0.55,0.6136,0.5386
Sergiy Stakhovsky,219,50,1625.3,1612.8,1555.1,1603.5,310,170,140,0.5484,222,51,37,0.5315,0.5098,0.7027,0.5,0.5,0.5809,0.5563
Nicolas Mahut,238,54,1625.3,1605.4,1467.8,1523.0,98,56,42,0.5714,80,8,10,0.6,0.25,0.6,0.4,0.45,0.5331,0.4701
Hernan Casanova,404,221,1625.2,1477.4,1620.3,1487.7,245,113,132,0.4612,9,235,1,0.3333,0.4681,0.0,0.5,0.55,0.6107,0.5785
Guido Andreozzi,797,77,1624.6,1595.3,1626.6,1454.6,394,224,170,0.5685,72,316,6,0.5139,0.5886,0.1667,0.6,0.45,0.5993,0.5791
Lucas Poullain,421,244,1624.6,1586.1,1551.2,1500.0,113,58,55,0.5133,102,11,0,0.5,0.6364,,0.6,0.6,0.62,0.555
Cezar Cretu,378,293,1624.6,1460.6,1618.8,1500.0,83,44,39,0.5301,4,79,0,0.0,0.557,,0.6,0.6,0.6171,0.5336
Trevor Svajda,396,382,1623.9,1605.8,1500.0,1500.0,37,19,18,0.5135,37,0,0,0.5135,,,0.5,0.6,0.6038,0.4555
Taro Daniel,337,71,1623.2,1633.2,1563.8,1551.5,472,298,174,0.6314,257,201,14,0.6381,0.6219,0.6429,0.7,0.45,0.5755,0.5592
Yi Zhou,220,220,1623.2,1602.4,1500.0,1500.0,80,37,43,0.4625,80,0,0,0.4625,,,0.4,0.5,0.614,0.5284
Federico Agustin Gomez,187,133,1622.0,1570.0,1594.4,1501.7,183,105,78,0.5738,54,127,2,0.5185,0.5984,0.5,0.2,0.55,0.6016,0.5603
Andrej Martin,453,95,1621.9,1412.3,1605.1,1442.3,447,244,203,0.5459,34,403,10,0.2353,0.5806,0.2,0.7,0.55,0.6028,0.5848
Gabriel Debru,249,249,1621.8,1466.6,1632.3,1500.0,108,55,53,0.5093,39,69,0,0.4103,0.5652,,0.4,0.5,0.6144,0.5476
Marinko Matosevic,333,74,1621.2,1613.8,1500.0,1487.6,151,91,60,0.6026,144,0,7,0.6111,,0.4286,0.4,0.65,0.6081,0.5585
Toby Alex Kodat,429,311,1621.1,1519.1,1600.3,1500.0,106,53,53,0.5,35,71,0,0.4286,0.5352,,0.6,0.65,0.6177,0.5494
Florian Mayer,185,50,1620.8,1576.1,1572.0,1523.6,58,35,23,0.6034,17,39,2,0.6471,0.5641,1.0,0.3,0.5,0.5848,0.4803
Beibit Zhukayev,300,171,1620.7,1561.6,1492.8,1555.7,239,118,121,0.4937,188,31,20,0.5,0.3871,0.6,0.5,0.45,0.6014,0.569
Jan Satral,378,140,1620.5,1502.4,1605.5,1487.9,198,104,94,0.5253,59,136,3,0.4576,0.5588,0.3333,0.5,0.55,0.6048,0.5661
Jakub Paul,506,288,1620.4,1568.9,1613.2,1500.0,151,80,71,0.5298,80,71,0,0.55,0.507,,0.3,0.45,0.6136,0.5636
Sascha Gueymard Wayenburg,262,195,1620.2,1575.2,1533.1,1472.4,127,53,74,0.4173,83,40,4,0.4337,0.4,0.25,0.5,0.45,0.6068,0.5492
Inaki Montes De La Torre,369,345,1619.9,1641.3,1523.9,1500.0,101,60,41,0.5941,72,29,0,0.6111,0.5517,,0.5,0.55,0.6164,0.5454
Andrea Collarini,233,177,1619.4,1409.3,1617.3,1457.1,535,262,273,0.4897,33,496,6,0.2121,0.5121,0.1667,0.3,0.5,0.6052,0.59
Maxim Mrva,307,271,1619.3,1605.3,1527.1,1500.0,63,32,31,0.5079,26,37,0,0.5769,0.4595,,0.5,0.5,0.62,0.5159
Gerald Melzer,638,72,1619.2,1572.3,1609.3,1499.4,304,183,121,0.602,31,263,10,0.5806,0.6084,0.5,0.5,0.55,0.6018,0.5759
Dennis Novak,463,85,1619.1,1620.5,1630.4,1628.1,401,231,170,0.5761,178,193,30,0.6067,0.5181,0.7667,0.5,0.55,0.5976,0.5777
Gregoire Barrere,435,56,1618.6,1626.7,1601.2,1556.0,407,230,177,0.5651,283,99,25,0.583,0.4949,0.64,0.3,0.3,0.5902,0.5709
Enzo Couacaud,543,151,1618.1,1614.0,1612.8,1542.3,383,211,172,0.5509,225,140,18,0.5733,0.5071,0.6111,0.5,0.4,0.5974,0.5767
Zhe Li,1939,194,1618.1,1608.4,1435.1,1470.8,240,116,124,0.4833,218,13,9,0.5046,0.2308,0.3333,0.6,0.65,0.612,0.5791
Arthur Bouquier,414,192,1617.0,1604.6,1492.7,1479.6,66,34,32,0.5152,57,6,3,0.5439,0.3333,0.3333,0.4,0.35,0.6091,0.5104
Lorenzo Giustino,207,128,1616.6,1580.2,1518.2,1454.1,545,242,303,0.444,187,354,4,0.4278,0.4576,0.0,0.5,0.45,0.6039,0.589
Keegan Smith,302,301,1616.2,1592.6,1461.2,1500.0,172,91,81,0.5291,164,8,0,0.5366,0.375,,0.3,0.5,0.6179,0.573
Jacopo Vasami,555,523,1615.7,1458.6,1618.9,1500.0,32,17,15,0.5312,5,27,0,0.2,0.5926,,0.7,0.5,0.6162,0.45
Michael Berrer,154,108,1615.5,1638.0,1488.9,1527.7,91,59,32,0.6484,69,11,11,0.6812,0.4545,0.6364,0.7,0.5,0.5462,0.4776
Dali Blanch,346,346,1615.4,1449.8,1651.5,1500.0,83,46,37,0.5542,27,56,0,0.3704,0.6429,,0.7,0.6,0.62,0.5361
Hady Habib,249,159,1614.4,1534.4,1632.7,1489.5,147,73,74,0.4966,64,80,3,0.4531,0.5375,0.3333,0.3,0.35,0.6102,0.5593
Juan Pablo Ficovich,195,126,1613.5,1580.1,1589.7,1483.2,415,207,208,0.4988,114,293,8,0.4561,0.5188,0.375,0.7,0.5,0.607,0.5875
Hayato Matsuoka,366,366,1613.5,1595.7,1500.0,1500.0,53,29,24,0.5472,53,0,0,0.5472,,,0.5,0.6,0.62,0.5015
Tibo Colson,500,412,1613.2,1532.9,1569.1,1500.0,63,33,30,0.5238,38,25,0,0.4737,0.6,,0.7,0.7,0.6162,0.5127
Marek Gengel,336,229,1612.5,1592.7,1320.4,1479.4,178,71,107,0.3989,136,40,2,0.4632,0.2,0.0,0.7,0.7,0.6133,0.5701
Enrico Dalla Valle,481,242,1612.4,1521.2,1598.9,1500.0,197,93,104,0.4721,57,140,0,0.4386,0.4857,,0.5,0.6,0.6188,0.579
Oleg Prihodko,361,309,1612.3,1591.2,1546.2,1500.0,134,65,69,0.4851,33,101,0,0.5455,0.4653,,0.6,0.55,0.6191,0.5631
Benjamin Becker,230,40,1611.9,1635.6,1505.3,1496.9,74,46,28,0.6216,59,5,10,0.661,0.4,0.5,0.4,0.4,0.5714,0.4867
Duje Ajdukovic,287,106,1611.8,1608.7,1600.8,1418.2,306,164,142,0.5359,104,191,11,0.5288,0.5602,0.1818,0.5,0.45,0.6078,0.5818
Lilian Marmousez,314,314,1611.6,1508.2,1608.3,1500.0,42,24,18,0.5714,16,26,0,0.4375,0.6538,,0.7,0.55,0.62,0.4802
Sergey Fomin,359,328,1611.4,1516.8,1587.7,1500.0,110,51,59,0.4636,68,42,0,0.3971,0.5714,,0.8,0.6,0.62,0.5535
Sam Groth,283,68,1609.4,1524.8,1514.4,1631.6,90,50,40,0.5556,53,11,26,0.4717,0.4545,0.7692,0.2,0.5,0.596,0.5205
Andre Ilagan,342,339,1609.3,1589.2,1500.0,1500.0,115,62,53,0.5391,115,0,0,0.5391,,,0.5,0.5,0.62,0.556
Feliciano Lopez,630,56,1608.8,1609.7,1466.7,1511.8,43,21,22,0.4884,32,4,7,0.5312,0.0,0.5714,0.2,0.4,0.5586,0.4347
Karue Sell,280,260,1607.7,1568.4,1604.6,1500.0,87,50,37,0.5747,54,33,0,0.537,0.6364,,0.4,0.35,0.6131,0.5333
Alibek Kachmazov,453,161,1607.5,1608.6,1509.8,1470.6,193,104,89,0.5389,168,23,2,0.5595,0.4348,0.0,0.1,0.35,0.6082,0.5684
Dan Added,216,199,1607.4,1580.7,1456.4,1500.0,185,84,101,0.4541,147,38,0,0.483,0.3421,,0.2,0.4,0.6161,0.5742
Tim Van Rijthoven,105,101,1607.3,1611.8,1463.8,1473.7,171,92,79,0.538,135,34,2,0.5778,0.4118,0.0,0.2,0.35,0.6046,0.5604
Thomas Fabbiano,237,72,1607.1,1625.9,1538.2,1532.3,341,190,151,0.5572,221,85,35,0.5882,0.4706,0.5714,0.3,0.45,0.5728,0.5507
Blake Ellis,531,300,1606.8,1590.5,1507.3,1498.9,151,70,81,0.4636,147,2,2,0.4626,0.5,0.5,0.5,0.6,0.6128,0.5629
Peter Gojowczyk,371,60,1606.3,1604.5,1478.9,1544.3,280,157,123,0.5607,215,37,28,0.5953,0.3514,0.5714,0.5,0.55,0.5724,0.5458
George Loffhagen,247,200,1606.3,1592.3,1470.8,1498.6,54,27,27,0.5,37,3,14,0.5676,0.0,0.4286,0.2,0.4,0.5978,0.4851
Jack Kennedy,582,582,1605.9,1491.0,1577.2,1500.0,17,9,8,0.5294,7,10,0,0.2857,0.7,,0.7,0.5294,0.6059,0.3724
Petr Bar Biryukov,343,273,1605.7,1590.2,1508.5,1500.0,80,43,37,0.5375,76,4,0,0.5395,0.5,,0.5,0.55,0.62,0.5336
Nicola Kuhn,311,174,1605.1,1550.3,1556.0,1537.6,225,109,116,0.4844,108,110,7,0.4815,0.4727,0.7143,0.5,0.5,0.6077,0.5731
Daniel Masur,371,176,1604.7,1596.0,1524.0,1492.4,460,232,228,0.5043,268,171,21,0.5149,0.4971,0.4286,0.5,0.5,0.6043,0.5868
Liam Caruana,428,376,1603.8,1595.6,1495.3,1500.0,62,33,29,0.5323,42,20,0,0.5714,0.45,,0.6,0.6,0.6142,0.5098
Marc Polmans,353,116,1602.5,1591.8,1509.3,1474.2,415,204,211,0.4916,289,94,32,0.5121,0.4468,0.4375,0.5,0.5,0.5943,0.5752
Andrey Kuznetsov,1420,53,1602.4,1580.4,1628.4,1493.0,141,86,55,0.6099,68,62,11,0.5735,0.6774,0.4545,0.2,0.4,0.5834,0.5329
Tyler Zink,299,278,1602.3,1546.7,1530.3,1503.3,77,36,41,0.4675,58,17,2,0.4483,0.5294,0.5,0.7,0.55,0.6138,0.5256
Filip Cristian Jianu,272,210,1601.7,1464.3,1587.8,1476.3,267,120,147,0.4494,60,205,2,0.3667,0.478,0.0,0.5,0.5,0.6137,0.5839
Carlos Gimeno Valero,1626,264,1600.4,1531.5,1581.9,1500.0,75,43,32,0.5733,6,69,0,0.6667,0.5652,,0.4,0.5,0.6136,0.5236
Goncalo Oliveira,245,194,1599.8,1526.4,1542.7,1475.0,332,126,206,0.3795,139,189,4,0.3525,0.4021,0.25,0.6,0.6,0.6128,0.5885
Eduardo Ribeiro,384,316,1599.2,1477.1,1595.4,1500.0,103,45,58,0.4369,8,95,0,0.375,0.4421,,0.6,0.55,0.6165,0.5467
Gilles Arnaud Bailly,208,201,1598.7,1514.1,1564.2,1500.0,48,22,26,0.4583,22,26,0,0.4091,0.5,,0.4,0.45,0.5975,0.4748
Oliver Crawford,223,184,1598.2,1562.4,1521.5,1532.2,146,71,75,0.4863,82,52,12,0.4756,0.4808,0.5833,0.4,0.4,0.611,0.5596
Ryan Peniston,231,135,1597.8,1568.4,1495.7,1477.4,255,129,126,0.5059,189,31,35,0.5238,0.4839,0.4286,0.3,0.45,0.6096,0.5787
Julian Lenz,439,233,1597.8,1589.3,1504.2,1500.9,177,81,96,0.4576,85,90,2,0.4824,0.4333,0.5,0.6,0.55,0.6112,0.5679
Jozef Kovalik,525,83,1597.6,1509.6,1619.7,1450.1,523,287,236,0.5488,111,399,13,0.3784,0.604,0.3077,0.6,0.45,0.584,0.5689
Ricardas Berankis,410,50,1597.6,1571.3,1620.0,1602.9,356,226,130,0.6348,299,42,15,0.6288,0.619,0.8,0.5,0.5,0.5971,0.5749
Juan Ignacio Londero,840,51,1597.5,1451.0,1623.2,1491.4,328,187,141,0.5701,37,288,3,0.3784,0.5972,0.3333,0.3,0.5,0.5999,0.5758
Carlos Lopez Montagud,551,337,1596.6,1485.3,1590.5,1500.0,64,32,32,0.5,1,63,0,0.0,0.5079,,0.6,0.6,0.62,0.5171
Norbert Gombos,339,81,1596.5,1554.1,1627.3,1510.4,573,325,248,0.5672,313,243,17,0.5751,0.5597,0.5294,0.3,0.4,0.5924,0.5784
James Trotter,327,170,1596.3,1563.7,1483.7,1510.1,177,100,77,0.565,158,11,8,0.5823,0.3636,0.5,0.3,0.4,0.6071,0.5641
Andres Santamarta Roig,674,672,1596.3,1500.0,1584.2,1500.0,22,14,8,0.6364,0,22,0,,0.6364,,0.6,0.65,0.62,0.4113
Martin Krumich,320,309,1595.9,1540.8,1562.6,1500.0,120,55,65,0.4583,24,96,0,0.5,0.4479,,0.4,0.5,0.619,0.5574
Enrique Lopez Perez,184,154,1595.8,1585.7,1551.1,1476.4,214,100,114,0.4673,103,105,6,0.466,0.4762,0.3333,0.3,0.5,0.6015,0.5656
Miguel Damas,271,271,1595.8,1432.7,1589.4,1500.0,136,60,76,0.4412,37,99,0,0.3243,0.4848,,0.5,0.5,0.6191,0.5638
Guillermo Olaso,361,361,1595.8,1609.7,1492.1,1500.0,30,19,11,0.6333,23,7,0,0.6957,0.4286,,0.6,0.65,0.62,0.4459
Matheus Pucinelli De Almeida,297,193,1595.0,1459.1,1600.5,1486.8,244,125,119,0.5123,10,231,3,0.2,0.5281,0.3333,0.4,0.35,0.6141,0.5816
Alexey Vatutin,413,136,1594.5,1531.3,1591.6,1478.2,490,230,260,0.4694,249,237,4,0.4659,0.4768,0.25,0.5,0.5,0.6029,0.5863
Gonzalo Villanueva,372,268,1594.5,1440.1,1592.8,1500.0,346,168,178,0.4855,29,317,0,0.3793,0.4953,,0.4,0.4,0.619,0.5953
Carl Emil Overbeck,423,423,1594.4,1582.9,1500.0,1500.0,30,19,11,0.6333,30,0,0,0.6333,,,0.6,0.65,0.62,0.4459
Carlos Sanchez Jover,367,263,1594.3,1469.3,1578.4,1500.0,165,82,83,0.497,14,151,0,0.3571,0.5099,,0.5,0.55,0.6193,0.5726
Frank Dancevic,288,139,1594.2,1588.0,1517.4,1514.4,119,62,57,0.521,82,26,11,0.5366,0.4615,0.5455,0.4,0.45,0.5827,0.5243
Sergio Callejon Hernando,512,512,1594.1,1534.8,1551.5,1500.0,22,13,9,0.5909,17,5,0,0.5294,0.8,,0.6,0.6,0.62,0.4113
Fernando Verdasco,380,58,1593.6,1617.8,1489.2,1484.0,88,43,45,0.4886,53,28,7,0.566,0.3571,0.4286,0.2,0.35,0.5873,0.5115
Max Basing,413,413,1592.9,1585.5,1500.0,1500.0,20,14,6,0.7,20,0,0,0.7,,,0.6,0.7,0.62,0.4002
Paul Jubb,280,180,1592.8,1577.7,1505.6,1545.5,161,86,75,0.5342,109,22,30,0.5321,0.4545,0.6,0.5,0.5,0.6043,0.5578
Matteo Martineau,323,170,1592.4,1577.4,1505.3,1487.0,320,147,173,0.4594,167,146,7,0.479,0.4384,0.4286,0.4,0.4,0.6095,0.5845
Martin Klizan,417,30,1592.0,1537.8,1614.2,1487.6,167,97,70,0.5808,49,117,1,0.551,0.5983,0.0,0.6,0.4,0.5898,0.5458
Manas Dhamne,444,444,1591.8,1527.0,1539.0,1500.0,33,15,18,0.4545,15,18,0,0.4,0.5,,0.5,0.5,0.6091,0.448
Dustin Brown,295,65,1591.7,1526.7,1667.6,1580.0,205,116,89,0.5659,102,76,27,0.5,0.6053,0.7037,0.3,0.4,0.589,0.5525
Micah Braswell,905,425,1591.5,1573.7,1500.0,1500.0,43,25,18,0.5814,43,0,0,0.5814,,,0.5,0.55,0.62,0.4825
Jay Clarke,197,154,1590.5,1571.6,1570.1,1395.9,338,161,177,0.4763,200,106,32,0.5,0.4906,0.2812,0.4,0.4,0.6065,0.5828
Edouard Roger-Vasselin,289,118,1589.9,1572.4,1493.8,1545.8,63,38,25,0.6032,46,9,8,0.6087,0.4444,0.75,0.5,0.45,0.5457,0.4541
Daniel Brands,201,130,1589.8,1567.3,1491.6,1573.6,199,109,90,0.5477,111,63,25,0.5766,0.4603,0.64,0.4,0.4,0.579,0.5421
Blaz Rola,800,78,1589.3,1563.0,1587.1,1499.6,400,215,185,0.5375,177,213,10,0.5085,0.5634,0.5,0.4,0.45,0.6035,0.5834
David Ferrer,147,147,1588.8,1584.3,1500.0,1500.0,5,5,0,1.0,5,0,0,1.0,,,1.0,1.0,0.62,0.25
Noah Rubin,1302,125,1588.6,1575.2,1564.7,1538.5,225,124,101,0.5511,163,48,14,0.546,0.5417,0.6429,0.5,0.55,0.5901,0.5565
Giles Hussey,347,325,1588.0,1561.3,1500.0,1448.6,88,44,44,0.5,74,0,14,0.5405,,0.2857,0.5,0.5,0.6145,0.5353
Javier Barranco Cosano,373,215,1587.7,1562.7,1555.1,1500.0,257,122,135,0.4747,54,201,2,0.4815,0.4726,0.5,0.5,0.45,0.6163,0.5852
Niels Visker,541,514,1587.0,1580.7,1483.6,1500.0,45,25,20,0.5556,33,12,0,0.6061,0.4167,,0.6,0.65,0.6173,0.4847
Eliakim Coulibaly,275,263,1586.7,1582.4,1512.2,1500.0,85,45,40,0.5294,70,15,0,0.5286,0.5333,,0.5,0.45,0.62,0.5377
Juan Manuel La Serna,363,341,1586.5,1513.7,1581.5,1500.0,56,28,28,0.5,3,53,0,0.6667,0.4906,,0.5,0.55,0.6179,0.5045
Ze Zhang,357,157,1586.3,1612.6,1445.2,1455.1,208,111,97,0.5337,177,25,6,0.5706,0.36,0.1667,0.6,0.4,0.6102,0.5729
Filippo Volandri,263,175,1586.3,1500.0,1576.4,1500.0,86,47,39,0.5465,0,86,0,,0.5465,,0.4,0.45,0.5949,0.5167
Julian Reister,650,186,1586.2,1502.3,1580.6,1501.1,29,18,11,0.6207,4,21,4,0.5,0.6667,0.5,0.6,0.6,0.5703,0.4068
Johan Sebastien Tatlot,1160,236,1586.0,1555.0,1527.1,1500.0,86,42,44,0.4884,28,58,0,0.5357,0.4655,,0.5,0.45,0.6102,0.53
Radu Mihai Papoe,490,490,1585.7,1498.2,1591.7,1500.0,28,18,10,0.6429,6,22,0,0.5,0.6818,,0.6,0.65,0.62,0.4384
Bradley Klahn,706,76,1585.6,1595.1,1484.8,1458.4,198,108,90,0.5455,155,31,12,0.5935,0.3871,0.3333,0.3,0.25,0.5788,0.5417
Kasidit Samrej,416,346,1585.4,1556.4,1500.0,1500.0,86,40,46,0.4651,86,0,0,0.4651,,,0.5,0.5,0.62,0.5385
Michael Geerts,292,212,1583.7,1563.0,1502.3,1475.6,318,150,168,0.4717,196,120,2,0.5,0.4333,0.0,0.4,0.5,0.6155,0.59
Andrej Nedic,285,285,1583.3,1500.0,1568.8,1500.0,28,14,14,0.5,0,28,0,,0.5,,0.7,0.6,0.62,0.4384
David Jorda Sanchis,384,295,1583.2,1437.1,1638.5,1487.1,163,78,85,0.4785,55,107,1,0.3818,0.5327,0.0,0.5,0.45,0.6134,0.5666
Yann Marti,806,268,1582.4,1574.2,1531.9,1500.0,81,45,36,0.5556,45,36,0,0.5778,0.5278,,0.5,0.5,0.6007,0.5179
Garrett Johns,368,280,1581.6,1530.2,1559.9,1500.0,108,53,55,0.4907,65,43,0,0.4923,0.4884,,0.6,0.5,0.6156,0.5485
Altug Celikbilek,408,154,1581.5,1570.6,1491.8,1489.8,260,133,127,0.5115,222,25,13,0.527,0.4,0.4615,0.6,0.55,0.6015,0.5715
Mert Alkaya,349,349,1581.2,1574.7,1493.9,1500.0,24,14,10,0.5833,23,1,0,0.6087,0.0,,0.5,0.6,0.61,0.4144
Jiri Vesely,355,40,1581.0,1576.5,1536.2,1500.0,238,140,98,0.5882,119,103,16,0.6303,0.5534,0.5,0.4,0.45,0.6024,0.5698
Rajeev Ram,592,58,1580.9,1590.7,1483.5,1504.6,66,36,30,0.5455,52,4,10,0.5769,0.25,0.5,0.4,0.45,0.56,0.4692
Daniel Cox,459,263,1580.8,1553.7,1493.3,1488.7,75,37,38,0.4933,44,5,26,0.5227,0.4,0.4615,0.5,0.45,0.6024,0.514
Dylan Dietrich,1050,997,1580.6,1540.9,1541.0,1499.3,20,11,9,0.55,12,6,2,0.5,0.6667,0.5,0.6,0.55,0.62,0.4002
Nick Hardt,588,177,1580.4,1512.2,1574.9,1494.5,172,80,92,0.4651,49,120,3,0.449,0.475,0.3333,0.4,0.4,0.6088,0.5646
Filippo Romano,380,378,1579.4,1571.0,1488.2,1500.0,56,25,31,0.4464,17,39,0,0.5882,0.3846,,0.6,0.7,0.62,0.5062
Tiago Torres,592,592,1579.2,1534.6,1538.2,1500.0,22,12,10,0.5455,9,13,0,0.5556,0.5385,,0.5,0.55,0.62,0.4113
Joao Menezes,475,172,1579.1,1592.8,1544.1,1489.5,183,90,93,0.4918,71,109,3,0.5352,0.4679,0.3333,0.4,0.4,0.6023,0.5609
Di Wu,310,140,1579.0,1549.5,1515.3,1468.3,202,94,108,0.4653,164,33,5,0.4695,0.4848,0.2,0.4,0.6,0.6081,0.5699
Gilbert Soares Klier Junior,623,355,1578.8,1586.5,1494.4,1500.0,62,32,30,0.5161,19,43,0,0.6842,0.4419,,0.5,0.5,0.62,0.5146
Aziz Dougaz,551,185,1578.3,1554.3,1540.6,1468.4,201,87,114,0.4328,137,61,3,0.4599,0.3934,0.0,0.2,0.45,0.6033,0.5652
Ivan Gakhov,263,144,1577.9,1515.8,1533.6,1488.7,345,167,178,0.4841,77,267,1,0.3896,0.5131,0.0,0.3,0.45,0.6103,0.5869
Andrea Picchione,393,331,1577.2,1450.7,1587.8,1500.0,82,38,44,0.4634,13,69,0,0.3077,0.4928,,0.7,0.6,0.6185,0.534
Aidan Mayo,621,272,1577.0,1563.0,1493.9,1500.5,167,82,85,0.491,134,29,4,0.5075,0.4138,0.5,0.5,0.5,0.6114,0.5658
Moise Kouame,358,358,1577.0,1581.6,1465.0,1500.0,17,7,10,0.4118,12,5,0,0.5833,0.0,,0.5,0.4118,0.5847,0.3594
Adrian Ungur,678,151,1576.6,1471.7,1580.8,1477.6,106,56,50,0.5283,10,94,2,0.3,0.5638,0.0,0.4,0.5,0.5985,0.5323
Gonzales Austin,644,596,1576.4,1578.0,1500.0,1500.0,17,12,5,0.7059,17,0,0,0.7059,,,0.7,0.7059,0.62,0.3811
Raymond Sarmiento,961,287,1576.1,1565.9,1500.0,1500.0,86,46,40,0.5349,86,0,0,0.5349,,,0.3,0.5,0.6102,0.53
Robin Haase,1207,42,1575.9,1563.0,1554.0,1493.3,194,108,86,0.5567,71,116,7,0.5352,0.5776,0.4286,0.3,0.35,0.5891,0.5507
Gael Monfils,322,42,1575.8,1577.9,1494.9,1500.0,9,6,3,0.6667,6,3,0,0.8333,0.3333,,0.6667,0.6667,0.62,0.3058
Daniel Michalski,287,244,1575.6,1559.2,1518.5,1500.0,186,90,96,0.4839,36,150,0,0.5,0.48,,0.3,0.5,0.6181,0.5762
Geoffrey Blancaneaux,347,135,1575.4,1555.1,1567.3,1444.2,437,191,246,0.4371,192,238,7,0.4219,0.458,0.1429,0.4,0.35,0.6035,0.5851
Stefan Palosi,405,400,1575.0,1484.8,1580.0,1500.0,62,34,28,0.5484,1,61,0,0.0,0.5574,,0.5,0.6,0.62,0.5146
Max Alcala Gurri,359,359,1574.9,1475.1,1579.5,1500.0,68,34,34,0.5,2,66,0,0.0,0.5152,,0.5,0.5,0.6094,0.5129
Guilherme Clezar,431,153,1574.7,1510.0,1578.6,1466.1,316,161,155,0.5095,64,249,3,0.4219,0.5382,0.0,0.1,0.35,0.6014,0.5764
Federico Arnaboldi,441,183,1574.2,1457.1,1558.6,1488.0,151,67,84,0.4437,38,112,1,0.3158,0.4911,0.0,0.5,0.45,0.6136,0.5636
Jakub Nicod,606,283,1574.2,1487.9,1562.9,1500.0,47,25,22,0.5319,4,43,0,0.25,0.5581,,0.4,0.45,0.62,0.4908
Alfredo Perez,321,315,1574.1,1531.8,1567.7,1500.0,101,55,46,0.5446,91,10,0,0.5275,0.7,,0.4,0.45,0.6188,0.5476
Petr Nesterov,477,410,1574.1,1549.6,1514.0,1500.0,44,23,21,0.5227,18,26,0,0.5556,0.5,,0.6,0.55,0.6145,0.4804
Lukas Pokorny,522,383,1573.3,1591.0,1452.9,1500.0,70,33,37,0.4714,46,24,0,0.5435,0.3333,,0.4,0.45,0.6183,0.5225
Murkel Alejandro Dellien Velasco,289,168,1572.7,1485.7,1572.9,1475.4,222,113,109,0.509,4,216,2,0.25,0.5185,0.0,0.4,0.45,0.6146,0.5792
Alex Martinez,314,305,1572.2,1495.1,1582.0,1500.0,51,29,22,0.5686,25,26,0,0.52,0.6154,,0.6,0.55,0.62,0.4982
Valerio Aboian,534,378,1572.0,1473.0,1580.0,1500.0,119,59,60,0.4958,2,117,0,0.0,0.5043,,0.5,0.55,0.62,0.5578
Tom Paris,376,260,1572.0,1537.3,1529.3,1500.0,64,31,33,0.4844,42,22,0,0.4524,0.5455,,0.3,0.4,0.6144,0.5124
Alexandar Lazarov,284,275,1571.8,1584.6,1516.0,1500.0,76,39,37,0.5132,29,47,0,0.5517,0.4894,,0.3,0.4,0.6058,0.5179
Gleb Sakharov,228,153,1571.5,1623.8,1419.1,1475.4,155,76,79,0.4903,93,60,2,0.6022,0.3333,0.0,0.4,0.4,0.6014,0.5535
Maxime Cressy,439,62,1571.1,1594.9,1463.6,1518.8,241,133,108,0.5519,196,28,17,0.5867,0.3214,0.5294,0.2,0.25,0.5837,0.5524
Cannon Kingsley,435,413,1570.9,1587.7,1490.1,1500.0,124,61,63,0.4919,102,22,0,0.5,0.4545,,0.4,0.5,0.6171,0.5574
Guillermo Garcia Lopez,282,67,1570.3,1577.4,1591.7,1491.5,130,78,52,0.6,41,86,3,0.5854,0.6163,0.3333,0.1,0.2,0.5831,0.5289
Gastao Elias,527,57,1570.1,1557.3,1563.5,1500.2,472,255,217,0.5403,113,355,4,0.4425,0.5718,0.5,0.3,0.3,0.6065,0.5893
Edward Winter,494,462,1569.9,1546.3,1500.0,1514.7,55,26,29,0.4727,52,0,3,0.4615,,0.6667,0.4,0.55,0.6004,0.4887
Abedallah Shelbayh,298,187,1569.7,1625.1,1449.6,1521.1,199,105,94,0.5276,136,55,8,0.5882,0.3636,0.625,0.2,0.4,0.6061,0.5675
Maximo Gonzalez,512,95,1569.6,1516.3,1571.3,1477.5,163,92,71,0.5644,23,136,4,0.4783,0.5882,0.25,0.6,0.45,0.5906,0.5456
Grega Zemlja,294,139,1569.6,1565.6,1525.1,1475.8,117,62,55,0.5299,76,27,14,0.5395,0.5556,0.4286,0.4,0.4,0.6015,0.5403
Jan Hernych,1592,176,1569.5,1578.8,1494.9,1531.8,52,30,22,0.5769,30,11,11,0.6,0.4545,0.6364,0.4,0.6,0.5623,0.4533
Andrew Paulson,581,302,1569.2,1537.2,1545.1,1500.0,114,53,61,0.4649,31,83,0,0.5161,0.4458,,0.4,0.4,0.62,0.5555
Ryan Harrison,646,46,1568.9,1574.3,1485.9,1481.6,174,99,75,0.569,139,22,13,0.6115,0.4091,0.3846,0.3,0.45,0.5752,0.5338
Andreas Beck,373,108,1568.8,1512.9,1557.9,1502.5,64,34,30,0.5312,26,34,4,0.5,0.5588,0.5,0.5,0.65,0.5937,0.4952
Federico Gaio,388,124,1568.6,1497.7,1599.7,1476.4,528,260,268,0.4924,181,333,14,0.4309,0.5315,0.3571,0.5,0.4,0.6011,0.5858
Alexander Sarkissian,533,159,1568.6,1552.1,1467.2,1451.1,219,105,114,0.4795,210,5,4,0.4952,0.2,0.0,0.6,0.55,0.6041,0.5688
Sandro Kopp,317,299,1567.7,1492.7,1562.3,1500.0,106,46,60,0.434,19,87,0,0.4737,0.4253,,0.5,0.4,0.6132,0.5454
Carlos Berlocq,274,65,1566.6,1540.5,1579.3,1490.9,204,129,75,0.6324,15,188,1,0.5333,0.6436,0.0,0.4,0.25,0.5935,0.5566
Albert Montanes,189,95,1566.2,1515.8,1581.1,1489.2,95,53,42,0.5579,16,78,1,0.5,0.5769,0.0,0.3,0.45,0.5846,0.5138
James Mcgee,242,146,1566.1,1562.3,1563.5,1524.3,142,78,64,0.5493,81,49,12,0.5185,0.5918,0.5833,0.3,0.4,0.593,0.5419
Mats Moraing,630,116,1565.9,1568.9,1568.9,1451.5,301,150,151,0.4983,165,119,17,0.5333,0.4706,0.3529,0.5,0.4,0.6041,0.5778
Kenta Miyoshi,617,535,1565.9,1546.3,1500.0,1500.0,32,17,15,0.5312,32,0,0,0.5312,,,0.4,0.45,0.6162,0.45
Hiroki Moriya,429,143,1565.8,1541.2,1417.8,1493.5,544,248,296,0.4559,499,12,33,0.4629,0.0833,0.4848,0.5,0.5,0.6061,0.5911
Christoph Negritu,391,263,1565.6,1554.8,1561.8,1500.0,128,66,62,0.5156,58,70,0,0.5345,0.5,,0.5,0.5,0.62,0.5616
Henry Searle,469,353,1565.5,1534.6,1493.7,1501.5,52,24,28,0.4615,34,3,15,0.4706,0.3333,0.4667,0.5,0.45,0.6062,0.4887
Oliver Tarvet,338,338,1565.4,1524.0,1500.0,1535.4,15,8,7,0.5333,12,0,3,0.4167,,1.0,0.4,0.5333,0.596,0.352
Lukas Rosol,395,40,1564.5,1568.6,1524.3,1550.1,339,179,160,0.528,154,160,25,0.5325,0.5125,0.6,0.2,0.3,0.5899,0.567
Sam Riffice,650,496,1564.3,1569.7,1491.9,1500.0,31,15,16,0.4839,28,3,0,0.5,0.3333,,0.6,0.55,0.6161,0.4466
Patrick Maloney,325,319,1563.9,1511.8,1564.3,1503.1,65,34,31,0.5231,49,14,2,0.4898,0.6429,0.5,0.3,0.45,0.6126,0.5122
Marvin Moeller,392,295,1563.6,1568.7,1541.4,1500.0,109,56,53,0.5138,44,65,0,0.5682,0.4769,,0.5,0.55,0.6156,0.5491
Grigor Dimitrov,137,26,1563.5,1500.0,1514.9,1525.8,5,4,1,0.8,0,3,2,,0.6667,1.0,0.8,0.8,0.524,0.25
Dudi Sela,797,68,1563.3,1565.2,1495.5,1585.4,173,112,61,0.6474,154,1,18,0.6429,0.0,0.7222,0.1,0.25,0.6068,0.563
Lucas Gerch,570,281,1562.8,1478.9,1590.6,1500.0,149,77,72,0.5168,49,100,0,0.4694,0.54,,0.6,0.6,0.6192,0.5681
James Ward,356,101,1562.1,1517.1,1440.9,1536.7,191,89,102,0.466,136,24,31,0.4779,0.3333,0.5161,0.3,0.45,0.5886,0.5497
Hyeon Chung,644,54,1562.1,1555.1,1586.3,1444.9,174,113,61,0.6494,148,19,7,0.6689,0.6842,0.1429,0.5,0.5,0.5979,0.5549
Tak Khunn Wang,522,306,1561.9,1553.5,1528.7,1500.0,101,56,45,0.5545,65,36,0,0.5846,0.5,,0.6,0.55,0.62,0.5486
Matthias Bachinger,725,108,1561.8,1612.1,1482.8,1525.4,322,176,146,0.5466,209,87,26,0.5933,0.4368,0.5385,0.4,0.4,0.585,0.5611
Christian Harrison,563,198,1561.7,1535.7,1580.7,1539.4,194,101,93,0.5206,149,34,11,0.4966,0.5882,0.6364,0.3,0.4,0.5971,0.5582
Luciano Emanuel Ambrogi,384,345,1561.4,1472.6,1569.5,1500.0,109,55,54,0.5046,4,105,0,0.25,0.5143,,0.5,0.5,0.62,0.553
Samir Banerjee,349,349,1561.4,1547.9,1500.0,1500.0,25,13,12,0.52,25,0,0,0.52,,,0.5,0.65,0.6104,0.4192
Yunseong Chung,954,237,1561.1,1547.7,1530.4,1510.7,236,125,111,0.5297,204,27,5,0.5196,0.5926,0.6,0.3,0.45,0.6169,0.5833
Dmitry Tursunov,574,490,1560.9,1560.5,1483.8,1500.0,18,10,8,0.5556,17,1,0,0.5882,0.0,,0.6,0.5556,0.6067,0.3795
Miguel Tobon,469,469,1559.5,1541.6,1510.4,1500.0,53,25,28,0.4717,17,36,0,0.5294,0.4444,,0.7,0.5,0.62,0.5015
Nicolas Kicker,344,82,1559.3,1517.3,1561.3,1471.6,377,208,169,0.5517,45,327,5,0.4667,0.5688,0.2,0.3,0.35,0.6028,0.5816
Florent Bax,265,265,1559.3,1557.4,1494.6,1500.0,63,31,32,0.4921,42,21,0,0.5,0.4762,,0.5,0.5,0.62,0.5159
Alejo Sanchez Quilez,483,483,1559.2,1509.2,1530.4,1500.0,39,19,20,0.4872,13,26,0,0.4615,0.5,,0.6,0.5,0.6169,0.4707
Giovanni Fonio,532,270,1559.0,1591.5,1569.8,1500.0,268,143,125,0.5336,71,197,0,0.5775,0.5178,,0.3,0.45,0.6191,0.5891
Daniel Nguyen,350,193,1558.8,1551.7,1484.6,1492.4,152,70,82,0.4605,137,8,7,0.4672,0.375,0.4286,0.5,0.55,0.6082,0.5589
Rudolf Molleker,431,147,1558.7,1477.4,1590.2,1486.5,323,150,173,0.4644,94,223,6,0.3511,0.5157,0.3333,0.6,0.45,0.6059,0.5812
Luca Vanni,530,100,1558.1,1588.2,1481.9,1454.2,285,152,133,0.5333,206,66,13,0.5777,0.4394,0.3077,0.3,0.4,0.5922,0.5651
Kacper Zuk,604,162,1557.9,1548.2,1566.1,1495.9,169,84,85,0.497,100,64,5,0.49,0.5156,0.4,0.4,0.4,0.6101,0.565
Antoine Escoffier,466,135,1557.8,1544.6,1420.1,1465.5,342,175,167,0.5117,300,33,9,0.5333,0.3636,0.3333,0.4,0.4,0.6112,0.5876
Laurent Lokoli,433,167,1557.7,1573.0,1468.1,1542.1,221,106,115,0.4796,152,60,9,0.5197,0.35,0.6667,0.3,0.5,0.6086,0.5734
Jarkko Nieminen,139,70,1557.4,1523.7,1518.3,1525.2,11,8,3,0.7273,4,5,2,0.75,0.6,1.0,0.7,0.7273,0.5436,0.2887
Joaquin  Aguilar Cardozo,551,551,1557.0,1500.0,1558.6,1500.0,30,15,15,0.5,0,30,0,,0.5,,0.5,0.6,0.62,0.4459
Sam Querrey,99,29,1557.0,1504.7,1493.6,1531.5,12,6,6,0.5,5,1,6,0.4,0.0,0.6667,0.6,0.5,0.51,0.2793
Branko Djuric,475,475,1556.8,1526.4,1531.5,1500.0,15,9,6,0.6,2,13,0,1.0,0.5385,,0.7,0.6,0.604,0.3567
Marvin Netuschil,435,307,1556.6,1517.5,1542.2,1500.0,21,12,9,0.5714,3,18,0,0.6667,0.5556,,0.6,0.55,0.62,0.4059
Ernesto Escobedo,446,72,1556.1,1557.8,1486.1,1489.1,366,202,164,0.5519,288,57,21,0.5764,0.4386,0.5238,0.4,0.45,0.5918,0.5704
Frederik Nielsen,484,259,1556.0,1541.5,1500.0,1505.8,139,77,62,0.554,127,0,12,0.5591,,0.5,0.3,0.4,0.6157,0.5617
Nicolas Almagro,845,44,1555.9,1513.0,1559.2,1500.0,37,22,15,0.5946,9,28,0,0.5556,0.6071,,0.2,0.45,0.5941,0.4482
Facundo Arguello,353,118,1555.7,1473.1,1546.6,1476.5,224,116,108,0.5179,15,205,4,0.3333,0.5366,0.25,0.3,0.4,0.6034,0.5689
Vincent Millot,342,137,1555.4,1556.6,1485.1,1562.0,195,104,91,0.5333,145,34,16,0.5448,0.4118,0.6875,0.4,0.5,0.5794,0.5418
Francesco Forti,600,312,1555.2,1529.4,1531.1,1500.0,165,80,85,0.4848,38,127,0,0.4737,0.4882,,0.5,0.4,0.6178,0.5712
Oleksii Krutykh,798,162,1555.1,1589.7,1528.6,1488.3,191,103,88,0.5393,53,135,3,0.5472,0.5407,0.3333,0.6,0.55,0.6118,0.5714
Hugo Nys,643,333,1555.1,1536.4,1514.4,1500.0,121,59,62,0.4876,82,39,0,0.5244,0.4103,,0.2,0.3,0.5982,0.5391
Yanki Erel,394,325,1555.1,1550.4,1476.6,1489.6,75,35,40,0.4667,53,21,1,0.5094,0.381,0.0,0.6,0.55,0.6152,0.525
Emile Hudd,825,572,1554.3,1551.9,1501.6,1500.0,22,13,9,0.5909,18,4,0,0.6111,0.5,,0.6,0.55,0.62,0.4113
Masamichi Imamura,455,342,1554.0,1538.4,1475.9,1500.0,88,41,47,0.4659,86,2,0,0.4767,0.0,,0.6,0.65,0.62,0.54
Andres Martin,269,250,1553.6,1550.3,1520.9,1500.0,110,54,56,0.4909,95,15,0,0.4947,0.4667,,0.4,0.35,0.6124,0.5467
Brian Baker,261,245,1553.5,1531.4,1495.5,1526.5,31,16,15,0.5161,22,7,2,0.5,0.4286,1.0,0.3,0.4,0.5813,0.4214
Gilles Simon,195,31,1553.3,1577.5,1438.2,1483.9,63,26,37,0.4127,41,17,5,0.4878,0.2353,0.4,0.5,0.45,0.5762,0.4794
Marius Copil,367,72,1553.2,1603.1,1460.7,1599.1,349,200,149,0.5731,222,80,47,0.5946,0.45,0.6809,0.2,0.45,0.5866,0.5644
Matija Pecotic,488,244,1553.2,1574.4,1489.5,1492.1,103,50,53,0.4854,65,31,7,0.5385,0.3871,0.4286,0.4,0.5,0.5955,0.5281
Peter Torebko,332,227,1552.7,1450.7,1557.2,1500.0,110,60,50,0.5455,18,92,0,0.3333,0.587,,0.4,0.5,0.6069,0.5419
Lenny Hampel,634,359,1552.6,1469.4,1565.1,1500.0,63,34,29,0.5397,7,56,0,0.2857,0.5714,,0.4,0.5,0.6067,0.5048
Arthur De Greef,338,113,1552.5,1491.9,1553.0,1476.9,245,127,118,0.5184,49,194,2,0.3673,0.5619,0.0,0.3,0.3,0.6053,0.5734
Pedro Rodrigues,695,695,1551.9,1500.0,1550.5,1500.0,17,10,7,0.5882,0,17,0,,0.5882,,0.6,0.5882,0.62,0.3811
Miljan Zekic,357,188,1551.8,1460.6,1546.2,1488.7,245,111,134,0.4531,28,214,3,0.2857,0.4766,0.3333,0.5,0.5,0.6063,0.5744
Denis Yevseyev,408,153,1551.5,1585.4,1500.2,1494.8,421,201,220,0.4774,262,154,5,0.5,0.4416,0.4,0.4,0.5,0.6106,0.5912
Andre Begemann,,,1551.2,1559.5,1487.6,1500.0,9,6,3,0.6667,8,1,0,0.75,0.0,,0.6667,0.6667,0.58,0.2861
Gian Marco Moroni,626,166,1551.1,1476.7,1584.9,1500.0,267,133,134,0.4981,60,207,0,0.4,0.5266,,0.3,0.5,0.6074,0.5779
Jason Jung,1056,114,1551.0,1527.7,1483.5,1496.3,448,235,213,0.5246,375,38,35,0.5413,0.4211,0.4571,0.2,0.35,0.598,0.5802
Kevin Krawietz,630,231,1551.0,1527.0,1562.7,1521.4,185,104,81,0.5622,81,102,2,0.4938,0.6078,1.0,0.2,0.3,0.6122,0.5706
Petros Chrysochos,378,359,1551.0,1542.3,1510.1,1500.0,34,17,17,0.5,28,6,0,0.5,0.5,,0.4,0.5,0.6024,0.4461
Nils Langer,356,188,1550.8,1569.8,1501.1,1487.9,104,52,52,0.5,63,40,1,0.5397,0.45,0.0,0.3,0.55,0.6027,0.535
Manuel Guinard,498,134,1550.6,1552.9,1558.3,1476.4,312,147,165,0.4712,131,179,2,0.4122,0.5196,0.0,0.2,0.3,0.605,0.5796
Remi Boutillier,629,235,1550.2,1568.2,1460.7,1487.9,63,35,28,0.5556,55,3,5,0.6,0.0,0.4,0.4,0.55,0.6086,0.5064
Petr Nouza,811,562,1550.1,1475.7,1566.8,1500.0,49,23,26,0.4694,18,31,0,0.3889,0.5161,,0.4,0.45,0.62,0.4946
Vitaly Kozyukov,564,564,1549.5,1560.9,1500.0,1500.0,32,19,13,0.5938,28,4,0,0.6071,0.5,,0.5,0.6,0.6162,0.45
Vasek Pospisil,1248,46,1549.3,1531.9,1476.0,1540.3,248,163,85,0.6573,227,6,15,0.6652,0.3333,0.6667,0.3,0.35,0.5808,0.5506
William Blumberg,701,442,1549.2,1533.8,1500.0,1514.0,36,18,18,0.5,30,0,6,0.5,,0.5,0.6,0.5,0.5967,0.4475
Olukayode Alafia Damina Ayeni,485,395,1549.0,1530.3,1460.0,1491.2,169,77,92,0.4556,139,25,5,0.4676,0.4,0.4,0.6,0.65,0.6179,0.5723
Alexey Zakharov,329,297,1549.0,1489.2,1608.4,1500.0,81,40,41,0.4938,60,21,0,0.4333,0.6667,,0.4,0.45,0.6126,0.5281
Benjamin Mitchell,676,206,1548.9,1543.0,1482.8,1486.9,66,34,32,0.5152,61,2,3,0.541,0.0,0.3333,0.6,0.45,0.6055,0.5073
Reda El Amrani,525,525,1548.6,1501.9,1540.1,1500.0,11,7,4,0.6364,2,9,0,0.5,0.6667,,0.6,0.6364,0.62,0.3293
Yuuya Kibi,697,226,1548.2,1549.0,1500.0,1505.2,110,59,51,0.5364,106,0,4,0.5377,,0.5,0.5,0.55,0.6178,0.5516
Tommy Robredo,363,149,1547.7,1513.0,1537.6,1487.3,158,79,79,0.5,33,124,1,0.4545,0.5161,0.0,0.2,0.25,0.5972,0.5504
Daniil Ostapenkov,675,675,1547.7,1514.6,1531.8,1500.0,15,9,6,0.6,9,6,0,0.5556,0.6667,,0.6,0.6,0.62,0.3662
Tim Puetz,518,165,1547.6,1599.6,1511.1,1451.2,100,54,46,0.54,58,31,11,0.6379,0.4516,0.2727,0.1,0.25,0.5924,0.5236
Mees Rottgering,614,614,1547.6,1514.4,1502.0,1504.0,18,8,10,0.4444,11,5,2,0.4545,0.4,0.5,0.5,0.4444,0.5933,0.3712
Youssef Hossam,404,366,1547.4,1533.7,1500.0,1500.0,22,12,10,0.5455,22,0,0,0.5455,,,0.6,0.55,0.62,0.4113
Ioannis Xilas,356,356,1547.3,1532.9,1500.0,1500.0,25,13,12,0.52,25,0,0,0.52,,,0.5,0.5,0.62,0.4258
Gilles Muller,117,36,1547.3,1541.4,1500.0,1500.0,8,5,3,0.625,8,0,0,0.625,,,0.625,0.625,0.62,0.2923
Alex Rybakov,332,261,1546.5,1523.2,1505.5,1503.9,240,123,117,0.5125,156,82,2,0.4872,0.561,0.5,0.4,0.3,0.612,0.5791
Baptiste Crepatte,416,276,1546.3,1558.4,1467.3,1500.0,59,28,31,0.4746,48,11,0,0.5208,0.2727,,0.5,0.45,0.618,0.5089
Michele Ribecai,281,281,1546.2,1527.8,1503.0,1500.0,29,16,13,0.5517,20,9,0,0.55,0.5556,,0.5,0.5,0.62,0.4422
Alastair Gray,321,248,1546.1,1520.4,1500.0,1438.2,72,29,43,0.4028,54,0,18,0.4444,,0.2778,0.4,0.45,0.6117,0.519
Darian King,1334,108,1546.0,1545.1,1460.1,1477.9,251,136,115,0.5418,207,31,13,0.57,0.4194,0.3846,0.2,0.5,0.5908,0.5604
Agustin Velotti,335,178,1545.7,1528.1,1542.1,1500.0,179,89,90,0.4972,56,123,0,0.5357,0.4797,,0.5,0.55,0.6059,0.5635
Marco Chiudinelli,343,116,1545.6,1565.0,1454.0,1491.5,126,67,59,0.5317,106,6,14,0.5566,0.1667,0.5,0.3,0.4,0.5857,0.5298
Milos Karol,415,357,1545.6,1546.8,1493.4,1500.0,96,44,52,0.4583,51,45,0,0.5098,0.4,,0.3,0.45,0.62,0.5455
Blaise Bicknell,334,306,1545.4,1547.5,1464.4,1500.0,99,47,52,0.4747,65,34,0,0.4923,0.4412,,0.5,0.5,0.6188,0.5463
Rudy Quan,796,708,1545.4,1522.8,1500.0,1500.0,17,9,8,0.5294,17,0,0,0.5294,,,0.4,0.5294,0.6059,0.3724
Salvatore Caruso,334,79,1544.6,1606.8,1494.7,1536.8,428,224,204,0.5234,183,230,15,0.541,0.5043,0.6,0.5,0.45,0.5993,0.5806
Illya Marchenko,515,49,1544.4,1547.2,1485.0,1483.1,408,234,174,0.5735,339,37,32,0.5988,0.4054,0.5,0.2,0.3,0.5938,0.5744
Victor Hanescu,284,139,1544.4,1535.3,1538.0,1487.6,43,23,20,0.5349,11,31,1,0.6364,0.5161,0.0,0.6,0.6,0.5726,0.4456
Federico Bondioli,329,329,1543.7,1427.8,1563.9,1500.0,64,26,38,0.4062,10,54,0,0.1,0.463,,0.6,0.4,0.62,0.5171
Edoardo Eremin,826,300,1543.0,1465.3,1553.4,1500.0,89,43,46,0.4831,25,64,0,0.4,0.5156,,0.4,0.55,0.62,0.5407
Nicolas Alvarez Varona,467,219,1542.9,1592.0,1488.7,1500.0,191,89,102,0.466,74,117,0,0.5,0.4444,,0.3,0.4,0.6137,0.5731
Maximilian Neuchrist,762,182,1542.8,1518.7,1556.6,1488.0,231,116,115,0.5022,142,88,1,0.507,0.5,0.0,0.4,0.45,0.6153,0.5811
Brayden Schnur,934,92,1542.7,1524.9,1492.3,1560.5,265,132,133,0.4981,222,19,24,0.4955,0.3684,0.625,0.3,0.25,0.5978,0.5685
Quinn Vandecasteele,449,449,1542.7,1563.0,1454.2,1517.7,85,40,45,0.4706,74,8,3,0.4865,0.25,0.6667,0.5,0.6,0.6186,0.5365
Kaichi Uchida,241,147,1542.6,1523.2,1467.9,1489.3,405,170,235,0.4198,323,79,3,0.4272,0.3924,0.3333,0.3,0.4,0.6141,0.5939
Benjamin Hassan,294,146,1542.6,1528.7,1584.3,1486.8,374,196,178,0.5241,156,208,10,0.4744,0.5673,0.4,0.3,0.3,0.6065,0.585
Akira Santillan,315,145,1542.2,1503.1,1562.2,1514.8,328,163,165,0.497,231,82,15,0.4978,0.4878,0.5333,0.4,0.45,0.6087,0.5842
Taisei Ichikawa,888,665,1542.2,1534.8,1500.0,1500.0,39,21,18,0.5385,39,0,0,0.5385,,,0.5,0.5,0.62,0.473
Neil Oberleitner,445,384,1541.9,1527.6,1503.0,1500.0,125,58,67,0.464,42,83,0,0.4762,0.4578,,0.4,0.45,0.619,0.5595
Olle Wallin,460,402,1541.8,1482.6,1571.4,1500.0,27,14,13,0.5185,11,16,0,0.3636,0.625,,0.4,0.45,0.6111,0.4282
Kevin King,315,165,1541.7,1514.5,1463.9,1494.8,179,84,95,0.4693,165,7,7,0.4788,0.2857,0.4286,0.3,0.4,0.6026,0.5603
Michal Przysiezny,618,138,1541.6,1539.3,1419.5,1589.3,130,73,57,0.5615,105,8,17,0.5714,0.125,0.7059,0.2,0.4,0.5969,0.5415
Henry Bernet,503,501,1540.9,1472.0,1545.4,1500.0,22,8,14,0.3636,12,10,0,0.25,0.5,,0.1,0.3,0.5818,0.3859
Iliyan Radulov,537,537,1540.8,1492.5,1530.9,1500.0,11,5,6,0.4545,3,8,0,0.3333,0.5,,0.5,0.4545,0.62,0.3293
Justin Boulais,428,428,1540.6,1532.3,1485.6,1500.0,89,37,52,0.4157,88,1,0,0.4205,0.0,,0.6,0.55,0.6173,0.5384
Johan Alexander Rodriguez Rodriguez,643,598,1540.6,1537.9,1496.7,1500.0,24,12,12,0.5,4,20,0,0.75,0.45,,0.6,0.55,0.62,0.4212
Johan Nikles,477,256,1540.3,1455.3,1558.4,1500.0,108,55,53,0.5093,23,85,0,0.3478,0.5529,,0.6,0.5,0.6111,0.5446
Roberto Marcora,594,150,1540.2,1528.6,1514.5,1456.7,316,153,163,0.4842,150,160,6,0.4933,0.4875,0.1667,0.5,0.35,0.5984,0.5735
Christian Langmo,460,319,1539.8,1505.8,1504.2,1500.0,180,83,97,0.4611,144,36,0,0.4653,0.4444,,0.5,0.5,0.62,0.5768
Taym Al Azmeh,1722,1722,1539.5,1540.2,1500.0,1500.0,5,4,1,0.8,5,0,0,0.8,,,0.8,0.8,0.62,0.25
Mirza Basic,512,75,1539.3,1521.6,1532.6,1433.7,406,214,192,0.5271,270,118,18,0.563,0.4831,0.2778,0.5,0.45,0.5975,0.5779
Marcelo Arevalo,364,139,1539.2,1479.2,1641.9,1434.4,237,112,125,0.4726,107,120,10,0.3925,0.5667,0.2,0.2,0.4,0.6018,0.5691
Svyatoslav Gulin,526,358,1539.0,1500.2,1519.2,1500.0,46,22,24,0.4783,12,34,0,0.5,0.4706,,0.4,0.45,0.62,0.4888
Mathys Erhard,411,262,1538.6,1511.9,1529.3,1500.0,133,62,71,0.4662,36,97,0,0.4444,0.4742,,0.3,0.4,0.6164,0.5602
Felix Balshaw,595,595,1538.6,1539.1,1486.0,1500.0,12,6,6,0.5,11,1,0,0.5455,0.0,,0.6,0.5,0.62,0.3396
Khumoun Sultanov,871,216,1538.1,1543.4,1439.6,1488.9,139,64,75,0.4604,104,34,1,0.5096,0.3235,0.0,0.4,0.35,0.6157,0.5617
Anton Matusevich,696,402,1538.1,1515.5,1513.0,1471.9,53,25,28,0.4717,16,24,13,0.5,0.5,0.3846,0.4,0.55,0.6064,0.4905
Elliot Benchetrit,561,202,1537.8,1521.4,1524.9,1500.0,244,116,128,0.4754,97,147,0,0.4639,0.483,,0.5,0.45,0.6062,0.5742
Daniel Dutra Da Silva,382,207,1537.5,1490.5,1525.7,1488.9,277,122,155,0.4404,18,258,1,0.4444,0.4419,0.0,0.3,0.35,0.6157,0.5867
Thomas Faurel,417,405,1537.5,1492.7,1519.9,1500.0,43,20,23,0.4651,8,35,0,0.375,0.4857,,0.4,0.4,0.62,0.4825
Ergi Kirkin,589,251,1537.4,1509.5,1525.5,1500.8,201,92,109,0.4577,80,119,2,0.3875,0.5042,0.5,0.6,0.55,0.6158,0.5769
Matteo Trevisan,676,423,1537.4,1497.2,1543.6,1500.0,11,7,4,0.6364,2,9,0,0.5,0.6667,,0.6,0.6364,0.5655,0.3003
Eduard Esteve Lobato,662,271,1537.0,1489.6,1537.6,1500.0,57,26,31,0.4561,1,56,0,0.0,0.4643,,0.3,0.4,0.6137,0.5025
Patrick Brady,1033,741,1536.9,1529.3,1500.0,1498.8,47,25,22,0.5319,43,0,4,0.5349,,0.5,0.6,0.6,0.62,0.4908
Florian Broska,347,344,1536.8,1533.9,1481.7,1500.0,34,16,18,0.4706,26,8,0,0.5,0.375,,0.5,0.45,0.62,0.4591
Alessandro Giannessi,535,84,1536.4,1479.5,1522.2,1446.1,471,241,230,0.5117,67,395,9,0.4179,0.5342,0.2222,0.2,0.4,0.5953,0.5783
Gianluigi Quinzi,356,142,1536.2,1510.4,1534.6,1475.5,178,90,88,0.5056,38,138,2,0.4737,0.5217,0.0,0.3,0.4,0.6079,0.565
Prajnesh Gunneswaran,313,80,1536.1,1544.3,1478.6,1455.1,277,148,129,0.5343,217,50,10,0.5576,0.48,0.3,0.3,0.35,0.5962,0.5681
Mikhail Vaks,1600,1600,1535.8,1537.4,1500.0,1500.0,5,4,1,0.8,5,0,0,0.8,,,0.8,0.8,0.62,0.25
Pedro Sakamoto,433,271,1535.2,1495.7,1535.8,1500.0,315,150,165,0.4762,20,295,0,0.45,0.478,,0.4,0.4,0.6128,0.5872
Matthew William Donald,540,540,1535.2,1512.4,1499.0,1500.0,18,8,10,0.4444,5,13,0,0.6,0.3846,,0.7,0.4444,0.62,0.3878
Clay Thompson,525,408,1534.5,1535.4,1500.0,1500.0,27,15,12,0.5556,27,0,0,0.5556,,,0.5,0.55,0.6156,0.4313
Gianni Mina,483,240,1534.4,1535.1,1467.5,1488.0,52,23,29,0.4423,23,28,1,0.5217,0.3929,0.0,0.6,0.6,0.6085,0.4906
Mathias Bourgue,515,140,1533.9,1583.5,1535.9,1488.7,488,262,226,0.5369,242,239,7,0.5702,0.5063,0.4286,0.3,0.35,0.6062,0.5896
Charlie Robertson,884,884,1533.8,1545.5,1489.0,1486.0,20,10,10,0.5,16,3,1,0.5625,0.3333,0.0,0.6,0.5,0.62,0.4002
Tobias Kamke,343,91,1533.6,1569.7,1461.5,1494.1,355,178,177,0.5014,227,100,28,0.5419,0.41,0.5,0.4,0.4,0.5892,0.5673
Marcello Serafini,535,377,1533.4,1516.5,1497.7,1500.0,58,25,33,0.431,15,43,0,0.4667,0.4186,,0.6,0.5,0.62,0.5092
Alexander Vasilenko,714,479,1533.4,1514.7,1533.0,1500.0,29,16,13,0.5517,19,10,0,0.5263,0.6,,0.5,0.55,0.591,0.4216
Hiroki Kondo,1765,597,1532.9,1533.7,1500.0,1500.0,9,6,3,0.6667,9,0,0,0.6667,,,0.6667,0.6667,0.62,0.3058
Jonas Luetjen,586,470,1532.5,1483.4,1554.6,1500.0,18,11,7,0.6111,3,15,0,0.3333,0.6667,,0.5,0.6111,0.62,0.3878
Patricio Heras,306,306,1532.3,1477.1,1551.8,1500.0,46,23,23,0.5,2,44,0,0.0,0.5227,,0.5,0.5,0.62,0.4888
Gabi Adrian Boitan,333,307,1531.9,1474.9,1536.3,1500.0,90,45,45,0.5,22,68,0,0.3636,0.5441,,0.4,0.4,0.62,0.5415
Dayne Kelly,343,252,1531.8,1524.2,1490.0,1506.3,151,73,78,0.4834,142,7,2,0.4859,0.4286,0.5,0.4,0.5,0.6192,0.5687
Nikolai Barsukov,1137,1114,1531.8,1517.0,1499.5,1500.0,10,5,5,0.5,8,2,0,0.5,0.5,,0.5,0.5,0.62,0.3181
Facundo Juarez,566,321,1531.6,1472.0,1532.9,1500.0,93,47,46,0.5054,2,91,0,0.0,0.5165,,0.6,0.5,0.62,0.5436
Artem Dubrivnyy,471,396,1531.4,1530.0,1483.3,1500.0,56,28,28,0.5,39,17,0,0.5385,0.4118,,0.4,0.5,0.6114,0.4992
Patrick Zahraj,404,240,1531.1,1556.9,1404.8,1523.8,105,51,54,0.4857,75,21,9,0.56,0.1905,0.5556,0.4,0.4,0.6097,0.5417
George Von Massow,834,586,1530.9,1486.0,1533.3,1500.0,32,17,15,0.5312,1,31,0,0.0,0.5484,,0.6,0.5,0.62,0.4528
James Watt,705,584,1530.6,1502.5,1523.7,1515.4,37,19,18,0.5135,25,7,5,0.48,0.5714,0.6,0.5,0.55,0.62,0.4678
Conner Huertas Del Pino,704,534,1530.5,1494.1,1529.6,1500.0,129,59,70,0.4574,15,114,0,0.4667,0.4561,,0.6,0.45,0.62,0.562
Santiago Fa Rodriguez Taverna,255,157,1530.4,1479.9,1539.5,1489.1,283,141,142,0.4982,30,250,3,0.4,0.512,0.3333,0.4,0.35,0.6128,0.5846
Jesse Witten,1195,824,1530.2,1540.0,1486.2,1500.0,15,8,7,0.5333,14,1,0,0.5714,0.0,,0.6,0.5333,0.612,0.3615
Winston Lin,713,713,1530.0,1532.3,1500.0,1500.0,9,6,3,0.6667,9,0,0,0.6667,,,0.6667,0.6667,0.62,0.3058
Ulises Blanch,522,236,1529.9,1526.8,1530.9,1500.2,262,126,136,0.4809,174,86,2,0.4885,0.4651,0.5,0.4,0.5,0.6099,0.5797
Konstantin Kravchuk,363,78,1529.8,1546.2,1434.7,1480.3,207,119,88,0.5749,178,13,16,0.6124,0.2308,0.4375,0.4,0.45,0.6032,0.5661
Nicolas Barrientos,978,237,1529.6,1423.1,1538.8,1500.0,158,73,85,0.462,67,91,0,0.4179,0.4945,,0.6,0.45,0.6162,0.5679
Antoine Bellier,338,168,1529.5,1546.1,1473.0,1493.8,167,78,89,0.4671,118,35,14,0.4746,0.4286,0.5,0.2,0.3,0.6035,0.5585
Thijs Boogaard,1048,1048,1529.4,1508.5,1500.0,1501.5,10,4,6,0.4,8,0,2,0.375,,0.5,0.4,0.4,0.536,0.275
Federico Iannaccone,596,474,1529.2,1524.9,1464.5,1500.0,75,33,42,0.44,13,62,0,0.5385,0.4194,,0.6,0.45,0.62,0.5291
Dennis Nevolo,451,389,1528.7,1524.9,1500.0,1500.0,54,26,28,0.4815,54,0,0,0.4815,,,0.4,0.5,0.62,0.5031
Imanol Lopez Morillo,703,474,1528.7,1472.8,1547.4,1500.0,28,15,13,0.5357,2,26,0,0.0,0.5769,,0.3,0.5,0.62,0.4384
Benito Sanchez Martinez,987,937,1528.4,1500.0,1525.3,1500.0,7,4,3,0.5714,0,7,0,,0.5714,,0.5714,0.5714,0.62,0.2773
Shunsuke Mitsui,524,524,1528.3,1525.5,1500.0,1500.0,13,7,6,0.5385,13,0,0,0.5385,,,0.6,0.5385,0.62,0.3491
Robin Bertrand,294,260,1528.0,1519.4,1444.0,1500.0,109,45,64,0.4128,101,8,0,0.4356,0.125,,0.4,0.4,0.6156,0.5491
Jimmy Wang,942,118,1528.0,1528.9,1486.3,1493.1,84,43,41,0.5119,76,1,7,0.5263,0.0,0.4286,0.4,0.55,0.6086,0.527
Philip Sekulic,355,225,1527.9,1504.1,1475.3,1487.5,139,65,74,0.4676,135,3,1,0.4815,0.0,0.0,0.3,0.35,0.6096,0.5562
Daniel Milavsky,367,367,1527.8,1536.1,1484.3,1486.7,31,15,16,0.4839,27,3,1,0.5185,0.3333,0.0,0.4,0.45,0.62,0.4494
Roberto Quiroz,289,175,1527.3,1547.9,1505.8,1529.3,316,152,164,0.481,172,129,15,0.4767,0.4729,0.6,0.2,0.4,0.6075,0.5822
Jan Kumstat,711,695,1527.3,1502.2,1507.8,1500.0,16,6,10,0.375,7,9,0,0.4286,0.3333,,0.5,0.375,0.62,0.3739
Tom Farquharson,455,455,1527.3,1524.5,1500.0,1500.0,10,6,4,0.6,10,0,0,0.6,,,0.6,0.6,0.62,0.3181
Zach Stephens,1802,1802,1527.1,1524.8,1500.0,1500.0,4,3,1,0.75,4,0,0,0.75,,,0.75,0.75,0.62,0.25
Jack Loge,445,445,1526.6,1495.7,1531.7,1500.0,11,6,5,0.5455,5,6,0,0.4,0.6667,,0.6,0.5455,0.62,0.3293
Adrian Menendez Maceiras,826,111,1526.5,1547.4,1472.3,1430.6,384,202,182,0.526,264,95,25,0.5644,0.4737,0.32,0.5,0.5,0.5919,0.5714
Andrew Harris,561,160,1526.5,1552.8,1483.6,1481.7,137,70,67,0.5109,119,12,6,0.5294,0.4167,0.3333,0.4,0.35,0.6077,0.5538
Paolo Lorenzi,187,36,1526.4,1557.8,1539.4,1487.3,232,142,90,0.6121,59,172,1,0.5424,0.6395,0.0,0.2,0.25,0.6034,0.57
Laurynas Grigelis,296,227,1526.3,1544.6,1472.3,1501.6,138,64,74,0.4638,85,51,2,0.5176,0.3725,0.5,0.3,0.3,0.613,0.559
Jared Hiltzik,387,352,1526.3,1552.8,1446.8,1500.0,101,51,50,0.505,97,4,0,0.5258,0.0,,0.3,0.4,0.6164,0.5454
Andrea Arnaboldi,731,153,1526.0,1517.6,1519.1,1524.6,482,221,261,0.4585,209,261,12,0.4163,0.4866,0.5833,0.4,0.4,0.6026,0.5858
Jules Marie,339,210,1526.0,1496.3,1495.5,1488.4,105,46,59,0.4381,80,24,1,0.45,0.4167,0.0,0.3,0.3,0.6097,0.5417
Francisco Bahamonde,371,359,1526.0,1500.0,1531.3,1500.0,18,10,8,0.5556,0,18,0,,0.5556,,0.4,0.5556,0.6067,0.3795
Alexandar Lazov,828,327,1525.8,1476.4,1561.4,1500.0,38,19,19,0.5,11,27,0,0.3636,0.5556,,0.4,0.55,0.6042,0.4585
Maximilian Homberg,868,868,1525.7,1525.9,1500.0,1500.0,4,3,1,0.75,4,0,0,0.75,,,0.75,0.75,0.62,0.25
Yong Kyu Lim,1241,539,1525.2,1523.9,1500.0,1500.0,18,10,8,0.5556,18,0,0,0.5556,,,0.6,0.5556,0.62,0.3878
Erik Arutiunian,440,440,1525.1,1518.4,1500.0,1500.0,22,11,11,0.5,22,0,0,0.5,,,0.5,0.5,0.62,0.4113
Nikola Mektic,566,259,1524.6,1477.7,1563.5,1488.0,101,49,52,0.4851,53,47,1,0.4151,0.5745,0.0,0.3,0.4,0.595,0.5265
Sergio Gutierrez Ferrol,239,156,1524.4,1441.0,1586.7,1477.1,50,23,27,0.46,10,38,2,0.2,0.5526,0.0,0.1,0.25,0.6032,0.4829
Samuel Vincent Ruggeri,439,255,1524.3,1526.2,1519.6,1500.0,128,65,63,0.5078,46,82,0,0.5,0.5122,,0.2,0.3,0.6191,0.5608
Dimitar Kutrovsky,367,317,1524.1,1529.2,1500.0,1486.5,27,13,14,0.4815,24,0,3,0.5,,0.3333,0.5,0.5,0.6067,0.4251
Duncan Chan,1440,1408,1524.1,1515.3,1500.0,1500.0,8,4,4,0.5,8,0,0,0.5,,,0.5,0.5,0.62,0.2923
Alessandro Pecci,488,446,1523.9,1466.2,1533.6,1500.0,28,13,15,0.4643,5,23,0,0.2,0.5217,,0.4,0.5,0.62,0.4384
Sandro Ehrat,427,289,1523.4,1434.1,1563.0,1500.0,45,20,25,0.4444,13,32,0,0.2308,0.5312,,0.6,0.4,0.604,0.4742
Jeroen Vanneste,466,314,1523.4,1489.2,1515.3,1500.0,26,13,13,0.5,3,23,0,0.3333,0.5217,,0.4,0.5,0.62,0.4302
Orlando Luz,920,272,1523.3,1439.1,1532.5,1500.0,252,116,136,0.4603,16,236,0,0.3125,0.4703,,0.3,0.35,0.6143,0.5828
Luis Carlos Alvarez,617,617,1523.3,1516.8,1505.5,1500.0,15,8,7,0.5333,10,5,0,0.5,0.6,,0.5,0.5333,0.596,0.352
Marc Sieber,591,241,1523.2,1494.8,1549.0,1500.0,71,36,35,0.507,39,32,0,0.4872,0.5312,,0.4,0.5,0.6166,0.5222
Austin Krajicek,398,94,1523.1,1486.0,1519.5,1479.8,162,84,78,0.5185,134,13,15,0.5373,0.4615,0.4,0.4,0.35,0.5911,0.5458
Andreas Haider Maurer,634,59,1523.1,1480.8,1526.8,1500.0,64,36,28,0.5625,2,62,0,0.0,0.5806,,0.3,0.5,0.6144,0.5124
Jan Zielinski,812,812,1523.1,1513.3,1507.2,1500.0,15,8,7,0.5333,6,9,0,0.5,0.5556,,0.5,0.5333,0.62,0.3662
Tristan Lamasine,529,182,1523.0,1558.0,1464.8,1520.9,483,244,239,0.5052,263,214,6,0.5399,0.4579,0.6667,0.5,0.45,0.6093,0.5924
Filippo Moroni,487,487,1522.7,1494.8,1528.6,1500.0,21,11,10,0.5238,15,6,0,0.4667,0.6667,,0.5,0.5,0.6143,0.4021
Yuichi Sugita,813,40,1522.6,1562.9,1471.5,1538.7,276,164,112,0.5942,227,15,34,0.6079,0.3333,0.6176,0.2,0.15,0.5791,0.5518
Maxime Janvier,550,173,1522.5,1539.6,1411.7,1496.8,574,252,322,0.439,328,238,8,0.4421,0.4328,0.5,0.4,0.45,0.6079,0.5936
Albano Olivetti,1059,300,1522.5,1521.1,1469.4,1522.0,90,43,47,0.4778,81,5,4,0.4815,0.2,0.75,0.3,0.35,0.608,0.531
Evan Furness,765,197,1522.4,1509.8,1561.2,1486.5,214,101,113,0.472,111,102,1,0.4234,0.5294,0.0,0.2,0.35,0.6133,0.5767
Jannik Opitz,1553,983,1522.3,1542.5,1463.4,1500.0,10,5,5,0.5,7,3,0,0.7143,0.0,,0.5,0.5,0.62,0.3181
Alexander Vasilev,890,890,1522.3,1500.0,1509.4,1500.0,7,3,4,0.4286,0,7,0,,0.4286,,0.4286,0.4286,0.62,0.2773
Dragos Nicolae Madaras,197,193,1522.1,1501.9,1497.0,1482.2,56,22,34,0.3929,9,43,4,0.4444,0.3953,0.25,0.3,0.45,0.6029,0.4922
Tadeas Paroulek,480,461,1522.1,1502.4,1521.9,1500.0,21,11,10,0.5238,4,17,0,0.5,0.5294,,0.6,0.5,0.62,0.4059
Ognjen Milic,407,407,1522.1,1518.9,1500.0,1500.0,6,3,3,0.5,6,0,0,0.5,,,0.5,0.5,0.62,0.2605
Eric Quigley,413,297,1522.0,1521.5,1486.3,1490.3,73,36,37,0.4932,69,1,3,0.5072,0.0,0.3333,0.5,0.45,0.6019,0.5117
Aleksandr Nedovyesov,1020,92,1521.8,1542.0,1525.1,1490.1,271,139,132,0.5129,158,103,10,0.5063,0.5243,0.5,0.3,0.4,0.6032,0.5742
Reda Bennani,555,555,1521.8,1495.4,1510.3,1500.0,8,3,5,0.375,1,7,0,0.0,0.4286,,0.375,0.375,0.545,0.2569
Edward Corrie,457,222,1521.5,1490.7,1500.0,1492.1,114,54,60,0.4737,88,0,26,0.4773,,0.4615,0.4,0.4,0.6105,0.547
Alexander Ward,316,242,1521.5,1525.7,1461.6,1471.2,75,34,41,0.4533,50,8,17,0.5,0.25,0.4118,0.4,0.35,0.6008,0.5127
Lukas Ruepke,800,800,1521.5,1527.3,1496.0,1500.0,16,9,7,0.5625,6,10,0,0.6667,0.5,,0.5,0.5625,0.62,0.3739
Nicholas David Ionel,615,184,1521.4,1474.9,1518.1,1488.2,133,58,75,0.4361,31,101,1,0.3548,0.4653,0.0,0.5,0.4,0.611,0.5553
Govind Nanda,344,339,1521.4,1549.7,1471.7,1500.0,106,46,60,0.434,93,13,0,0.4409,0.3846,,0.3,0.4,0.6064,0.5393
Evgeny Donskoy,394,71,1521.3,1512.5,1473.0,1513.0,432,244,188,0.5648,341,68,23,0.6012,0.3971,0.5217,0.4,0.45,0.59,0.5718
Emilio Gomez,762,91,1521.2,1574.1,1468.4,1445.5,403,217,186,0.5385,252,144,7,0.5952,0.4583,0.1429,0.4,0.35,0.6027,0.5828
Jurgen Zopp,435,98,1521.2,1582.5,1562.8,1443.5,217,117,100,0.5392,108,96,13,0.5463,0.5625,0.3077,0.4,0.3,0.5935,0.5585
Mischa Zverev,570,33,1521.2,1583.2,1505.1,1534.3,154,92,62,0.5974,98,44,12,0.6224,0.5227,0.6667,0.3,0.35,0.5506,0.5065
Yan Bai,298,202,1521.0,1508.2,1506.4,1484.1,185,87,98,0.4703,154,26,5,0.474,0.4615,0.4,0.2,0.35,0.609,0.5675
Viktor Durasovic,428,225,1520.9,1527.6,1485.2,1462.5,326,148,178,0.454,198,125,3,0.4899,0.408,0.0,0.2,0.35,0.613,0.5883
Yannik Reuter,441,204,1520.8,1515.1,1482.1,1488.7,106,49,57,0.4623,40,65,1,0.45,0.4769,0.0,0.6,0.4,0.6109,0.5434
Dmitry Popko,624,155,1520.7,1594.4,1474.3,1466.1,456,226,230,0.4956,184,269,3,0.4946,0.5019,0.0,0.1,0.3,0.605,0.5872
Victor Estrella,859,51,1520.7,1509.4,1558.1,1514.4,111,59,52,0.5315,47,61,3,0.5532,0.5082,0.6667,0.3,0.35,0.6081,0.5434
Martins Podzus,578,574,1520.4,1526.4,1487.4,1500.0,15,8,7,0.5333,12,3,0,0.5833,0.3333,,0.6,0.5333,0.62,0.3662
Scott Griekspoor,385,209,1520.3,1489.6,1532.1,1500.0,83,38,45,0.4578,41,42,0,0.4146,0.5,,0.5,0.4,0.6113,0.5286
Radu Albot,453,46,1520.1,1541.1,1562.4,1611.1,483,288,195,0.5963,290,164,29,0.6034,0.561,0.7241,0.3,0.35,0.5798,0.5636
Pere Riba,940,189,1520.0,1518.9,1533.4,1488.4,93,49,44,0.5269,15,75,3,0.5333,0.5333,0.3333,0.2,0.35,0.6058,0.5311
Deiton Baughman,583,341,1519.8,1514.3,1499.4,1500.0,18,9,9,0.5,10,8,0,0.5,0.5,,0.6,0.5,0.6133,0.3837
Maximus Jones,434,312,1519.5,1499.9,1525.6,1500.0,84,42,42,0.5,63,21,0,0.4921,0.5238,,0.2,0.35,0.62,0.5369
Gavin Goode,,,1519.5,1517.8,1500.0,1500.0,3,2,1,0.6667,3,0,0,0.6667,,,0.6667,0.6667,0.62,0.25
Elijah Sanogo,2153,2153,1519.2,1519.2,1500.0,1500.0,5,3,2,0.6,5,0,0,0.6,,,0.6,0.6,0.62,0.25
David Guez,341,168,1519.1,1540.4,1422.5,1476.9,116,54,62,0.4655,94,18,4,0.5106,0.2778,0.25,0.3,0.4,0.5983,0.537
Rene Schulte,,,1519.1,1512.6,1500.0,1500.0,5,3,2,0.6,5,0,0,0.6,,,0.6,0.6,0.62,0.25
Yanis Ghazouani Durand,698,698,1519.0,1514.4,1500.0,1500.0,6,3,3,0.5,6,0,0,0.5,,,0.5,0.5,0.62,0.2605
Lukasz Kubot,588,162,1518.9,1526.7,1500.0,1488.0,17,9,8,0.5294,16,0,1,0.5625,,0.0,0.4,0.5294,0.5212,0.3203
Carlos Maria Zarate,529,529,1518.8,1498.6,1521.8,1500.0,33,17,16,0.5152,2,31,0,0.5,0.5161,,0.4,0.5,0.62,0.456
Philip Henning,306,306,1518.7,1516.4,1490.5,1500.0,37,17,20,0.4595,36,1,0,0.4722,0.0,,0.4,0.5,0.62,0.4678
Sasha Rozin,1246,1246,1518.6,1518.8,1500.0,1500.0,3,2,1,0.6667,3,0,0,0.6667,,,0.6667,0.6667,0.62,0.25
Nicolas Santos,506,505,1518.4,1498.9,1517.1,1500.0,13,7,6,0.5385,2,11,0,0.5,0.5455,,0.5,0.5385,0.62,0.3491
Roger Pascual Ferra,819,797,1518.4,1518.3,1500.0,1500.0,5,3,2,0.6,5,0,0,0.6,,,0.6,0.6,0.62,0.25
Andrew Johnson,909,909,1518.4,1493.8,1513.6,1500.0,4,2,2,0.5,1,3,0,0.0,0.6667,,0.5,0.5,0.59,0.25
Cooper Woestendick,1460,1460,1517.9,1515.7,1500.0,1500.0,3,2,1,0.6667,3,0,0,0.6667,,,0.6667,0.6667,0.62,0.25
Carlo Alberto Caniato,373,373,1517.6,1457.5,1547.0,1500.0,28,11,17,0.3929,8,20,0,0.25,0.45,,0.4,0.4,0.62,0.4384
Joao Souza,422,70,1517.5,1493.3,1535.9,1500.0,202,101,101,0.5,43,159,0,0.4651,0.5094,,0.4,0.5,0.6016,0.5638
Jurgen Briand,436,403,1517.5,1518.6,1499.9,1500.0,39,19,20,0.4872,30,9,0,0.5,0.4444,,0.4,0.5,0.62,0.473
Semen Pankin,746,746,1517.5,1514.2,1500.0,1500.0,7,4,3,0.5714,7,0,0,0.5714,,,0.5714,0.5714,0.62,0.2773
Shintaro Imai,628,305,1517.3,1508.0,1500.0,1500.0,84,36,48,0.4286,84,0,0,0.4286,,,0.6,0.45,0.6186,0.5357
Jose Hernandez,289,183,1517.1,1454.4,1577.8,1488.0,244,124,120,0.5082,52,191,1,0.3846,0.5445,0.0,0.2,0.3,0.6156,0.583
Rayane Roumane,410,362,1517.1,1508.7,1487.3,1500.0,27,12,15,0.4444,26,1,0,0.4615,0.0,,0.2,0.35,0.6067,0.4251
Deney Wassermann,625,625,1517.1,1500.0,1508.0,1500.0,10,5,5,0.5,0,10,0,,0.5,,0.5,0.5,0.62,0.3181
Stefan Adrian Andreescu,561,547,1517.0,1500.0,1517.4,1500.0,9,5,4,0.5556,0,9,0,,0.5556,,0.5556,0.5556,0.6067,0.2992
Matwe Middelkoop,1183,560,1516.9,1538.0,1473.1,1488.9,24,11,13,0.4583,19,4,1,0.5263,0.25,0.0,0.4,0.55,0.605,0.411
Adria Soriano Barrera,373,289,1516.7,1521.8,1455.2,1500.0,83,38,45,0.4578,69,14,0,0.4783,0.3571,,0.3,0.35,0.62,0.5361
Julian Ocleppo,1169,310,1516.6,1494.7,1498.6,1500.0,113,43,70,0.3805,33,80,0,0.3939,0.375,,0.5,0.45,0.6158,0.5512
Timo Stodder,439,257,1516.6,1481.7,1525.3,1500.0,67,31,36,0.4627,9,58,0,0.3333,0.4828,,0.3,0.4,0.6182,0.5192
Tianhui Zhang,629,549,1516.5,1512.7,1500.0,1500.0,12,6,6,0.5,12,0,0,0.5,,,0.4,0.5,0.62,0.3396
Mika Petkovic,739,739,1516.5,1505.3,1511.1,1500.0,9,4,5,0.4444,4,5,0,0.5,0.4,,0.4444,0.4444,0.6067,0.2992
Peter Makk,716,716,1516.3,1517.7,1487.2,1500.0,16,8,8,0.5,15,1,0,0.5333,0.0,,0.6,0.5,0.62,0.3739
Fitriadi M Rifqi,555,555,1516.3,1511.9,1500.0,1500.0,3,2,1,0.6667,3,0,0,0.6667,,,0.6667,0.6667,0.62,0.25
Lennert Van Der Linden,441,441,1515.8,1500.0,1517.0,1500.0,11,6,5,0.5455,0,11,0,,0.5455,,0.6,0.5455,0.62,0.3293
Diego Jarry Fillol,,,1515.8,1511.5,1500.0,1500.0,3,2,1,0.6667,3,0,0,0.6667,,,0.6667,0.6667,0.62,0.25
Mariano Kestelboim,624,391,1515.7,1520.2,1513.0,1500.0,123,59,64,0.4797,6,117,0,0.6667,0.4701,,0.2,0.4,0.619,0.5587
Romain Jouan,933,404,1515.7,1524.8,1468.8,1500.0,25,13,12,0.52,21,4,0,0.5714,0.25,,0.3,0.5,0.62,0.4258
Mehluli Don Ayanda Sibanda,816,816,1515.7,1510.8,1500.0,1500.0,3,2,1,0.6667,3,0,0,0.6667,,,0.6667,0.6667,0.62,0.25
Ji Hoon Son,1114,460,1515.6,1514.5,1500.0,1500.0,20,10,10,0.5,20,0,0,0.5,,,0.4,0.5,0.62,0.4002
Rohan  Murali,,,1515.6,1513.0,1500.0,1500.0,3,2,1,0.6667,3,0,0,0.6667,,,0.6667,0.6667,0.62,0.25
Eric Johnson,973,526,1515.4,1516.7,1500.0,1500.0,12,7,5,0.5833,12,0,0,0.5833,,,0.5,0.5833,0.62,0.3396
Aryan Lakshmanan,1824,1824,1515.4,1515.1,1500.0,1500.0,3,2,1,0.6667,3,0,0,0.6667,,,0.6667,0.6667,0.62,0.25
Bruno Fernandez,658,653,1515.3,1483.9,1520.2,1500.0,22,10,12,0.4545,1,21,0,0.0,0.4762,,0.5,0.5,0.62,0.4113
Patrik Rosenholm,543,543,1515.3,1545.5,1470.6,1500.0,16,9,7,0.5625,12,4,0,0.6667,0.25,,0.4,0.5625,0.605,0.3648
Casey Hoole,1165,1165,1515.2,1508.8,1500.0,1500.0,4,2,2,0.5,4,0,0,0.5,,,0.5,0.5,0.59,0.25
Izan Almazan Valiente,828,828,1515.0,1511.9,1487.8,1500.0,6,3,3,0.5,5,1,0,0.6,0.0,,0.5,0.5,0.62,0.2605
Alexander Petrov,1254,1254,1515.0,1513.5,1500.0,1500.0,3,2,1,0.6667,3,0,0,0.6667,,,0.6667,0.6667,0.62,0.25
Alejandro Hayen,1309,1309,1514.9,1501.0,1509.6,1500.0,5,3,2,0.6,2,3,0,0.5,0.6667,,0.6,0.6,0.62,0.25
Ryan Seggerman,1057,350,1514.8,1504.6,1504.3,1486.0,85,41,44,0.4824,53,31,1,0.4906,0.4839,0.0,0.5,0.4,0.6129,0.5316
Hazem Naw,1193,305,1514.8,1540.4,1436.2,1500.0,62,30,32,0.4839,44,18,0,0.5682,0.2778,,0.2,0.4,0.6181,0.513
Lucas Marionneau,937,937,1514.7,1505.1,1500.5,1500.0,8,4,4,0.5,6,2,0,0.5,0.5,,0.5,0.5,0.62,0.2923
Maxime Chazal,509,234,1514.4,1417.1,1501.8,1500.0,146,58,88,0.3973,32,114,0,0.25,0.4386,,0.4,0.45,0.6126,0.5612
Potito Starace,246,187,1514.4,1500.0,1505.5,1500.0,10,5,5,0.5,0,10,0,,0.5,,0.5,0.5,0.608,0.3119
Richard Muzaev,1050,826,1514.3,1515.8,1500.7,1500.0,16,9,7,0.5625,12,4,0,0.5833,0.5,,0.6,0.5625,0.59,0.3558
Gabriel Petit,518,516,1514.0,1514.2,1488.0,1500.0,11,5,6,0.4545,10,1,0,0.5,0.0,,0.5,0.4545,0.6091,0.3235
Jack Anthrop,840,840,1514.0,1509.6,1500.0,1500.0,9,4,5,0.4444,9,0,0,0.4444,,,0.4444,0.4444,0.62,0.3058
Marek Michalicka,285,235,1513.9,1436.8,1536.9,1487.6,59,25,34,0.4237,17,41,1,0.2941,0.4878,0.0,0.3,0.45,0.6078,0.5005
Michael Agwi,619,423,1513.8,1515.9,1487.0,1500.0,19,9,10,0.4737,15,4,0,0.5333,0.25,,0.4,0.4737,0.62,0.3942
Jonny Omara,583,540,1513.8,1503.7,1500.0,1496.2,12,6,6,0.5,2,0,10,0.5,,0.5,0.4,0.5,0.62,0.3396
Florent Serra,334,334,1513.8,1500.8,1514.0,1500.0,5,3,2,0.6,2,3,0,0.5,0.6667,,0.6,0.6,0.572,0.25
Andrea Colombo,1504,1504,1513.8,1513.5,1500.0,1500.0,3,2,1,0.6667,3,0,0,0.6667,,,0.6667,0.6667,0.62,0.25
Koki Matsuda,532,530,1513.6,1514.4,1500.0,1500.0,26,14,12,0.5385,26,0,0,0.5385,,,0.5,0.5,0.62,0.4302
Kenny De Schepper,728,100,1513.4,1502.4,1448.7,1486.5,434,216,218,0.4977,265,150,19,0.5396,0.4267,0.4737,0.4,0.5,0.5921,0.5739
Flavio Cipolla,718,286,1513.3,1525.6,1469.0,1500.0,62,28,34,0.4516,29,33,0,0.4828,0.4242,,0.6,0.4,0.6123,0.5082
Mick Lescure,496,493,1513.3,1509.8,1500.0,1500.0,21,11,10,0.5238,21,0,0,0.5238,,,0.4,0.5,0.62,0.4059
Matisse Bobichon,712,687,1513.2,1506.8,1500.0,1500.0,14,7,7,0.5,14,0,0,0.5,,,0.5,0.5,0.62,0.358
Nikolay Vylegzhanin,494,464,1513.1,1521.0,1450.4,1500.0,38,17,21,0.4474,34,4,0,0.5,0.0,,0.5,0.4,0.62,0.4704
Karlis Ozolins,811,690,1513.1,1511.4,1500.0,1500.0,7,3,4,0.4286,7,0,0,0.4286,,,0.4286,0.4286,0.62,0.2773
Anton Zaitsev,543,314,1513.0,1526.6,1465.5,1500.0,26,12,14,0.4615,21,5,0,0.5238,0.2,,0.6,0.6,0.6015,0.4174
Louis Wessels,594,267,1512.9,1457.4,1485.4,1482.1,140,51,89,0.3643,47,87,6,0.3191,0.3908,0.3333,0.6,0.5,0.6097,0.5566
Sami Huurinainen,,,1512.9,1500.0,1512.1,1500.0,3,2,1,0.6667,0,3,0,,0.6667,,0.6667,0.6667,0.62,0.25
Philipp Oswald,908,899,1512.7,1495.1,1512.9,1500.0,10,5,5,0.5,3,7,0,0.3333,0.5714,,0.5,0.5,0.536,0.275
Thai Son Kwiatkowski,1378,184,1512.6,1540.7,1502.5,1435.5,248,125,123,0.504,209,33,6,0.5311,0.4242,0.0,0.2,0.2,0.5997,0.5684
Joshua Milton,472,286,1512.6,1512.1,1500.0,1507.1,46,23,23,0.5,29,0,17,0.4828,,0.5294,0.3,0.45,0.5991,0.4724
Marcelo Demoliner,1230,672,1512.5,1509.1,1508.1,1500.0,15,8,7,0.5333,9,6,0,0.5556,0.5,,0.5,0.5333,0.572,0.3378
Michele Mecarelli,1485,1485,1512.3,1514.2,1500.0,1500.0,3,2,1,0.6667,3,0,0,0.6667,,,0.6667,0.6667,0.62,0.25
Fabien Reboul,1039,333,1512.2,1498.2,1503.5,1500.0,80,35,45,0.4375,46,34,0,0.4348,0.4412,,0.4,0.5,0.62,0.5336
Maximo Zeitune,677,677,1512.2,1500.0,1514.8,1500.0,22,11,11,0.5,0,22,0,,0.5,,0.5,0.55,0.62,0.4113
Victor Crivoi,560,560,1512.2,1500.0,1513.8,1500.0,3,2,1,0.6667,0,3,0,,0.6667,,0.6667,0.6667,0.62,0.25
Filip Horansky,341,163,1512.1,1507.8,1551.3,1448.1,315,157,158,0.4984,117,190,8,0.4359,0.5474,0.25,0.3,0.3,0.6002,0.5752
Pavle Marinkov,508,508,1512.1,1503.0,1500.0,1500.0,41,18,23,0.439,41,0,0,0.439,,,0.6,0.45,0.6112,0.4712
Andres Fernandez Canovas,1260,1260,1511.8,1500.0,1513.9,1500.0,3,2,1,0.6667,0,3,0,,0.6667,,0.6667,0.6667,0.62,0.25
Jelle Sels,447,129,1511.6,1552.1,1483.0,1434.4,330,154,176,0.4667,146,178,6,0.4863,0.4663,0.0,0.3,0.4,0.6145,0.59
Michael Redlicki,467,315,1511.5,1496.1,1484.8,1500.0,81,39,42,0.4815,78,3,0,0.4872,0.3333,,0.3,0.4,0.62,0.5345
Augusto Laranja,1192,1192,1511.5,1500.0,1512.2,1500.0,3,2,1,0.6667,0,3,0,,0.6667,,0.6667,0.6667,0.62,0.25
Dominique Rolland,966,966,1511.4,1509.2,1500.0,1500.0,4,2,2,0.5,4,0,0,0.5,,,0.5,0.5,0.62,0.25
Justin S Shane,871,871,1511.4,1512.2,1500.0,1500.0,3,2,1,0.6667,3,0,0,0.6667,,,0.6667,0.6667,0.62,0.25
Nikolay Nedelchev,979,979,1511.4,1500.0,1510.8,1500.0,3,2,1,0.6667,0,3,0,,0.6667,,0.6667,0.6667,0.62,0.25
Ji Sung Nam,757,240,1511.3,1512.6,1447.5,1500.0,167,84,83,0.503,152,15,0,0.5197,0.3333,,0.4,0.45,0.6193,0.5731
Nicolae Frunza,579,444,1511.2,1500.0,1508.2,1500.0,15,7,8,0.4667,0,15,0,,0.4667,,0.4,0.4667,0.62,0.3662
Alexandr Binda,469,368,1511.1,1471.6,1516.3,1500.0,46,21,25,0.4565,43,3,0,0.4419,0.6667,,0.4,0.45,0.62,0.4888
Andrej Loncarevic,1293,1293,1511.1,1508.2,1500.0,1500.0,3,2,1,0.6667,3,0,0,0.6667,,,0.6667,0.6667,0.62,0.25
Tobias Simon,525,402,1511.0,1517.4,1441.4,1523.2,113,58,55,0.5133,89,20,4,0.5393,0.35,0.75,0.5,0.45,0.6168,0.5522
Karim Bennani,575,575,1510.9,1511.7,1489.5,1500.0,7,3,4,0.4286,5,2,0,0.6,0.0,,0.4286,0.4286,0.5857,0.2619
Kalin Ivanovski,853,305,1510.7,1516.1,1475.5,1500.0,49,18,31,0.3673,24,25,0,0.4167,0.32,,0.4,0.3,0.62,0.4946
Marko Andrejic,1902,1902,1510.7,1500.0,1508.6,1500.0,2,1,1,0.5,0,2,0,,0.5,,0.5,0.5,0.62,0.25
Bernabe Zapata Miralles,466,53,1510.6,1494.0,1536.6,1556.6,387,206,181,0.5323,128,248,11,0.4141,0.5847,0.7273,0.1,0.2,0.5958,0.5754
Dominik Suc,1508,1202,1510.5,1500.0,1512.7,1500.0,5,3,2,0.6,0,5,0,,0.6,,0.6,0.6,0.62,0.25
Oscar Weightman,777,645,1510.4,1491.1,1500.0,1507.0,21,10,11,0.4762,15,0,6,0.4667,,0.5,0.6,0.5,0.62,0.4059
Michal Mikula,1035,1035,1510.4,1516.2,1500.0,1500.0,3,2,1,0.6667,3,0,0,0.6667,,,0.6667,0.6667,0.62,0.25
Luca Potenza,454,364,1510.3,1521.8,1460.8,1500.0,102,47,55,0.4608,56,46,0,0.5,0.413,,0.2,0.45,0.62,0.5492
Hyun Woo Nam,1106,1106,1510.3,1510.4,1500.0,1500.0,3,2,1,0.6667,3,0,0,0.6667,,,0.6667,0.6667,0.62,0.25
Cem Ilkel,521,144,1510.2,1505.8,1476.6,1448.8,359,183,176,0.5097,298,54,7,0.5436,0.3704,0.1429,0.3,0.35,0.609,0.5865
Alvaro Lopez San Martin,417,280,1510.2,1488.6,1507.7,1500.0,58,27,31,0.4655,3,55,0,0.3333,0.4727,,0.2,0.4,0.6117,0.5024
Sander Jong,674,674,1510.1,1519.4,1489.2,1500.0,4,2,2,0.5,3,1,0,0.6667,0.0,,0.5,0.5,0.62,0.25
Ryan Nijboer,500,371,1510.0,1405.3,1538.4,1500.0,104,44,60,0.4231,22,82,0,0.2273,0.4756,,0.6,0.45,0.6142,0.5452
Jack Loutit,1050,1050,1510.0,1509.1,1500.0,1500.0,2,1,1,0.5,2,0,0,0.5,,,0.5,0.5,0.5,0.25
Eduardo Nava,1104,801,1509.9,1449.6,1545.6,1500.0,8,3,5,0.375,5,3,0,0.0,1.0,,0.375,0.375,0.545,0.2569
Ruben Bemelmans,547,84,1509.8,1540.1,1450.5,1555.7,326,174,152,0.5337,241,41,44,0.5519,0.3659,0.5909,0.2,0.3,0.5806,0.5572
Michael Linzer,275,254,1509.6,1475.2,1509.4,1500.0,96,42,54,0.4375,2,94,0,0.0,0.4468,,0.3,0.4,0.5962,0.5246
Alexandre Reco,1401,790,1509.6,1500.0,1500.0,1500.0,11,5,6,0.4545,11,0,0,0.4545,,,0.5,0.4545,0.62,0.3293
Bruno Kuzuhara,554,394,1509.5,1440.2,1508.5,1500.0,115,45,70,0.3913,47,68,0,0.3404,0.4265,,0.6,0.5,0.6096,0.5466
Sebastian Fanselow,1003,275,1509.3,1555.9,1447.2,1490.6,249,118,131,0.4739,148,100,1,0.5068,0.43,0.0,0.4,0.35,0.6181,0.586
Martin Sabas,1224,1224,1509.3,1506.9,1500.0,1500.0,4,2,2,0.5,4,0,0,0.5,,,0.5,0.5,0.62,0.25
Elmar Ejupovic,602,273,1509.2,1499.1,1486.2,1500.0,188,87,101,0.4628,75,113,0,0.4533,0.469,,0.4,0.45,0.6181,0.5766
Filip Pieczonka,1036,743,1509.2,1494.9,1497.4,1500.0,28,12,16,0.4286,14,14,0,0.4286,0.4286,,0.3,0.45,0.62,0.4384
Kokoro Isomura,553,448,1509.0,1493.7,1500.0,1500.0,56,28,28,0.5,56,0,0,0.5,,,0.4,0.35,0.62,0.5062
Paul Cayre,1248,1248,1508.9,1508.4,1500.0,1500.0,2,1,1,0.5,2,0,0,0.5,,,0.5,0.5,0.62,0.25
Daniel Munoz de la Nava,1125,77,1508.8,1534.7,1501.9,1487.2,150,83,67,0.5533,15,132,3,0.5333,0.5606,0.3333,0.3,0.3,0.6072,0.5574
Max Wennakoski,1123,1123,1508.7,1508.9,1500.0,1500.0,3,2,1,0.6667,3,0,0,0.6667,,,0.6667,0.6667,0.62,0.25
Alberto Romero De Avila Senise,748,748,1508.6,1531.9,1474.0,1500.0,11,5,6,0.4545,4,7,0,0.75,0.2857,,0.5,0.4545,0.62,0.3293
Marcus Walters,910,910,1508.5,1502.4,1500.0,1501.1,8,4,4,0.5,4,0,4,0.5,,0.5,0.5,0.5,0.62,0.2923
Cosme Rolland De Ravel,,,1508.4,1500.0,1508.5,1500.0,2,1,1,0.5,0,2,0,,0.5,,0.5,0.5,0.62,0.25
Gavin Van Peperzeel,637,251,1508.3,1511.1,1495.8,1500.0,49,23,26,0.4694,37,12,0,0.4595,0.5,,0.6,0.5,0.6102,0.4868
Yuya Ito,,,1508.2,1506.3,1500.0,1500.0,2,1,1,0.5,2,0,0,0.5,,,0.5,0.5,0.62,0.25
Adrian Andreev,874,183,1508.1,1489.7,1569.8,1475.7,241,121,120,0.5021,103,136,2,0.4563,0.5441,0.0,0.1,0.2,0.6095,0.5769
Leon Schutt,866,866,1508.1,1500.0,1511.1,1500.0,3,2,1,0.6667,0,3,0,,0.6667,,0.6667,0.6667,0.62,0.25
Sergi Perez Contri,547,495,1508.0,1472.5,1503.6,1500.0,28,11,17,0.3929,2,26,0,0.0,0.4231,,0.5,0.45,0.62,0.4384
Robert Cash,1307,1307,1508.0,1505.1,1500.0,1500.0,6,3,3,0.5,6,0,0,0.5,,,0.5,0.5,0.62,0.2605
Liam Branger,1406,1406,1508.0,1508.7,1500.0,1500.0,3,2,1,0.6667,3,0,0,0.6667,,,0.6667,0.6667,0.62,0.25
Jackson Ross,1285,1285,1507.9,1507.7,1500.0,1500.0,3,2,1,0.6667,3,0,0,0.6667,,,0.6667,0.6667,0.62,0.25
Tommy Haas,523,523,1507.9,1502.9,1500.0,1500.0,2,1,1,0.5,2,0,0,0.5,,,0.5,0.5,0.62,0.25
Pietro Fellin,493,464,1507.8,1505.7,1490.6,1484.5,30,14,16,0.4667,25,4,1,0.52,0.25,0.0,0.4,0.45,0.62,0.4459
Emilien Demanet,559,559,1507.7,1491.7,1509.9,1500.0,6,3,3,0.5,1,5,0,0.0,0.6,,0.5,0.5,0.6,0.2521
Yuto Oki,,,1507.7,1505.4,1500.0,1500.0,2,1,1,0.5,2,0,0,0.5,,,0.5,0.5,0.62,0.25
Jangjun Kim,1430,1421,1507.6,1505.5,1500.0,1500.0,8,4,4,0.5,8,0,0,0.5,,,0.5,0.5,0.62,0.2923
Gonzalo Escobar,822,281,1507.5,1544.4,1485.8,1500.0,188,94,94,0.5,74,114,0,0.527,0.4825,,0.1,0.4,0.6149,0.5737
Thiemo De Bakker,565,99,1507.3,1566.3,1542.9,1478.7,150,85,65,0.5667,49,95,6,0.6122,0.5579,0.3333,0.2,0.25,0.588,0.5398
Milos Sekulic,812,806,1507.3,1525.5,1489.8,1500.0,17,9,8,0.5294,6,11,0,0.6667,0.4545,,0.5,0.5294,0.5918,0.3637
Nicolas Jadoun,949,949,1507.2,1504.7,1500.0,1500.0,5,3,2,0.6,5,0,0,0.6,,,0.6,0.6,0.62,0.25
Miles Jones,804,804,1506.9,1506.4,1500.0,1500.0,2,1,1,0.5,2,0,0,0.5,,,0.5,0.5,0.62,0.25
Yusuke Takahashi,552,243,1506.8,1497.1,1502.5,1500.0,241,106,135,0.4398,233,8,0,0.4378,0.5,,0.4,0.4,0.617,0.584
Inaki Cabrera Bello,1190,1190,1506.8,1500.0,1504.5,1500.0,2,1,1,0.5,0,2,0,,0.5,,0.5,0.5,0.62,0.25
Andrew Whittington,390,160,1506.7,1510.6,1508.0,1498.9,117,53,64,0.453,86,15,16,0.4419,0.4667,0.5,0.2,0.35,0.5995,0.5385
Aristotelis Thanos,492,435,1506.7,1447.9,1548.4,1500.0,21,9,12,0.4286,5,16,0,0.0,0.5625,,0.4,0.4,0.62,0.4059
Matt Ponchet,828,828,1506.6,1505.3,1500.0,1500.0,2,1,1,0.5,2,0,0,0.5,,,0.5,0.5,0.62,0.25
Melios Efstathiou,797,797,1506.4,1504.2,1500.0,1500.0,3,1,2,0.3333,3,0,0,0.3333,,,0.3333,0.3333,0.62,0.25
Maxim Zhukov,468,455,1506.3,1515.4,1448.6,1500.0,33,16,17,0.4848,29,4,0,0.5517,0.0,,0.4,0.45,0.62,0.456
Martin Fischer,358,218,1506.3,1464.8,1535.6,1500.0,10,5,5,0.5,5,3,2,0.2,1.0,0.5,0.5,0.5,0.536,0.275
Lasse Poertner,1134,1134,1506.3,1500.0,1502.4,1500.0,4,2,2,0.5,0,4,0,,0.5,,0.5,0.5,0.62,0.25
Carlos De La Pena,,,1505.9,1500.0,1510.8,1500.0,3,2,1,0.6667,0,3,0,,0.6667,,0.6667,0.6667,0.62,0.25
Andre Miele,1091,527,1505.6,1486.8,1513.8,1500.0,22,11,11,0.5,3,19,0,0.3333,0.5263,,0.6,0.55,0.6145,0.4076
Peter Fajta,530,484,1505.6,1500.2,1498.2,1500.0,14,6,8,0.4286,6,8,0,0.5,0.375,,0.5,0.4286,0.62,0.358
Guillaume Rufin,319,319,1505.4,1500.0,1504.7,1500.0,6,3,3,0.5,0,6,0,,0.5,,0.5,0.5,0.6,0.2521
Adam Jilly,1275,1275,1505.1,1503.9,1500.0,1500.0,2,1,1,0.5,2,0,0,0.5,,,0.5,0.5,0.62,0.25
Corentin Denolly,496,269,1505.0,1450.8,1494.1,1489.2,155,64,91,0.4129,54,100,1,0.3889,0.43,0.0,0.3,0.35,0.6138,0.5649
Marko Djokovic,571,571,1504.9,1529.7,1472.0,1500.0,13,6,7,0.4615,6,7,0,0.6667,0.2857,,0.4,0.4615,0.62,0.3491
Filipp Kekercheni,661,661,1504.9,1500.0,1505.6,1500.0,8,4,4,0.5,0,8,0,,0.5,,0.5,0.5,0.62,0.2923
Damien Wenger,576,373,1504.7,1463.8,1538.2,1500.0,63,32,31,0.5079,2,61,0,0.0,0.5246,,0.3,0.45,0.6143,0.5111
Clement Geens,604,245,1504.7,1456.0,1514.7,1500.0,61,28,33,0.459,9,52,0,0.2222,0.5,,0.5,0.45,0.62,0.5133
Fred Simonsson,685,633,1504.7,1491.4,1511.7,1500.0,24,11,13,0.4583,5,19,0,0.4,0.4737,,0.5,0.45,0.6,0.4076
Alejandro Moreno,,,1504.7,1504.3,1500.0,1500.0,2,1,1,0.5,2,0,0,0.5,,,0.5,0.5,0.62,0.25
Itsuki Imina,,,1504.6,1505.4,1500.0,1500.0,2,1,1,0.5,2,0,0,0.5,,,0.5,0.5,0.62,0.25
Ryan Haviland,827,763,1504.5,1535.2,1458.8,1499.6,32,17,15,0.5312,23,7,2,0.6087,0.2857,0.5,0.6,0.55,0.605,0.4418
Peter Heller,614,343,1504.4,1439.3,1516.3,1500.0,54,21,33,0.3889,12,42,0,0.25,0.4286,,0.4,0.45,0.62,0.5031
Jonathan Binding,,,1504.4,1500.0,1500.0,1499.0,2,1,1,0.5,0,0,2,,,0.5,0.5,0.5,0.62,0.25
Jeremy Jahn,579,202,1504.3,1444.1,1519.1,1487.5,181,84,97,0.4641,58,122,1,0.3966,0.5,0.0,0.4,0.4,0.6154,0.5727
Shinji Hazawa,813,504,1504.2,1495.1,1500.0,1500.0,61,27,34,0.4426,61,0,0,0.4426,,,0.5,0.5,0.62,0.5133
Soren Hess Olesen,1040,1040,1504.0,1500.0,1503.8,1500.0,2,1,1,0.5,0,2,0,,0.5,,0.5,0.5,0.62,0.25
Uladzimir Ignatik,413,129,1503.9,1442.7,1513.3,1489.8,299,137,162,0.4582,153,143,3,0.4444,0.4755,0.3333,0.4,0.4,0.6052,0.5787
Alex Knaff,644,496,1503.9,1506.5,1486.8,1500.0,16,7,9,0.4375,13,3,0,0.4615,0.3333,,0.4,0.4375,0.62,0.3739
Peter Luczak,,,1503.9,1500.0,1503.2,1500.0,2,1,1,0.5,0,2,0,,0.5,,0.5,0.5,0.5,0.25
Isaac Frost,916,916,1503.9,1501.3,1500.0,1500.0,2,1,1,0.5,2,0,0,0.5,,,0.5,0.5,0.62,0.25
Gian Marco Ortenzi,1320,1320,1503.7,1500.0,1503.7,1500.0,4,2,2,0.5,0,4,0,,0.5,,0.5,0.5,0.62,0.25
Julio Peralta,684,684,1503.7,1500.0,1499.8,1500.0,2,1,1,0.5,0,2,0,,0.5,,0.5,0.5,0.62,0.25
Neal Skupski,,,1503.7,1503.1,1500.0,1500.0,2,1,1,0.5,2,0,0,0.5,,,0.5,0.5,0.62,0.25
Saahith Jayaraman,,,1503.7,1503.9,1500.0,1500.0,2,1,1,0.5,2,0,0,0.5,,,0.5,0.5,0.62,0.25
Mateus Alves,501,271,1503.6,1400.0,1536.6,1500.0,184,85,99,0.462,22,162,0,0.2727,0.4877,,0.3,0.4,0.618,0.5758
Antoine Cornut Chauvinc,548,408,1503.6,1525.0,1410.3,1500.0,47,15,32,0.3191,28,19,0,0.3929,0.2105,,0.5,0.35,0.6047,0.4787
Shao Fan Liu,1255,1255,1503.4,1503.9,1500.0,1500.0,9,5,4,0.5556,9,0,0,0.5556,,,0.5556,0.5556,0.62,0.3058
Ricardo Villacorta Alonso,1867,972,1503.4,1498.7,1500.0,1500.0,4,2,2,0.5,4,0,0,0.5,,,0.5,0.5,0.62,0.25
Alexandre Folie,395,395,1503.2,1500.0,1503.9,1500.0,4,2,2,0.5,0,4,0,,0.5,,0.5,0.5,0.62,0.25
Finn Murgett,911,911,1503.2,1502.7,1500.0,1500.0,2,1,1,0.5,2,0,0,0.5,,,0.5,0.5,0.62,0.25
Nicolas Acevedo,,,1503.1,1500.0,1500.3,1500.0,2,1,1,0.5,0,2,0,,0.5,,0.5,0.5,0.62,0.25
Tim Ruehl,1122,1122,1503.1,1500.0,1503.7,1500.0,2,1,1,0.5,0,2,0,,0.5,,0.5,0.5,0.62,0.25
Bernardo Munk Mesa,2030,2030,1502.9,1505.0,1500.0,1500.0,2,1,1,0.5,2,0,0,0.5,,,0.5,0.5,0.62,0.25
Robert Kelly,,,1502.7,1501.3,1500.0,1500.0,4,2,2,0.5,4,0,0,0.5,,,0.5,0.5,0.62,0.25
Robin Catry,548,491,1502.4,1512.7,1473.6,1500.0,41,19,22,0.4634,33,8,0,0.4848,0.375,,0.5,0.4,0.62,0.4779
Thomas Giraudeau,992,992,1502.4,1500.0,1502.3,1500.0,2,1,1,0.5,0,2,0,,0.5,,0.5,0.5,0.62,0.25
Andrea Gola,1460,1460,1502.4,1500.0,1501.7,1500.0,2,1,1,0.5,0,2,0,,0.5,,0.5,0.5,0.62,0.25
Alessandro Damiano Ventre,,,1502.3,1503.6,1500.0,1500.0,2,1,1,0.5,2,0,0,0.5,,,0.5,0.5,0.62,0.25
Pieter De Lange,1409,1409,1502.2,1500.0,1501.3,1500.0,2,1,1,0.5,0,2,0,,0.5,,0.5,0.5,0.62,0.25
Kasra Rahmani,922,922,1502.2,1499.0,1500.0,1500.0,2,1,1,0.5,2,0,0,0.5,,,0.5,0.5,0.62,0.25
Ivan Bjelica,605,381,1502.1,1503.4,1501.4,1500.0,10,5,5,0.5,8,2,0,0.5,0.5,,0.5,0.5,0.62,0.3181
Wayne Odesnik,167,166,1502.1,1502.1,1500.0,1500.0,6,3,3,0.5,6,0,0,0.5,,,0.5,0.5,0.58,0.25
Filippo Leonardi,674,674,1502.1,1500.0,1502.3,1500.0,2,1,1,0.5,0,2,0,,0.5,,0.5,0.5,0.5,0.25
Filip Kolasinski,1246,1246,1502.1,1500.0,1502.5,1500.0,2,1,1,0.5,0,2,0,,0.5,,0.5,0.5,0.62,0.25
Jeremy Zhang,1718,1718,1502.0,1500.7,1500.0,1500.0,4,2,2,0.5,4,0,0,0.5,,,0.5,0.5,0.62,0.25
Juan Alejandro Hernandez Serrano,492,409,1501.9,1470.3,1487.3,1500.0,86,31,55,0.3605,43,43,0,0.3488,0.3721,,0.3,0.4,0.6116,0.5312
Dominik Kellovsky,580,509,1501.9,1500.4,1476.5,1500.0,63,24,39,0.381,15,48,0,0.4667,0.3542,,0.6,0.5,0.62,0.5159
Erik Holt Crossman,,,1501.9,1499.4,1500.0,1500.0,4,2,2,0.5,4,0,0,0.5,,,0.5,0.5,0.62,0.25
Anton Pavlov,1378,1378,1501.9,1500.0,1499.6,1500.0,2,1,1,0.5,0,2,0,,0.5,,0.5,0.5,0.62,0.25
Hyeong Don Kim,,,1501.9,1502.4,1500.0,1500.0,2,1,1,0.5,2,0,0,0.5,,,0.5,0.5,0.62,0.25
John Patrick Smith,1108,109,1501.8,1506.3,1465.1,1515.0,283,149,134,0.5265,221,16,46,0.5339,0.375,0.5435,0.1,0.25,0.5801,0.5534
Marko Tepavac,520,174,1501.8,1474.0,1504.6,1488.5,79,35,44,0.443,43,35,1,0.4419,0.4571,0.0,0.3,0.4,0.6078,0.5223
Olaf Pieczkowski,507,455,1501.8,1476.0,1527.2,1500.0,46,21,25,0.4565,35,11,0,0.4286,0.5455,,0.4,0.45,0.62,0.4888
Zane Khan,457,457,1501.8,1501.0,1495.7,1500.0,20,7,13,0.35,17,3,0,0.3529,0.3333,,0.5,0.35,0.578,0.3731
Muzammil Murtaza,,,1501.8,1501.1,1500.0,1500.0,2,1,1,0.5,2,0,0,0.5,,,0.5,0.5,0.62,0.25
Chase Ferguson,677,677,1501.7,1500.4,1500.0,1500.0,6,3,3,0.5,6,0,0,0.5,,,0.5,0.5,0.62,0.2605
Henri Laaksonen,778,85,1501.6,1621.6,1499.9,1436.1,402,215,187,0.5348,212,182,8,0.5566,0.5275,0.125,0.2,0.35,0.5901,0.5706
Rodrigo Crespo Piedra,,,1501.6,1501.9,1500.0,1500.0,2,1,1,0.5,2,0,0,0.5,,,0.5,0.5,0.62,0.25
Andrea Fiorentini,879,879,1501.6,1500.0,1501.6,1500.0,2,1,1,0.5,0,2,0,,0.5,,0.5,0.5,0.62,0.25
Alexandre Sidorenko,269,227,1501.5,1532.6,1443.0,1502.0,50,24,26,0.48,41,7,2,0.5366,0.1429,0.5,0.3,0.3,0.5912,0.4733
Marko Miladinovic,843,509,1501.5,1491.2,1496.9,1500.0,10,3,7,0.3,1,9,0,0.0,0.3333,,0.3,0.3,0.572,0.2934
Aliaksandr Liaonenka,842,842,1501.4,1501.3,1500.0,1500.0,8,4,4,0.5,8,0,0,0.5,,,0.5,0.5,0.62,0.2923
Christian Samuelsson,1958,1186,1501.4,1486.0,1511.9,1500.0,4,2,2,0.5,1,3,0,0.0,0.6667,,0.5,0.5,0.62,0.25
Yasunori Hashikawa,,,1501.4,1501.5,1500.0,1500.0,2,1,1,0.5,2,0,0,0.5,,,0.5,0.5,0.62,0.25
Gian Luca Tanner,859,859,1501.4,1501.4,1500.0,1500.0,2,1,1,0.5,2,0,0,0.5,,,0.5,0.5,0.62,0.25
Antonio Veic,330,226,1501.3,1461.9,1507.7,1500.0,26,11,15,0.4231,3,23,0,0.0,0.4783,,0.4,0.45,0.5969,0.4142
Nicolas Arseneault,506,506,1501.3,1494.2,1500.0,1500.0,18,8,10,0.4444,18,0,0,0.4444,,,0.4,0.4444,0.6133,0.3837
Juan Manuel Benitez Chavarriaga,594,594,1501.3,1485.7,1511.9,1500.0,6,3,3,0.5,1,5,0,0.0,0.6,,0.5,0.5,0.62,0.2605
Karl Friberg,362,360,1501.2,1498.6,1484.9,1500.0,54,23,31,0.4259,26,28,0,0.4615,0.3929,,0.3,0.35,0.6067,0.4923
Javier Marti,1120,237,1501.2,1482.8,1504.4,1500.0,37,16,21,0.4324,2,35,0,0.0,0.4571,,0.4,0.35,0.607,0.458
Savva Polukhin,781,781,1501.2,1502.3,1500.0,1500.0,2,1,1,0.5,2,0,0,0.5,,,0.5,0.5,0.62,0.25
Ye Cong Mo,662,527,1501.0,1498.8,1500.0,1500.0,38,18,20,0.4737,38,0,0,0.4737,,,0.5,0.45,0.62,0.4704
Gabriele Piraino,356,345,1500.9,1503.5,1454.8,1500.0,79,28,51,0.3544,13,66,0,0.4615,0.3333,,0.4,0.5,0.6185,0.5314
Nicolas Bianchi,1544,1544,1500.9,1500.0,1501.4,1500.0,2,1,1,0.5,0,2,0,,0.5,,0.5,0.5,0.62,0.25
Samir Iftikhar,,,1500.9,1500.8,1500.0,1500.0,2,1,1,0.5,2,0,0,0.5,,,0.5,0.5,0.62,0.25
Stefan Seifert,761,761,1500.8,1500.0,1501.0,1500.0,2,1,1,0.5,0,2,0,,0.5,,0.5,0.5,0.62,0.25
Baran Cengiz,,,1500.8,1500.3,1500.0,1500.0,2,1,1,0.5,2,0,0,0.5,,,0.5,0.5,0.62,0.25
Vlad Stoica,,,1500.8,1500.0,1501.1,1500.0,2,1,1,0.5,0,2,0,,0.5,,0.5,0.5,0.62,0.25
Yun Seong Chung,,,1500.7,1498.8,1500.0,1500.0,7,3,4,0.4286,7,0,0,0.4286,,,0.4286,0.4286,0.62,0.2773
Ahmed Deedat Abdul Razak,2054,2054,1500.7,1501.6,1500.0,1500.0,2,1,1,0.5,2,0,0,0.5,,,0.5,0.5,0.5,0.25
Dominick Mosejczuk,,,1500.7,1499.3,1500.0,1500.0,2,1,1,0.5,2,0,0,0.5,,,0.5,0.5,0.62,0.25
Kunanan Pantaratorn,2136,2136,1500.7,1500.3,1500.0,1500.0,2,1,1,0.5,2,0,0,0.5,,,0.5,0.5,0.62,0.25
Jack Findel Hawkins,851,845,1500.6,1500.0,1500.0,1490.0,3,1,2,0.3333,0,0,3,,,0.3333,0.3333,0.3333,0.62,0.25
Suthinan Tanthaseraneewat,,,1500.6,1500.8,1500.0,1500.0,2,1,1,0.5,2,0,0,0.5,,,0.5,0.5,0.62,0.25
Nino Serdarusic,1184,167,1500.5,1511.7,1491.2,1476.6,342,150,192,0.4386,108,232,2,0.3981,0.4612,0.0,0.3,0.3,0.6105,0.587
Pablo Manzano Lapuerta,,,1500.5,1500.0,1498.6,1500.0,3,1,2,0.3333,0,3,0,,0.3333,,0.3333,0.3333,0.62,0.25
Dan Alexandru Tomescu,519,481,1500.4,1494.5,1501.0,1500.0,27,12,15,0.4444,5,22,0,0.4,0.4545,,0.5,0.45,0.62,0.4344
Evgeny Korolev,1865,667,1500.4,1503.2,1500.0,1500.0,4,2,2,0.5,4,0,0,0.5,,,0.5,0.5,0.56,0.25
Ilya Vasilyev,655,583,1500.3,1477.5,1514.9,1500.0,15,7,8,0.4667,6,9,0,0.3333,0.5556,,0.6,0.4667,0.588,0.3473
Austin Hussey,,,1500.3,1500.7,1500.0,1500.0,2,1,1,0.5,2,0,0,0.5,,,0.5,0.5,0.62,0.25
Joel Meda,,,1500.3,1499.9,1500.0,1500.0,2,1,1,0.5,2,0,0,0.5,,,0.5,0.5,0.62,0.25
Jeffrey Schorsch,,,1500.2,1500.2,1500.0,1500.0,2,1,1,0.5,2,0,0,0.5,,,0.5,0.5,0.62,0.25
Tomas Curras Abasolo,777,777,1500.1,1500.0,1501.0,1500.0,4,2,2,0.5,0,4,0,,0.5,,0.5,0.5,0.62,0.25
Jean Marc Werner,800,800,1500.1,1500.0,1500.0,1500.0,2,1,1,0.5,0,2,0,,0.5,,0.5,0.5,0.5,0.25
Luiz Eduardo Santos,,,1500.1,1500.0,1499.7,1500.0,2,1,1,0.5,0,2,0,,0.5,,0.5,0.5,0.62,0.25
Daly Meinert,,,1500.1,1500.0,1500.0,1500.0,2,1,1,0.5,2,0,0,0.5,,,0.5,0.5,0.62,0.25
Ilgiz Valiev,,,1500.1,1500.9,1500.0,1500.0,2,1,1,0.5,2,0,0,0.5,,,0.5,0.5,0.62,0.25
Evgeny Elistratov,519,496,1500.0,1483.6,1513.8,1500.0,10,5,5,0.5,7,3,0,0.4286,0.6667,,0.5,0.5,0.596,0.3057
Johan Brunstrom,,,1500.0,1500.0,1500.5,1500.0,2,1,1,0.5,0,2,0,,0.5,,0.5,0.5,0.5,0.25
Nathanael Consalvo,,,1500.0,1500.0,1500.0,1500.0,2,1,1,0.5,2,0,0,0.5,,,0.5,0.5,0.62,0.25
Piotr Lomacki,1035,1035,1500.0,1500.0,1500.4,1500.0,2,1,1,0.5,0,2,0,,0.5,,0.5,0.5,0.62,0.25
Arturo Schmidt,,,1500.0,1499.9,1500.0,1500.0,2,1,1,0.5,2,0,0,0.5,,,0.5,0.5,0.62,0.25
Ricky Medinilla,1482,1482,1500.0,1501.3,1500.0,1500.0,2,1,1,0.5,2,0,0,0.5,,,0.5,0.5,0.62,0.25
Matej Maruscak,1297,1297,1500.0,1500.0,1500.0,1500.0,2,1,1,0.5,2,0,0,0.5,,,0.5,0.5,0.62,0.25
Santiago Besada,1595,1595,1500.0,1500.0,1500.6,1500.0,2,1,1,0.5,0,2,0,,0.5,,0.5,0.5,0.62,0.25
Medhir Goyal,,,1499.9,1499.9,1500.0,1500.0,2,1,1,0.5,2,0,0,0.5,,,0.5,0.5,0.62,0.25
Wen Chun Liang,1319,1319,1499.9,1499.8,1500.0,1500.0,2,1,1,0.5,2,0,0,0.5,,,0.5,0.5,0.62,0.25
Gerard Campana Lee,664,332,1499.8,1467.2,1495.8,1500.0,128,59,69,0.4609,6,122,0,0.1667,0.4754,,0.5,0.4,0.62,0.5616
Mate Pavic,929,404,1499.8,1476.8,1486.7,1523.8,23,10,13,0.4348,14,3,6,0.3571,0.3333,0.6667,0.4,0.5,0.5052,0.3393
Christian Sigsgaard,550,510,1499.8,1487.9,1506.0,1500.0,8,3,5,0.375,1,7,0,0.0,0.4286,,0.375,0.375,0.62,0.2923
Dorian Tomaz Janezic,,,1499.8,1499.8,1500.0,1500.0,2,1,1,0.5,2,0,0,0.5,,,0.5,0.5,0.62,0.25
Lucas Miedler,1528,201,1499.7,1491.1,1507.7,1475.6,270,129,141,0.4778,160,108,2,0.5062,0.4444,0.0,0.3,0.25,0.6058,0.5766
Jakob Sude,866,866,1499.7,1512.7,1486.0,1500.0,6,3,3,0.5,5,1,0,0.6,0.0,,0.5,0.5,0.62,0.2605
Hoang Anh Khoa Tran,,,1499.7,1499.9,1500.0,1500.0,2,1,1,0.5,2,0,0,0.5,,,0.5,0.5,0.62,0.25
Roman Blokhin,1554,1554,1499.7,1499.9,1500.0,1500.0,2,1,1,0.5,2,0,0,0.5,,,0.5,0.5,0.62,0.25
Tyler Bowers,,,1499.7,1499.7,1500.0,1500.0,2,1,1,0.5,2,0,0,0.5,,,0.5,0.5,0.62,0.25
Joao Vitor Prado Festa,,,1499.6,1500.0,1499.7,1500.0,2,1,1,0.5,0,2,0,,0.5,,0.5,0.5,0.62,0.25
Gergely Kisgyorgy,,,1499.6,1498.5,1500.0,1500.0,2,1,1,0.5,2,0,0,0.5,,,0.5,0.5,0.62,0.25
Skyler Butts,1996,1996,1499.6,1499.6,1500.0,1500.0,2,1,1,0.5,2,0,0,0.5,,,0.5,0.5,0.62,0.25
David Nguyen,1283,1283,1499.6,1498.4,1500.0,1500.0,2,1,1,0.5,2,0,0,0.5,,,0.5,0.5,0.62,0.25
Tillmann Erdbories,,,1499.6,1500.0,1500.1,1500.0,2,1,1,0.5,0,2,0,,0.5,,0.5,0.5,0.62,0.25
Jordi Samper Montana,483,180,1499.5,1379.5,1548.1,1488.0,131,56,75,0.4275,23,107,1,0.1739,0.486,0.0,0.4,0.5,0.598,0.5428
Manuel Mouilleron Salvo,1241,1241,1499.5,1500.0,1499.5,1500.0,2,1,1,0.5,0,2,0,,0.5,,0.5,0.5,0.62,0.25
Axel Michon,684,197,1499.4,1487.1,1500.2,1490.6,134,56,78,0.4179,41,88,5,0.4146,0.4205,0.4,0.3,0.45,0.6066,0.5517
Vignesh Peranamallur,1547,1547,1499.4,1499.4,1500.0,1500.0,2,1,1,0.5,2,0,0,0.5,,,0.5,0.5,0.62,0.25
Yousaf Khalil,,,1499.4,1499.4,1500.0,1500.0,2,1,1,0.5,2,0,0,0.5,,,0.5,0.5,0.62,0.25
Stephan Hoiss,1841,1841,1499.3,1500.0,1499.5,1500.0,2,1,1,0.5,0,2,0,,0.5,,0.5,0.5,0.5,0.25
Matthieu Roy,1176,1176,1499.3,1499.9,1500.0,1500.0,2,1,1,0.5,2,0,0,0.5,,,0.5,0.5,0.62,0.25
Max Andrews,,,1499.3,1500.0,1500.0,1500.0,2,1,1,0.5,0,2,0,,0.5,,0.5,0.5,0.62,0.25
Lilian Breut,2111,2111,1499.3,1499.7,1500.0,1500.0,2,1,1,0.5,2,0,0,0.5,,,0.5,0.5,0.62,0.25
Julian Gimenez,1120,1120,1499.3,1500.0,1499.4,1500.0,2,1,1,0.5,0,2,0,,0.5,,0.5,0.5,0.62,0.25
Raghav Jaisinghani,1460,1460,1499.3,1499.2,1500.0,1500.0,2,1,1,0.5,2,0,0,0.5,,,0.5,0.5,0.62,0.25
Ryotaro Taguchi,933,545,1499.2,1491.3,1500.0,1500.0,18,8,10,0.4444,18,0,0,0.4444,,,0.4,0.4444,0.62,0.3878
Ko Suzuki,1263,1142,1499.2,1498.5,1500.0,1500.0,6,3,3,0.5,6,0,0,0.5,,,0.5,0.5,0.62,0.2605
Mladen Mitak,1622,1622,1499.2,1500.0,1499.2,1500.0,2,1,1,0.5,0,2,0,,0.5,,0.5,0.5,0.5,0.25
Milan Drinic,706,706,1499.2,1500.0,1497.7,1500.0,2,1,1,0.5,0,2,0,,0.5,,0.5,0.5,0.62,0.25
Junghee You,1521,1521,1499.2,1499.5,1500.0,1500.0,2,1,1,0.5,2,0,0,0.5,,,0.5,0.5,0.62,0.25
Ronan Joncour,803,785,1499.1,1500.0,1498.9,1500.0,4,2,2,0.5,0,4,0,,0.5,,0.5,0.5,0.62,0.25
Russell Benkaim,,,1499.1,1500.0,1497.8,1500.0,2,1,1,0.5,0,2,0,,0.5,,0.5,0.5,0.62,0.25
Benjamin Chelia,1945,1945,1499.1,1500.0,1499.6,1500.0,2,1,1,0.5,0,2,0,,0.5,,0.5,0.5,0.62,0.25
Luis Felipe Miguel,1211,1211,1499.1,1500.0,1499.3,1500.0,2,1,1,0.5,0,2,0,,0.5,,0.5,0.5,0.62,0.25
Marat Deviatiarov,668,668,1499.0,1498.9,1500.0,1500.0,2,1,1,0.5,2,0,0,0.5,,,0.5,0.5,0.62,0.25
Jose Antonio Dugo Reyes,,,1499.0,1498.4,1500.0,1500.0,2,1,1,0.5,2,0,0,0.5,,,0.5,0.5,0.62,0.25
Isaac Arturo Arevalo,,,1499.0,1499.9,1500.0,1500.0,2,1,1,0.5,2,0,0,0.5,,,0.5,0.5,0.62,0.25
Juan Pablo Canas Garcia,1951,1459,1498.9,1499.0,1499.4,1500.0,4,2,2,0.5,2,2,0,0.5,0.5,,0.5,0.5,0.62,0.25
Cedric Willems,,,1498.9,1500.0,1499.4,1500.0,2,1,1,0.5,0,2,0,,0.5,,0.5,0.5,0.62,0.25
Michal Schmid,619,619,1498.9,1500.0,1499.1,1500.0,2,1,1,0.5,0,2,0,,0.5,,0.5,0.5,0.62,0.25
Razvan Baiant,,,1498.9,1500.0,1500.0,1500.0,2,1,1,0.5,2,0,0,0.5,,,0.5,0.5,0.62,0.25
Sebastian Rodriguez,1678,1678,1498.9,1500.0,1499.0,1500.0,2,1,1,0.5,0,2,0,,0.5,,0.5,0.5,0.62,0.25
Keith Patrick Crowley,735,735,1498.8,1499.1,1500.0,1500.0,2,1,1,0.5,2,0,0,0.5,,,0.5,0.5,0.62,0.25
Siphosothando Montsi,,,1498.8,1499.5,1500.0,1500.0,2,1,1,0.5,2,0,0,0.5,,,0.5,0.5,0.62,0.25
Patrik Trhac,,,1498.8,1499.1,1500.0,1500.0,2,1,1,0.5,2,0,0,0.5,,,0.5,0.5,0.62,0.25
Matyas Cerny,705,705,1498.5,1497.3,1494.6,1500.0,21,9,12,0.4286,2,19,0,0.5,0.4211,,0.4,0.45,0.62,0.4059
Henry Patten,468,468,1498.5,1507.0,1500.0,1485.3,7,3,4,0.4286,6,0,1,0.5,,0.0,0.4286,0.4286,0.62,0.2773
Florian Reynet,1329,1329,1498.5,1499.4,1500.0,1500.0,2,1,1,0.5,2,0,0,0.5,,,0.5,0.5,0.62,0.25
Joao Walendowsky,1397,1397,1498.5,1500.0,1499.0,1500.0,2,1,1,0.5,0,2,0,,0.5,,0.5,0.5,0.62,0.25
Mattia Mannocci,,,1498.5,1500.0,1498.6,1500.0,2,1,1,0.5,0,2,0,,0.5,,0.5,0.5,0.62,0.25
Daniel Nolan,703,634,1498.4,1497.2,1500.0,1500.0,17,8,9,0.4706,17,0,0,0.4706,,,0.4,0.4706,0.62,0.3811
Albert Alcaraz Ivorra,467,380,1498.4,1491.3,1502.6,1500.0,7,3,4,0.4286,1,6,0,0.0,0.5,,0.4286,0.4286,0.6029,0.2696
Suraj Beniwal,1896,1896,1498.4,1498.4,1500.0,1500.0,2,1,1,0.5,2,0,0,0.5,,,0.5,0.5,0.62,0.25
Michael Shabaz,1606,1606,1498.4,1498.7,1500.0,1500.0,2,1,1,0.5,2,0,0,0.5,,,0.5,0.5,0.62,0.25
Andrea Basso,974,305,1498.3,1502.5,1485.6,1488.2,73,33,40,0.4521,18,54,1,0.4444,0.463,0.0,0.4,0.45,0.6184,0.5257
Hiromasa Oku,787,787,1498.3,1498.4,1500.0,1500.0,2,1,1,0.5,2,0,0,0.5,,,0.5,0.5,0.62,0.25
Jordan Smith,1311,1311,1498.3,1498.8,1500.0,1500.0,2,1,1,0.5,2,0,0,0.5,,,0.5,0.5,0.62,0.25
Amir Milushev,1330,1330,1498.3,1500.6,1500.0,1500.0,2,1,1,0.5,2,0,0,0.5,,,0.5,0.5,0.62,0.25
Michael Russell,245,146,1498.2,1520.4,1476.5,1500.0,14,7,7,0.5,12,2,0,0.5833,0.0,,0.3,0.5,0.5343,0.3085
Nik Razborsek,456,456,1498.2,1474.9,1521.3,1500.0,14,6,8,0.4286,2,12,0,0.0,0.5,,0.4,0.4286,0.6029,0.3481
Viacheslav Bielinskyi,526,526,1498.2,1500.0,1498.8,1500.0,3,1,2,0.3333,0,3,0,,0.3333,,0.3333,0.3333,0.62,0.25
Tao Castillo Bernal,,,1498.2,1500.0,1498.8,1500.0,2,1,1,0.5,0,2,0,,0.5,,0.5,0.5,0.62,0.25
Sergiu Ioan Bucur,1187,1187,1498.2,1500.0,1498.6,1500.0,2,1,1,0.5,0,2,0,,0.5,,0.5,0.5,0.62,0.25
Shuichi Sekiguchi,621,261,1497.9,1490.6,1488.8,1500.0,176,86,90,0.4886,167,9,0,0.491,0.4444,,0.5,0.4,0.6145,0.5708
Julian Onken,722,721,1497.9,1500.0,1497.3,1500.0,6,3,3,0.5,0,6,0,,0.5,,0.5,0.5,0.62,0.2605
Maxim Dubarenco,388,260,1497.7,1499.4,1501.3,1500.0,26,12,14,0.4615,11,15,0,0.4545,0.4667,,0.5,0.45,0.5923,0.411
David Souto,888,684,1497.7,1500.0,1496.5,1500.0,6,3,3,0.5,0,6,0,,0.5,,0.5,0.5,0.62,0.2605
Diego Garcia Dalisay,1894,1894,1497.7,1497.8,1500.0,1500.0,2,1,1,0.5,2,0,0,0.5,,,0.5,0.5,0.62,0.25
Thomas Susen,,,1497.7,1498.1,1500.0,1500.0,2,1,1,0.5,2,0,0,0.5,,,0.5,0.5,0.62,0.25
Guy Orly Iradukunda,959,899,1497.6,1526.5,1483.2,1500.0,12,6,6,0.5,4,8,0,0.75,0.375,,0.4,0.5,0.62,0.3396
Tomislav Jotovski,575,575,1497.6,1500.0,1498.3,1500.0,2,1,1,0.5,0,2,0,,0.5,,0.5,0.5,0.62,0.25
Alejandro Gonzalez,451,92,1497.5,1512.8,1486.0,1478.0,274,137,137,0.5,125,145,4,0.56,0.4552,0.25,0.3,0.4,0.599,0.5705
Lorenzo Carboni,458,427,1497.5,1480.7,1475.2,1500.0,56,21,35,0.375,23,33,0,0.4348,0.3333,,0.4,0.4,0.62,0.5062
Kevin Griekspoor,689,657,1497.5,1521.0,1471.4,1500.0,10,5,5,0.5,8,2,0,0.625,0.0,,0.5,0.5,0.62,0.3181
Joshua Sapwell,,,1497.5,1500.0,1500.0,1499.9,2,1,1,0.5,0,0,2,,,0.5,0.5,0.5,0.62,0.25
Jorge Martinez Martinez,652,603,1497.4,1500.0,1496.2,1500.0,3,1,2,0.3333,0,3,0,,0.3333,,0.3333,0.3333,0.62,0.25
Joao Gabriel Velloso,,,1497.4,1500.0,1497.8,1500.0,2,1,1,0.5,0,2,0,,0.5,,0.5,0.5,0.62,0.25
Yankel Zemel,1074,1074,1497.4,1498.0,1500.0,1500.0,2,1,1,0.5,2,0,0,0.5,,,0.5,0.5,0.62,0.25
Daniel Rodrigues,689,600,1497.3,1509.0,1487.0,1500.0,12,6,6,0.5,9,3,0,0.5556,0.3333,,0.5,0.5,0.62,0.3396
Pawit Sornlaksup,627,627,1497.3,1495.2,1500.0,1500.0,7,3,4,0.4286,7,0,0,0.4286,,,0.4286,0.4286,0.62,0.2773
Nebojsa Peric,1364,1364,1497.3,1497.4,1500.0,1500.0,2,1,1,0.5,2,0,0,0.5,,,0.5,0.5,0.62,0.25
Marc Fornell Mestres,1153,1153,1497.3,1500.0,1496.8,1500.0,2,1,1,0.5,0,2,0,,0.5,,0.5,0.5,0.62,0.25
Ki Lung Ng,,,1497.3,1496.5,1500.0,1500.0,1,0,1,0.0,1,0,0,0.0,,,0.0,0.0,0.5,0.25
Billy Suarez,1051,1051,1497.2,1494.7,1503.7,1500.0,4,2,2,0.5,2,2,0,0.5,0.5,,0.5,0.5,0.62,0.25
Vasile Alexandru Ghilea,642,642,1497.2,1500.0,1497.9,1500.0,2,1,1,0.5,0,2,0,,0.5,,0.5,0.5,0.62,0.25
Gabriel De Andrade Bendazoli,,,1497.1,1500.0,1497.1,1500.0,2,1,1,0.5,0,2,0,,0.5,,0.5,0.5,0.62,0.25
Anas Mazdrashki,954,954,1496.9,1488.4,1508.4,1500.0,5,2,3,0.4,1,4,0,0.0,0.5,,0.4,0.4,0.62,0.25
Alex Blumenberg,933,933,1496.9,1499.1,1498.0,1500.0,4,2,2,0.5,2,2,0,0.5,0.5,,0.5,0.5,0.62,0.25
Damien Salvestre,1304,1304,1496.9,1497.0,1500.0,1500.0,4,2,2,0.5,4,0,0,0.5,,,0.5,0.5,0.62,0.25
Jie Cui,396,281,1496.8,1475.1,1458.2,1500.0,120,47,73,0.3917,115,5,0,0.4,0.2,,0.3,0.3,0.611,0.5502
Alessandro Battiston,1444,1444,1496.8,1500.0,1494.4,1500.0,1,0,1,0.0,0,1,0,,0.0,,0.0,0.0,0.62,0.25
Alessandro Rubini,,,1496.8,1500.0,1496.5,1500.0,1,0,1,0.0,0,1,0,,0.0,,0.0,0.0,0.62,0.25
Jean Yves Aubone,600,478,1496.7,1495.8,1501.8,1500.0,6,3,3,0.5,4,2,0,0.5,0.5,,0.5,0.5,0.62,0.2605
Nathan Eshmade,1222,1222,1496.7,1496.7,1500.0,1500.0,3,1,2,0.3333,3,0,0,0.3333,,,0.3333,0.3333,0.62,0.25
Benjamin Dhoe,819,819,1496.7,1500.0,1498.6,1500.0,2,1,1,0.5,0,2,0,,0.5,,0.5,0.5,0.62,0.25
Eric Hadigian,956,956,1496.7,1496.1,1500.0,1500.0,1,0,1,0.0,1,0,0,0.0,,,0.0,0.0,0.5,0.25
Mikael Torpegaard,491,166,1496.6,1514.2,1460.9,1475.4,183,96,87,0.5246,153,26,4,0.5556,0.3846,0.25,0.3,0.4,0.6062,0.5646
Mitsuki Wei Kang Leong,649,618,1496.6,1491.3,1500.0,1500.0,47,23,24,0.4894,47,0,0,0.4894,,,0.4,0.45,0.62,0.4908
Artem Vu,,,1496.6,1498.5,1500.0,1500.0,2,1,1,0.5,2,0,0,0.5,,,0.5,0.5,0.62,0.25
Mayeul Darras,1491,1491,1496.6,1500.0,1496.1,1500.0,1,0,1,0.0,0,1,0,,0.0,,0.0,0.0,0.5,0.25
Ian Mayew,,,1496.6,1496.1,1500.0,1500.0,1,0,1,0.0,1,0,0,0.0,,,0.0,0.0,0.62,0.25
Ayoub Benamar,,,1496.5,1500.0,1497.0,1500.0,2,1,1,0.5,0,2,0,,0.5,,0.5,0.5,0.62,0.25
Pyry Hyrkkonen,,,1496.5,1500.0,1497.2,1500.0,2,1,1,0.5,0,2,0,,0.5,,0.5,0.5,0.62,0.25
Emilien Voisin,522,515,1496.4,1506.3,1481.1,1500.0,12,5,7,0.4167,4,8,0,0.5,0.375,,0.4,0.4167,0.62,0.3396
Hugo Voljacques,684,684,1496.4,1500.8,1500.0,1500.0,4,2,2,0.5,4,0,0,0.5,,,0.5,0.5,0.62,0.25
James Van Deinse,,,1496.4,1495.7,1500.0,1500.0,1,0,1,0.0,1,0,0,0.0,,,0.0,0.0,0.62,0.25
Alessio Basile,1369,1369,1496.4,1495.1,1500.0,1500.0,1,0,1,0.0,1,0,0,0.0,,,0.0,0.0,0.5,0.25
Andrea De Marchi,1438,1438,1496.3,1500.0,1496.7,1500.0,2,1,1,0.5,0,2,0,,0.5,,0.5,0.5,0.62,0.25
Ye Chen,1652,1652,1496.3,1496.0,1500.0,1500.0,1,0,1,0.0,1,0,0,0.0,,,0.0,0.0,0.5,0.25
Adam Pavlasek,578,83,1496.2,1492.5,1513.7,1499.4,235,133,102,0.566,58,171,6,0.4483,0.6082,0.5,0.2,0.3,0.6052,0.5721
Artem Smirnov,587,226,1496.2,1441.7,1530.9,1488.0,64,28,36,0.4375,17,46,1,0.2941,0.5,0.0,0.3,0.5,0.6087,0.5077
Sebastian Sec,,,1496.2,1496.0,1500.0,1500.0,1,0,1,0.0,1,0,0,0.0,,,0.0,0.0,0.5,0.25
Ainius Sabaliauskas,1793,1793,1496.2,1495.7,1500.0,1500.0,1,0,1,0.0,1,0,0,0.0,,,0.0,0.0,0.62,0.25
Liam Gavrielides,1563,578,1496.1,1456.9,1516.4,1487.6,33,12,21,0.3636,9,23,1,0.2222,0.4348,0.0,0.5,0.4,0.6164,0.4533
Gui Gomes,,,1496.1,1495.9,1500.0,1500.0,4,2,2,0.5,4,0,0,0.5,,,0.5,0.5,0.62,0.25
Mubarak Zaid,,,1496.1,1494.7,1500.0,1500.0,1,0,1,0.0,1,0,0,0.0,,,0.0,0.0,0.5,0.25
Kai Thompson,1941,1941,1496.1,1493.1,1500.0,1500.0,1,0,1,0.0,1,0,0,0.0,,,0.0,0.0,0.5,0.25
Luca Preda,765,765,1496.0,1480.3,1503.6,1500.0,12,4,8,0.3333,6,6,0,0.3333,0.3333,,0.3,0.3333,0.6,0.3286
Logan Smith,1784,982,1496.0,1495.7,1500.0,1500.0,10,5,5,0.5,10,0,0,0.5,,,0.5,0.5,0.62,0.3181
John Hallquist Lithen,,,1496.0,1500.9,1489.1,1500.0,3,1,2,0.3333,2,1,0,0.5,0.0,,0.3333,0.3333,0.58,0.25
Amit Vales,861,847,1495.9,1496.0,1492.8,1499.1,11,5,6,0.4545,8,1,2,0.5,0.0,0.5,0.4,0.4545,0.62,0.3293
Shane Monroe,,,1495.9,1496.4,1500.0,1500.0,2,1,1,0.5,2,0,0,0.5,,,0.5,0.5,0.62,0.25
Micke Kontinen,379,379,1495.8,1500.0,1498.7,1500.0,4,2,2,0.5,0,4,0,,0.5,,0.5,0.5,0.56,0.25
Alan Kohen,1407,1407,1495.8,1499.0,1500.0,1500.0,2,1,1,0.5,2,0,0,0.5,,,0.5,0.5,0.62,0.25
Noah Gabriel,1706,1706,1495.8,1500.0,1500.0,1491.0,1,0,1,0.0,0,0,1,,,0.0,0.0,0.0,0.5,0.25
Julian Zlobinsky,1008,967,1495.7,1495.0,1500.0,1500.0,8,4,4,0.5,8,0,0,0.5,,,0.5,0.5,0.605,0.2852
Pablo Martinez Gomez,713,713,1495.7,1503.7,1488.6,1500.0,7,3,4,0.4286,6,1,0,0.5,0.0,,0.4286,0.4286,0.62,0.2773
Eward Covalschi,,,1495.7,1495.6,1500.0,1500.0,2,1,1,0.5,2,0,0,0.5,,,0.5,0.5,0.62,0.25
Stefan Horia Haita,,,1495.7,1500.0,1495.0,1500.0,1,0,1,0.0,0,1,0,,0.0,,0.0,0.0,0.5,0.25
Edward Bourchier,995,995,1495.5,1493.8,1500.0,1500.0,14,7,7,0.5,14,0,0,0.5,,,0.5,0.5,0.6114,0.353
Max Schoenhaus,470,470,1495.5,1527.9,1460.1,1487.7,13,4,9,0.3077,5,7,1,0.6,0.1429,0.0,0.4,0.3077,0.6108,0.3439
Hunter Heck,1032,1032,1495.5,1494.0,1500.0,1500.0,7,3,4,0.4286,7,0,0,0.4286,,,0.4286,0.4286,0.62,0.2773
Diego Balderas,,,1495.5,1500.0,1495.3,1500.0,1,0,1,0.0,0,1,0,,0.0,,0.0,0.0,0.62,0.25
Nate Bonetto,,,1495.5,1493.5,1500.0,1500.0,1,0,1,0.0,1,0,0,0.0,,,0.0,0.0,0.5,0.25
Ismail Saadi,,,1495.4,1500.0,1489.1,1500.0,1,0,1,0.0,0,1,0,,0.0,,0.0,0.0,0.5,0.25
Izyan Ahmad,,,1495.4,1493.4,1500.0,1500.0,1,0,1,0.0,1,0,0,0.0,,,0.0,0.0,0.5,0.25
Gabriel Alejandro Hidalgo,518,513,1495.3,1500.0,1495.8,1500.0,11,5,6,0.4545,0,11,0,,0.4545,,0.5,0.4545,0.62,0.3293
Hong Kit Jack Wong,1467,1467,1495.3,1494.3,1500.0,1500.0,1,0,1,0.0,1,0,0,0.0,,,0.0,0.0,0.5,0.25
Nikos Lehmann,979,979,1495.2,1500.0,1495.8,1500.0,4,2,2,0.5,0,4,0,,0.5,,0.5,0.5,0.62,0.25
Vitek Horak,1539,1539,1495.2,1500.0,1495.4,1500.0,2,1,1,0.5,0,2,0,,0.5,,0.5,0.5,0.62,0.25
Simon Yitbarek,806,806,1495.2,1490.1,1500.0,1500.0,1,0,1,0.0,1,0,0,0.0,,,0.0,0.0,0.5,0.25
Mateusz Lange,,,1495.2,1500.0,1495.5,1500.0,1,0,1,0.0,0,1,0,,0.0,,0.0,0.0,0.62,0.25
Teodor Davidov,1576,1576,1495.2,1500.0,1491.6,1500.0,1,0,1,0.0,0,1,0,,0.0,,0.0,0.0,0.62,0.25
Bar Tzuf Botzer,1827,570,1495.1,1472.6,1525.5,1500.0,10,5,5,0.5,6,4,0,0.3333,0.75,,0.5,0.5,0.62,0.3181
Jorge Blanco Guadalupe,1226,1226,1495.1,1501.5,1500.0,1500.0,4,2,2,0.5,4,0,0,0.5,,,0.5,0.5,0.62,0.25
Egor Noskin,1386,1386,1495.1,1495.7,1500.0,1500.0,2,1,1,0.5,2,0,0,0.5,,,0.5,0.5,0.62,0.25
Henrik Bladelius,,,1495.1,1494.3,1500.0,1500.0,1,0,1,0.0,1,0,0,0.0,,,0.0,0.0,0.62,0.25
Fumin Jiang,1460,1460,1495.1,1494.7,1500.0,1500.0,1,0,1,0.0,1,0,0,0.0,,,0.0,0.0,0.5,0.25
Uisung Park,717,639,1495.0,1488.5,1500.0,1500.0,27,11,16,0.4074,27,0,0,0.4074,,,0.3,0.5,0.62,0.4344
Jake Fellows,,,1495.0,1494.0,1500.0,1500.0,1,0,1,0.0,1,0,0,0.0,,,0.0,0.0,0.5,0.25
Nicola Porcu,,,1495.0,1500.0,1488.0,1500.0,1,0,1,0.0,0,1,0,,0.0,,0.0,0.0,0.62,0.25
Louis Tessa,1007,735,1494.9,1496.7,1485.7,1500.0,17,7,10,0.4118,7,10,0,0.4286,0.4,,0.4,0.4118,0.6129,0.3767
Hunter Callahan,707,707,1494.9,1506.3,1489.4,1500.0,11,5,6,0.4545,8,3,0,0.5,0.3333,,0.4,0.4545,0.62,0.3293
Dominik Boehler,836,749,1494.9,1500.0,1483.9,1500.0,3,1,2,0.3333,0,3,0,,0.3333,,0.3333,0.3333,0.62,0.25
Hamza Karmoussi,,,1494.9,1500.0,1495.2,1500.0,1,0,1,0.0,0,1,0,,0.0,,0.0,0.0,0.5,0.25
Maxim Kravtsov,,,1494.8,1493.9,1500.0,1500.0,1,0,1,0.0,1,0,0,0.0,,,0.0,0.0,0.5,0.25
Jordan Sauer,,,1494.8,1494.8,1500.0,1500.0,1,0,1,0.0,1,0,0,0.0,,,0.0,0.0,0.62,0.25
Kris Krawcewicz,1780,1780,1494.8,1493.0,1500.0,1500.0,1,0,1,0.0,1,0,0,0.0,,,0.0,0.0,0.5,0.25
Deni Zmak,,,1494.8,1500.0,1494.3,1500.0,1,0,1,0.0,0,1,0,,0.0,,0.0,0.0,0.5,0.25
Ludvig Fredrik Hede,,,1494.8,1500.0,1494.0,1500.0,1,0,1,0.0,0,1,0,,0.0,,0.0,0.0,0.5,0.25
Hunter Tubert,,,1494.7,1495.2,1500.0,1500.0,4,2,2,0.5,4,0,0,0.5,,,0.5,0.5,0.62,0.25
Saki Tange,1511,1511,1494.7,1494.4,1500.0,1500.0,2,1,1,0.5,2,0,0,0.5,,,0.5,0.5,0.62,0.25
Victor Ernaelsteen,1862,1862,1494.7,1494.3,1500.0,1500.0,1,0,1,0.0,1,0,0,0.0,,,0.0,0.0,0.62,0.25
Herkko Pollanen,1382,1372,1494.6,1483.7,1513.5,1500.0,8,4,4,0.5,5,3,0,0.4,0.6667,,0.5,0.5,0.62,0.2923
Mehdi Benchakroun,2100,2100,1494.6,1500.0,1494.8,1500.0,1,0,1,0.0,0,1,0,,0.0,,0.0,0.0,0.5,0.25
Ghanim Al Sulaiti,,,1494.6,1492.2,1500.0,1500.0,1,0,1,0.0,1,0,0,0.0,,,0.0,0.0,0.5,0.25
Karl Poling,567,552,1494.5,1459.2,1544.5,1477.0,57,27,30,0.4737,39,16,2,0.4359,0.625,0.0,0.5,0.5,0.6137,0.5025
Lamine Ouahab,928,220,1494.5,1500.0,1492.3,1500.0,26,13,13,0.5,0,26,0,,0.5,,0.3,0.4,0.6062,0.4206
Colin Fleming,,,1494.5,1501.6,1500.0,1488.8,3,1,2,0.3333,2,0,1,0.5,,0.0,0.3333,0.3333,0.5,0.25
Trevor Allen Johnson,968,968,1494.5,1494.5,1500.0,1500.0,3,1,2,0.3333,3,0,0,0.3333,,,0.3333,0.3333,0.62,0.25
Jason Jeremy Hildebrandt,,,1494.5,1500.0,1490.1,1500.0,1,0,1,0.0,0,1,0,,0.0,,0.0,0.0,0.5,0.25
Henry Lamchinniah,,,1494.5,1495.3,1500.0,1500.0,1,0,1,0.0,1,0,0,0.0,,,0.0,0.0,0.5,0.25
Leonardo Storck Franca,,,1494.5,1500.0,1494.3,1500.0,1,0,1,0.0,0,1,0,,0.0,,0.0,0.0,0.62,0.25
Illia Biloborodko,828,828,1494.4,1500.0,1494.3,1500.0,1,0,1,0.0,0,1,0,,0.0,,0.0,0.0,0.62,0.25
Danylo Kalenichenko,510,463,1494.3,1475.4,1490.3,1500.0,44,18,26,0.4091,24,20,0,0.375,0.45,,0.5,0.45,0.62,0.4847
Emilio Camacho,,,1494.3,1500.0,1494.1,1500.0,1,0,1,0.0,0,1,0,,0.0,,0.0,0.0,0.62,0.25
Aisam Ul Haq Qureshi,,,1494.2,1480.3,1500.0,1512.0,5,2,3,0.4,2,0,3,0.0,,0.6667,0.4,0.4,0.5,0.25
Ofek Shimanov,1213,1213,1494.2,1492.3,1500.0,1500.0,1,0,1,0.0,1,0,0,0.0,,,0.0,0.0,0.62,0.25
Lukas Lacko,508,78,1494.1,1534.3,1397.7,1538.9,311,172,139,0.5531,251,21,39,0.5737,0.1429,0.641,0.2,0.15,0.5876,0.5628
Etienne Donnet,449,449,1494.1,1510.9,1471.8,1500.0,14,6,8,0.4286,12,2,0,0.5,0.0,,0.3,0.4286,0.62,0.358
Dev Javia,887,613,1494.1,1483.6,1509.3,1500.0,6,3,3,0.5,3,3,0,0.3333,0.6667,,0.5,0.5,0.62,0.2605
Yua Taka,,,1494.1,1493.1,1500.0,1500.0,1,0,1,0.0,1,0,0,0.0,,,0.0,0.0,0.62,0.25
Jai Corbett,1353,1353,1494.0,1487.1,1500.0,1500.0,3,1,2,0.3333,3,0,0,0.3333,,,0.3333,0.3333,0.62,0.25
Arnaud Bovy,693,693,1494.0,1491.9,1500.0,1500.0,1,0,1,0.0,1,0,0,0.0,,,0.0,0.0,0.5,0.25
Tal Goldengoren,815,677,1493.9,1492.4,1500.0,1500.0,3,1,2,0.3333,3,0,0,0.3333,,,0.3333,0.3333,0.62,0.25
Alexander Maarten Jong,1089,1089,1493.9,1500.0,1488.9,1500.0,3,1,2,0.3333,0,3,0,,0.3333,,0.3333,0.3333,0.62,0.25
Krish Arora,,,1493.8,1492.6,1500.0,1500.0,1,0,1,0.0,1,0,0,0.0,,,0.0,0.0,0.5,0.25
Isaac Becroft,1018,861,1493.7,1490.5,1500.0,1500.0,2,0,2,0.0,2,0,0,0.0,,,0.0,0.0,0.5,0.25
Antun Vidak,1867,1867,1493.7,1500.0,1493.0,1500.0,1,0,1,0.0,0,1,0,,0.0,,0.0,0.0,0.62,0.25
Rohan Bopanna,,,1493.6,1493.0,1500.0,1500.0,1,0,1,0.0,1,0,0,0.0,,,0.0,0.0,0.5,0.25
Logan Zapp,,,1493.6,1492.2,1500.0,1500.0,1,0,1,0.0,1,0,0,0.0,,,0.0,0.0,0.62,0.25
Lloyd Glasspool,447,282,1493.5,1500.6,1500.0,1440.0,129,63,66,0.4884,106,0,23,0.5189,,0.3478,0.3,0.35,0.6144,0.5569
Matheus Amorim De Lima,1192,1192,1493.5,1500.0,1490.9,1500.0,3,1,2,0.3333,0,3,0,,0.3333,,0.3333,0.3333,0.62,0.25
Erik De Santis,,,1493.5,1500.0,1496.0,1500.0,2,1,1,0.5,0,2,0,,0.5,,0.5,0.5,0.62,0.25
Jisung Nam,,,1493.4,1489.2,1500.0,1500.0,3,1,2,0.3333,3,0,0,0.3333,,,0.3333,0.3333,0.62,0.25
Matvey Khomentovskiy,1057,1057,1493.4,1498.5,1500.0,1500.0,2,1,1,0.5,2,0,0,0.5,,,0.5,0.5,0.62,0.25
Brandon Stringfellow,,,1493.4,1491.2,1500.0,1500.0,1,0,1,0.0,1,0,0,0.0,,,0.0,0.0,0.62,0.25
Izan Corretja,,,1493.4,1500.0,1493.5,1500.0,1,0,1,0.0,0,1,0,,0.0,,0.0,0.0,0.62,0.25
Marcin Matkowski,,,1493.3,1493.1,1500.0,1500.0,1,0,1,0.0,1,0,0,0.0,,,0.0,0.0,0.5,0.25
Yuvan Nandal,1013,1013,1493.3,1500.0,1492.7,1500.0,1,0,1,0.0,0,1,0,,0.0,,0.0,0.0,0.62,0.25
Ymerali Ibraimi,1549,1549,1493.3,1493.0,1500.0,1500.0,1,0,1,0.0,1,0,0,0.0,,,0.0,0.0,0.62,0.25
Orel Kimhi,754,466,1493.2,1493.1,1500.0,1500.0,9,4,5,0.4444,9,0,0,0.4444,,,0.4444,0.4444,0.62,0.3058
Gustavo Teisen Pereira,,,1493.2,1500.0,1493.8,1500.0,1,0,1,0.0,0,1,0,,0.0,,0.0,0.0,0.5,0.25
Vorachon Rakpuangchon,,,1493.2,1492.5,1500.0,1500.0,1,0,1,0.0,1,0,0,0.0,,,0.0,0.0,0.62,0.25
Bjorn Nareyka,,,1493.2,1500.0,1493.0,1500.0,1,0,1,0.0,0,1,0,,0.0,,0.0,0.0,0.62,0.25
Michael Venus,1027,396,1493.1,1465.9,1518.6,1500.0,28,13,15,0.4643,20,8,0,0.4,0.625,,0.3,0.5,0.5386,0.3808
Richard Gabb,700,485,1493.1,1485.4,1515.6,1488.6,7,3,4,0.4286,3,3,1,0.3333,0.6667,0.0,0.4286,0.4286,0.6029,0.2696
Damian Farinola,,,1493.1,1493.8,1500.0,1500.0,6,3,3,0.5,6,0,0,0.5,,,0.5,0.5,0.62,0.2605
Mayez Jupiter Elrich,,,1493.1,1490.4,1500.0,1500.0,1,0,1,0.0,1,0,0,0.0,,,0.0,0.0,0.5,0.25
Raheel Manji,1365,1365,1493.1,1492.3,1500.0,1500.0,1,0,1,0.0,1,0,0,0.0,,,0.0,0.0,0.5,0.25
Alejandro Hernandez,,,1493.1,1492.5,1500.0,1500.0,1,0,1,0.0,1,0,0,0.0,,,0.0,0.0,0.5,0.25
Antonio Muniz Hidalgo,1645,1645,1493.1,1492.6,1500.0,1500.0,1,0,1,0.0,1,0,0,0.0,,,0.0,0.0,0.5,0.25
Marko Maksimovic,1327,1327,1493.1,1490.5,1500.0,1500.0,1,0,1,0.0,1,0,0,0.0,,,0.0,0.0,0.5,0.25
Daniel Bien,,,1493.1,1500.0,1491.7,1500.0,1,0,1,0.0,0,1,0,,0.0,,0.0,0.0,0.62,0.25
Amaury Delmas,1394,1394,1493.0,1500.0,1486.8,1500.0,1,0,1,0.0,0,1,0,,0.0,,0.0,0.0,0.5,0.25
Issa Alharrasi,,,1493.0,1492.6,1500.0,1500.0,1,0,1,0.0,1,0,0,0.0,,,0.0,0.0,0.5,0.25
Thomas Enrique Menzel Piccioli,2097,2097,1493.0,1500.0,1492.8,1500.0,1,0,1,0.0,0,1,0,,0.0,,0.0,0.0,0.62,0.25
Walid Ahouda,1615,1615,1492.9,1500.0,1492.3,1500.0,1,0,1,0.0,0,1,0,,0.0,,0.0,0.0,0.5,0.25
Percy Buffara,,,1492.9,1500.0,1492.7,1500.0,1,0,1,0.0,0,1,0,,0.0,,0.0,0.0,0.62,0.25
Shunrou Takeshima,1212,1200,1492.8,1493.1,1500.0,1500.0,6,3,3,0.5,6,0,0,0.5,,,0.5,0.5,0.62,0.2605
Kooros Ghasemi,,,1492.8,1495.4,1500.0,1500.0,2,1,1,0.5,2,0,0,0.5,,,0.5,0.5,0.62,0.25
Demian Raab,839,839,1492.8,1500.0,1492.7,1500.0,1,0,1,0.0,0,1,0,,0.0,,0.0,0.0,0.5,0.25
Robert Lindstedt,,,1492.8,1492.0,1500.0,1500.0,1,0,1,0.0,1,0,0,0.0,,,0.0,0.0,0.5,0.25
Filip Dolezel,1486,1486,1492.8,1492.1,1500.0,1500.0,1,0,1,0.0,1,0,0,0.0,,,0.0,0.0,0.62,0.25
Luca Wiedenmann,1267,549,1492.7,1510.0,1478.9,1500.0,14,6,8,0.4286,6,8,0,0.5,0.375,,0.5,0.4286,0.62,0.358
Barnaby Smith,,,1492.7,1500.0,1500.0,1490.2,3,1,2,0.3333,0,0,3,,,0.3333,0.3333,0.3333,0.62,0.25
William Rejchtman Vinciguerra,1732,1732,1492.7,1490.8,1487.4,1500.0,2,0,2,0.0,1,1,0,0.0,0.0,,0.0,0.0,0.5,0.25
Daniele Minighini,1177,1177,1492.7,1500.0,1492.4,1500.0,1,0,1,0.0,0,1,0,,0.0,,0.0,0.0,0.62,0.25
Christoffer Solberg,1390,903,1492.6,1491.2,1499.7,1500.0,5,2,3,0.4,3,2,0,0.3333,0.5,,0.4,0.4,0.596,0.25
Evan Bynoe,940,940,1492.6,1493.5,1500.0,1500.0,4,2,2,0.5,4,0,0,0.5,,,0.5,0.5,0.62,0.25
Francesco Paschetto,,,1492.6,1500.0,1492.4,1500.0,3,1,2,0.3333,0,3,0,,0.3333,,0.3333,0.3333,0.62,0.25
Jannik Maute,2061,2061,1492.6,1500.0,1500.0,1487.0,1,0,1,0.0,0,0,1,,,0.0,0.0,0.0,0.5,0.25
Antonin Bolardt,1143,1143,1492.6,1500.0,1491.7,1500.0,1,0,1,0.0,0,1,0,,0.0,,0.0,0.0,0.62,0.25
Denis Constantin Spiridon,1162,1162,1492.6,1500.0,1492.5,1500.0,1,0,1,0.0,0,1,0,,0.0,,0.0,0.0,0.62,0.25
Jeremy Gschwendtner,1090,1090,1492.6,1500.0,1490.7,1500.0,1,0,1,0.0,0,1,0,,0.0,,0.0,0.0,0.62,0.25
Jose Dominguez Alonso,1656,1656,1492.6,1490.6,1500.0,1500.0,1,0,1,0.0,1,0,0,0.0,,,0.0,0.0,0.62,0.25
Colin Sinclair,792,340,1492.5,1486.3,1514.3,1500.0,117,53,64,0.453,108,9,0,0.4444,0.5556,,0.5,0.4,0.6179,0.5551
Luca Fantini,798,798,1492.5,1487.5,1504.4,1500.0,5,2,3,0.4,1,4,0,0.0,0.5,,0.4,0.4,0.62,0.25
Duilio Beretta,470,384,1492.4,1500.0,1491.4,1500.0,3,1,2,0.3333,0,3,0,,0.3333,,0.3333,0.3333,0.62,0.25
Mark Wallner,1580,1161,1492.4,1489.0,1502.8,1500.0,3,1,2,0.3333,1,2,0,0.0,0.5,,0.3333,0.3333,0.62,0.25
Krisjanis Stabins,957,957,1492.4,1489.7,1500.0,1500.0,1,0,1,0.0,1,0,0,0.0,,,0.0,0.0,0.5,0.25
Marko Nikolic,,,1492.4,1491.4,1500.0,1500.0,1,0,1,0.0,1,0,0,0.0,,,0.0,0.0,0.62,0.25
Kanju Furusho,,,1492.4,1486.9,1500.0,1500.0,1,0,1,0.0,1,0,0,0.0,,,0.0,0.0,0.62,0.25
Alberto Puello,,,1492.4,1490.8,1500.0,1500.0,1,0,1,0.0,1,0,0,0.0,,,0.0,0.0,0.62,0.25
Matias Franco Descotte,556,294,1492.3,1461.5,1495.1,1500.0,109,46,63,0.422,49,60,0,0.4286,0.4167,,0.5,0.45,0.6178,0.5511
Jonas Kucera,1326,1326,1492.3,1500.0,1493.1,1500.0,3,1,2,0.3333,0,3,0,,0.3333,,0.3333,0.3333,0.62,0.25
Patrik Jurina,1716,1716,1492.3,1500.0,1490.1,1500.0,1,0,1,0.0,0,1,0,,0.0,,0.0,0.0,0.62,0.25
Jakob Aichhorn,1042,1042,1492.2,1500.0,1490.5,1500.0,1,0,1,0.0,0,1,0,,0.0,,0.0,0.0,0.62,0.25
Patrick Schoen,874,874,1492.2,1492.5,1500.0,1500.0,1,0,1,0.0,1,0,0,0.0,,,0.0,0.0,0.62,0.25
Nicolas Baena,,,1492.2,1500.0,1492.1,1500.0,1,0,1,0.0,0,1,0,,0.0,,0.0,0.0,0.62,0.25
Keaton Hance,1223,1223,1492.2,1500.0,1492.2,1500.0,1,0,1,0.0,0,1,0,,0.0,,0.0,0.0,0.62,0.25
Andrew Ochotta,,,1492.1,1490.5,1500.0,1500.0,3,1,2,0.3333,3,0,0,0.3333,,,0.3333,0.3333,0.62,0.25
David Warren,,,1492.1,1500.0,1492.6,1500.0,1,0,1,0.0,0,1,0,,0.0,,0.0,0.0,0.5,0.25
Edoardo Sardella,1896,1896,1492.1,1500.0,1488.2,1500.0,1,0,1,0.0,0,1,0,,0.0,,0.0,0.0,0.62,0.25
Melik Feler,,,1492.1,1500.0,1491.7,1500.0,1,0,1,0.0,0,1,0,,0.0,,0.0,0.0,0.62,0.25
Andrea Paolini,1148,1148,1492.1,1500.0,1491.9,1500.0,1,0,1,0.0,0,1,0,,0.0,,0.0,0.0,0.62,0.25
Janis Graski,,,1492.1,1500.0,1491.5,1500.0,1,0,1,0.0,0,1,0,,0.0,,0.0,0.0,0.62,0.25
Vlad Andrei Dancu,654,527,1492.0,1500.0,1490.2,1500.0,21,9,12,0.4286,0,21,0,,0.4286,,0.5,0.45,0.62,0.4059
Adrian Obert,873,873,1492.0,1491.6,1500.0,1500.0,1,0,1,0.0,1,0,0,0.0,,,0.0,0.0,0.62,0.25
Yevhenii Bondarenko,,,1492.0,1500.0,1490.3,1500.0,1,0,1,0.0,0,1,0,,0.0,,0.0,0.0,0.62,0.25
Wil Spencer,526,505,1491.9,1490.0,1502.2,1500.0,12,5,7,0.4167,8,4,0,0.375,0.5,,0.4,0.4167,0.59,0.3232
Nikita Filin,2028,2028,1491.9,1488.5,1500.0,1500.0,3,1,2,0.3333,3,0,0,0.3333,,,0.3333,0.3333,0.62,0.25
Lauri Kiiski,1701,1701,1491.7,1500.0,1487.1,1500.0,5,2,3,0.4,0,5,0,,0.4,,0.4,0.4,0.62,0.25
Efe Yurtacan,1328,1328,1491.7,1500.0,1487.0,1500.0,3,1,2,0.3333,0,3,0,,0.3333,,0.3333,0.3333,0.54,0.25
Vicente Lagos,1421,1421,1491.7,1500.0,1491.9,1500.0,1,0,1,0.0,0,1,0,,0.0,,0.0,0.0,0.62,0.25
Jose Chamba Gomez,,,1491.7,1488.1,1500.0,1500.0,1,0,1,0.0,1,0,0,0.0,,,0.0,0.0,0.62,0.25
Luigi Castelletti,1692,1692,1491.7,1491.7,1500.0,1500.0,1,0,1,0.0,1,0,0,0.0,,,0.0,0.0,0.62,0.25
Gabriel Evans,1060,1060,1491.6,1491.4,1500.0,1500.0,1,0,1,0.0,1,0,0,0.0,,,0.0,0.0,0.62,0.25
Eero Vasa,442,442,1491.5,1459.4,1485.8,1500.0,45,17,28,0.3778,15,30,0,0.3333,0.4,,0.5,0.5,0.62,0.4868
Nikita Girey Demir,,,1491.5,1490.6,1500.0,1500.0,1,0,1,0.0,1,0,0,0.0,,,0.0,0.0,0.5,0.25
Steven Goh,,,1491.5,1491.5,1500.0,1500.0,1,0,1,0.0,1,0,0,0.0,,,0.0,0.0,0.62,0.25
Moritz Thiem,,,1491.5,1500.0,1490.7,1500.0,1,0,1,0.0,0,1,0,,0.0,,0.0,0.0,0.5,0.25
Bekzat Usipbekov,,,1491.5,1490.7,1500.0,1500.0,1,0,1,0.0,1,0,0,0.0,,,0.0,0.0,0.62,0.25
Simone Vaccari,,,1491.5,1484.3,1500.0,1500.0,1,0,1,0.0,1,0,0,0.0,,,0.0,0.0,0.62,0.25
Aidan Mchugh,387,320,1491.4,1466.7,1500.1,1439.9,124,54,70,0.4355,102,2,20,0.4608,0.5,0.3,0.5,0.4,0.6152,0.5556
Flynn Thomas,1726,1726,1491.4,1502.0,1486.8,1500.0,3,1,2,0.3333,2,1,0,0.5,0.0,,0.3333,0.3333,0.62,0.25
T. Farquhar,,,1491.4,1500.0,1491.0,1500.0,1,0,1,0.0,0,1,0,,0.0,,0.0,0.0,0.5,0.25
Martin Doskocil,1958,1958,1491.4,1500.0,1489.9,1500.0,1,0,1,0.0,0,1,0,,0.0,,0.0,0.0,0.62,0.25
Denys Molchanov,574,169,1491.3,1504.2,1488.0,1488.0,114,50,64,0.4386,79,34,1,0.443,0.4412,0.0,0.2,0.45,0.6126,0.5489
Rashed Nawaf,,,1491.3,1484.7,1500.0,1500.0,2,0,2,0.0,2,0,0,0.0,,,0.0,0.0,0.5,0.25
Andrew Ely,,,1491.3,1500.0,1491.8,1500.0,1,0,1,0.0,0,1,0,,0.0,,0.0,0.0,0.62,0.25
Antonio Voljavec,1668,1668,1491.3,1500.0,1491.6,1500.0,1,0,1,0.0,0,1,0,,0.0,,0.0,0.0,0.62,0.25
Michael Look,665,577,1491.2,1489.8,1500.0,1500.0,16,8,8,0.5,16,0,0,0.5,,,0.5,0.5,0.62,0.3739
Austin Smith,,,1491.2,1492.3,1500.0,1500.0,3,1,2,0.3333,3,0,0,0.3333,,,0.3333,0.3333,0.62,0.25
Anton Shepp,904,904,1491.2,1487.2,1500.0,1500.0,2,0,2,0.0,2,0,0,0.0,,,0.0,0.0,0.56,0.25
Amine Jamji,,,1491.2,1500.0,1483.8,1500.0,2,0,2,0.0,0,2,0,,0.0,,0.0,0.0,0.5,0.25
Alvaro Peiro Serrano,1654,1654,1491.2,1500.0,1489.7,1500.0,1,0,1,0.0,0,1,0,,0.0,,0.0,0.0,0.62,0.25
Skander Mezouar,,,1491.2,1500.0,1487.6,1500.0,1,0,1,0.0,0,1,0,,0.0,,0.0,0.0,0.62,0.25
Pietro Marino,942,942,1491.2,1490.8,1500.0,1500.0,1,0,1,0.0,1,0,0,0.0,,,0.0,0.0,0.62,0.25
Camilo Ponce,,,1491.1,1500.0,1489.4,1500.0,3,1,2,0.3333,0,3,0,,0.3333,,0.3333,0.3333,0.58,0.25
Jean Andersen,,,1491.1,1490.7,1500.0,1500.0,1,0,1,0.0,1,0,0,0.0,,,0.0,0.0,0.62,0.25
Eduardo Yahir Orozco Rangel,1390,1390,1491.1,1490.9,1500.0,1500.0,1,0,1,0.0,1,0,0,0.0,,,0.0,0.0,0.62,0.25
Erik Chren,,,1491.1,1487.7,1500.0,1500.0,1,0,1,0.0,1,0,0,0.0,,,0.0,0.0,0.62,0.25
John Bernard,1640,1640,1491.1,1500.0,1488.4,1500.0,1,0,1,0.0,0,1,0,,0.0,,0.0,0.0,0.62,0.25
Heremana Courte,,,1491.1,1489.8,1500.0,1500.0,1,0,1,0.0,1,0,0,0.0,,,0.0,0.0,0.62,0.25
Timo Rosenkranz Koenig,,,1491.1,1500.0,1488.4,1500.0,1,0,1,0.0,0,1,0,,0.0,,0.0,0.0,0.62,0.25
Juan Ignacio Galarza,697,345,1491.0,1484.9,1505.4,1500.0,88,42,46,0.4773,1,87,0,0.0,0.4828,,0.4,0.5,0.6145,0.5353
Luka Vukovic,,,1491.0,1489.6,1500.0,1500.0,3,1,2,0.3333,3,0,0,0.3333,,,0.3333,0.3333,0.62,0.25
Aliaksandr Prudnikau,1919,1919,1491.0,1500.0,1486.8,1500.0,1,0,1,0.0,0,1,0,,0.0,,0.0,0.0,0.62,0.25
Pablo Perez Navarro,,,1491.0,1500.0,1490.6,1500.0,1,0,1,0.0,0,1,0,,0.0,,0.0,0.0,0.62,0.25
Jun Ha Hyun,,,1491.0,1491.4,1500.0,1500.0,1,0,1,0.0,1,0,0,0.0,,,0.0,0.0,0.62,0.25
Justin Barki,1531,675,1490.9,1490.0,1500.0,1500.0,5,2,3,0.4,5,0,0,0.4,,,0.4,0.4,0.62,0.25
Edoardo Tessaro,,,1490.9,1490.3,1500.0,1500.0,1,0,1,0.0,1,0,0,0.0,,,0.0,0.0,0.5,0.25
Leon Vessels,,,1490.9,1490.6,1500.0,1500.0,1,0,1,0.0,1,0,0,0.0,,,0.0,0.0,0.5,0.25
Iago Almeida,,,1490.9,1500.0,1489.5,1500.0,1,0,1,0.0,0,1,0,,0.0,,0.0,0.0,0.62,0.25
Dian Nedev,1538,1538,1490.9,1489.8,1500.0,1500.0,1,0,1,0.0,1,0,0,0.0,,,0.0,0.0,0.62,0.25
Michael Antonius,838,838,1490.9,1500.0,1489.6,1500.0,1,0,1,0.0,0,1,0,,0.0,,0.0,0.0,0.62,0.25
Andrew Watson,678,672,1490.8,1491.3,1500.0,1487.2,4,1,3,0.25,1,0,3,0.0,,0.3333,0.25,0.25,0.59,0.25
Danylo Veremeychuk,,,1490.8,1500.0,1490.0,1500.0,1,0,1,0.0,0,1,0,,0.0,,0.0,0.0,0.62,0.25
Milos Dabic,,,1490.8,1491.1,1500.0,1500.0,1,0,1,0.0,1,0,0,0.0,,,0.0,0.0,0.62,0.25
Marek Semjan,1238,1238,1490.7,1488.5,1500.0,1500.0,3,1,2,0.3333,3,0,0,0.3333,,,0.3333,0.3333,0.62,0.25
Nutdanai Sincharoenwattana,,,1490.7,1490.5,1500.0,1500.0,1,0,1,0.0,1,0,0,0.0,,,0.0,0.0,0.62,0.25
Patrick Harper,1720,1720,1490.7,1487.0,1500.0,1500.0,1,0,1,0.0,1,0,0,0.0,,,0.0,0.0,0.62,0.25
Gabriele Felline,,,1490.7,1500.0,1489.1,1500.0,1,0,1,0.0,0,1,0,,0.0,,0.0,0.0,0.62,0.25
Dmitry Bezborodov,,,1490.7,1500.0,1488.2,1500.0,1,0,1,0.0,0,1,0,,0.0,,0.0,0.0,0.62,0.25
Mateusz Kulakowski,1684,1684,1490.7,1500.0,1490.5,1500.0,1,0,1,0.0,0,1,0,,0.0,,0.0,0.0,0.62,0.25
Siwanat Auytayakul,1589,1589,1490.7,1490.5,1500.0,1500.0,1,0,1,0.0,1,0,0,0.0,,,0.0,0.0,0.62,0.25
Filip Kana,,,1490.7,1500.0,1490.5,1500.0,1,0,1,0.0,0,1,0,,0.0,,0.0,0.0,0.62,0.25
Yuquan Jin,1041,1041,1490.7,1489.6,1500.0,1500.0,1,0,1,0.0,1,0,0,0.0,,,0.0,0.0,0.62,0.25
Matteo Vavassori,,,1490.7,1486.2,1500.0,1500.0,1,0,1,0.0,1,0,0,0.0,,,0.0,0.0,0.62,0.25
Konstantine Gogeliya,,,1490.7,1489.5,1500.0,1500.0,1,0,1,0.0,1,0,0,0.0,,,0.0,0.0,0.62,0.25
Viktor Markov,1327,1327,1490.6,1486.6,1503.8,1500.0,5,2,3,0.4,1,4,0,0.0,0.5,,0.4,0.4,0.62,0.25
Nikola Slavic,842,842,1490.6,1486.7,1500.0,1500.0,2,0,2,0.0,2,0,0,0.0,,,0.0,0.0,0.5,0.25
Mathis Bondaz,1119,1119,1490.6,1488.8,1500.0,1500.0,2,0,2,0.0,2,0,0,0.0,,,0.0,0.0,0.62,0.25
Jannis Liniger,1510,1510,1490.6,1500.0,1490.9,1500.0,1,0,1,0.0,0,1,0,,0.0,,0.0,0.0,0.5,0.25
Bruno Malacarne,,,1490.6,1500.0,1490.6,1500.0,1,0,1,0.0,0,1,0,,0.0,,0.0,0.0,0.62,0.25
Eli Stephenson,,,1490.6,1491.0,1500.0,1500.0,1,0,1,0.0,1,0,0,0.0,,,0.0,0.0,0.62,0.25
Lorenzo Joaquin Rodriguez,458,427,1490.5,1484.9,1492.1,1500.0,66,30,36,0.4545,1,65,0,0.0,0.4615,,0.4,0.45,0.62,0.5195
Alexander Brown,722,643,1490.5,1482.0,1500.0,1500.0,17,7,10,0.4118,17,0,0,0.4118,,,0.4,0.4118,0.62,0.3811
Timeo Trufelli,1266,1266,1490.5,1490.8,1500.0,1500.0,3,1,2,0.3333,3,0,0,0.3333,,,0.3333,0.3333,0.62,0.25
Matej Galik,,,1490.5,1500.0,1488.5,1500.0,1,0,1,0.0,0,1,0,,0.0,,0.0,0.0,0.62,0.25
Mohamed Safwat,382,130,1490.4,1499.9,1496.1,1504.9,344,155,189,0.4506,166,167,11,0.4699,0.4251,0.5455,0.4,0.45,0.6043,0.5811
Noah Zamora,1070,1070,1490.4,1492.6,1500.0,1500.0,4,2,2,0.5,4,0,0,0.5,,,0.5,0.5,0.62,0.25
Dylan Salton,1394,1394,1490.4,1490.0,1500.0,1500.0,1,0,1,0.0,1,0,0,0.0,,,0.0,0.0,0.62,0.25
Mark Owen Endler,,,1490.4,1500.0,1489.4,1500.0,1,0,1,0.0,0,1,0,,0.0,,0.0,0.0,0.62,0.25
Radu Florin Macovei,1857,1857,1490.4,1500.0,1490.2,1500.0,1,0,1,0.0,0,1,0,,0.0,,0.0,0.0,0.62,0.25
Lawrence Sciglitano,,,1490.4,1500.0,1491.3,1500.0,1,0,1,0.0,0,1,0,,0.0,,0.0,0.0,0.62,0.25
William Jucha,1645,1645,1490.4,1488.9,1500.0,1500.0,1,0,1,0.0,1,0,0,0.0,,,0.0,0.0,0.62,0.25
Carlo Alberto Fossati,,,1490.4,1500.0,1489.7,1500.0,1,0,1,0.0,0,1,0,,0.0,,0.0,0.0,0.62,0.25
Greg Jones,760,528,1490.3,1498.1,1497.4,1488.0,54,25,29,0.463,49,4,1,0.4694,0.5,0.0,0.3,0.45,0.6133,0.4977
Peter Bothwell,638,621,1490.3,1485.7,1500.9,1500.0,7,3,4,0.4286,5,2,0,0.4,0.5,,0.4286,0.4286,0.62,0.2773
Theodore Winegar,1448,1448,1490.3,1500.0,1495.9,1500.0,4,2,2,0.5,0,4,0,,0.5,,0.5,0.5,0.62,0.25
Matias Castro,1516,1516,1490.3,1489.0,1500.0,1500.0,1,0,1,0.0,1,0,0,0.0,,,0.0,0.0,0.5,0.25
Kevin Portmann,,,1490.3,1500.0,1490.5,1500.0,1,0,1,0.0,0,1,0,,0.0,,0.0,0.0,0.62,0.25
Timofey Stepanov,1572,1572,1490.3,1490.0,1500.0,1500.0,1,0,1,0.0,1,0,0,0.0,,,0.0,0.0,0.62,0.25
Edoardo Cherie Ligniere,,,1490.3,1500.0,1490.2,1500.0,1,0,1,0.0,0,1,0,,0.0,,0.0,0.0,0.62,0.25
Jiaji Wang,,,1490.3,1490.6,1500.0,1500.0,1,0,1,0.0,1,0,0,0.0,,,0.0,0.0,0.62,0.25
Takuya Kumasaka,536,468,1490.2,1483.6,1500.0,1500.0,43,20,23,0.4651,43,0,0,0.4651,,,0.4,0.45,0.62,0.4825
Alexander Mannapov,1878,1878,1490.2,1500.0,1497.9,1488.0,3,1,2,0.3333,0,2,1,,0.5,0.0,0.3333,0.3333,0.58,0.25
Ettore Zito,,,1490.2,1500.0,1490.5,1500.0,3,1,2,0.3333,0,3,0,,0.3333,,0.3333,0.3333,0.62,0.25
Nasa Hatakeyama,,,1490.2,1489.2,1500.0,1500.0,3,1,2,0.3333,3,0,0,0.3333,,,0.3333,0.3333,0.62,0.25
Sebastian Lavie,1538,1538,1490.2,1500.0,1500.0,1488.0,1,0,1,0.0,0,0,1,,,0.0,0.0,0.0,0.5,0.25
Robbie C Bellamy,,,1490.2,1490.4,1500.0,1500.0,1,0,1,0.0,1,0,0,0.0,,,0.0,0.0,0.62,0.25
Victor Girat Magin,,,1490.2,1500.0,1488.5,1500.0,1,0,1,0.0,0,1,0,,0.0,,0.0,0.0,0.62,0.25
Jonathan Sorbo,,,1490.2,1490.1,1500.0,1500.0,1,0,1,0.0,1,0,0,0.0,,,0.0,0.0,0.62,0.25
Youssef Boubaker,,,1490.2,1500.0,1484.8,1500.0,1,0,1,0.0,0,1,0,,0.0,,0.0,0.0,0.62,0.25
Sydney Zick,1251,1251,1490.2,1488.8,1500.0,1500.0,1,0,1,0.0,1,0,0,0.0,,,0.0,0.0,0.62,0.25
Bastian Berenz,1703,1703,1490.2,1500.0,1490.2,1500.0,1,0,1,0.0,0,1,0,,0.0,,0.0,0.0,0.62,0.25
Rimpei Kawakami,480,474,1490.1,1500.9,1486.9,1500.0,13,6,7,0.4615,12,1,0,0.5,0.0,,0.5,0.4615,0.62,0.3491
Trent Bryde,1274,1149,1490.1,1477.8,1499.7,1500.0,11,4,7,0.3636,7,4,0,0.2857,0.5,,0.3,0.3636,0.5655,0.3003
Giuseppe La Vela,519,519,1490.1,1500.0,1482.1,1500.0,10,4,6,0.4,0,10,0,,0.4,,0.4,0.4,0.62,0.3181
Nicolo Inserra,,,1490.1,1500.0,1489.8,1500.0,1,0,1,0.0,0,1,0,,0.0,,0.0,0.0,0.62,0.25
Raony Carvalho,,,1490.1,1489.1,1500.0,1500.0,1,0,1,0.0,1,0,0,0.0,,,0.0,0.0,0.62,0.25
Philip Hjorth,,,1490.1,1491.3,1500.0,1500.0,1,0,1,0.0,1,0,0,0.0,,,0.0,0.0,0.62,0.25
Asier Meneses Perny,,,1490.1,1500.0,1490.1,1500.0,1,0,1,0.0,0,1,0,,0.0,,0.0,0.0,0.62,0.25
Cameron Green,956,956,1490.0,1489.0,1500.0,1500.0,3,1,2,0.3333,3,0,0,0.3333,,,0.3333,0.3333,0.62,0.25
Marc Othman Ktiri,1471,1471,1490.0,1500.0,1500.0,1480.1,2,0,2,0.0,0,0,2,,,0.0,0.0,0.0,0.5,0.25
Mikolaj Borkowski,,,1490.0,1491.1,1500.0,1500.0,1,0,1,0.0,1,0,0,0.0,,,0.0,0.0,0.5,0.25
William Kirkman,,,1490.0,1485.9,1500.0,1500.0,1,0,1,0.0,1,0,0,0.0,,,0.0,0.0,0.62,0.25
Jack Murray,1740,1740,1490.0,1490.1,1500.0,1500.0,1,0,1,0.0,1,0,0,0.0,,,0.0,0.0,0.62,0.25
Niklas Rohrer,,,1490.0,1500.0,1486.4,1500.0,1,0,1,0.0,0,1,0,,0.0,,0.0,0.0,0.62,0.25
Maxim Verboven,,,1490.0,1489.0,1500.0,1500.0,1,0,1,0.0,1,0,0,0.0,,,0.0,0.0,0.62,0.25
William Cooksey,,,1490.0,1489.3,1500.0,1500.0,1,0,1,0.0,1,0,0,0.0,,,0.0,0.0,0.62,0.25
Ilija Palavestra,1690,1690,1490.0,1488.4,1500.0,1500.0,1,0,1,0.0,1,0,0,0.0,,,0.0,0.0,0.62,0.25
Jeremy Jin,768,726,1489.9,1479.0,1500.0,1500.0,13,5,8,0.3846,13,0,0,0.3846,,,0.3,0.3846,0.6015,0.3387
Samuel Bensoussan,452,415,1489.9,1500.0,1491.1,1500.0,5,2,3,0.4,0,5,0,,0.4,,0.4,0.4,0.62,0.25
Stefan Fiacan,,,1489.9,1500.0,1489.2,1500.0,1,0,1,0.0,0,1,0,,0.0,,0.0,0.0,0.5,0.25
Marcus Mansson,1917,1917,1489.9,1489.2,1500.0,1500.0,1,0,1,0.0,1,0,0,0.0,,,0.0,0.0,0.62,0.25
Marcelo Melo,,,1489.9,1492.0,1500.0,1500.0,1,0,1,0.0,1,0,0,0.0,,,0.0,0.0,0.5,0.25
Jan Sebesta,,,1489.9,1489.7,1500.0,1500.0,1,0,1,0.0,1,0,0,0.0,,,0.0,0.0,0.62,0.25
Enrique Carrascosa Diaz,1545,1545,1489.9,1489.7,1500.0,1500.0,1,0,1,0.0,1,0,0,0.0,,,0.0,0.0,0.62,0.25
Trey Hilderbrand,981,627,1489.8,1485.9,1493.5,1512.9,60,30,30,0.5,41,16,3,0.4878,0.5,0.6667,0.3,0.4,0.62,0.5119
Ricardo Pabon,,,1489.8,1488.5,1500.0,1500.0,1,0,1,0.0,1,0,0,0.0,,,0.0,0.0,0.5,0.25
Shaheed Alam,1816,1816,1489.8,1488.7,1500.0,1500.0,1,0,1,0.0,1,0,0,0.0,,,0.0,0.0,0.5,0.25
Toby D Boyer,1687,1687,1489.8,1489.1,1500.0,1500.0,1,0,1,0.0,1,0,0,0.0,,,0.0,0.0,0.62,0.25
Jonas Greif,,,1489.8,1491.0,1500.0,1500.0,1,0,1,0.0,1,0,0,0.0,,,0.0,0.0,0.62,0.25
Mika Lipp,1589,1589,1489.8,1485.2,1500.0,1500.0,1,0,1,0.0,1,0,0,0.0,,,0.0,0.0,0.62,0.25
Valentino Aliano,,,1489.8,1500.0,1489.7,1500.0,1,0,1,0.0,0,1,0,,0.0,,0.0,0.0,0.62,0.25
Nicholas Alan Van Aken,,,1489.8,1500.0,1488.9,1500.0,1,0,1,0.0,0,1,0,,0.0,,0.0,0.0,0.62,0.25
Matthew Rankin,1489,1489,1489.8,1489.1,1500.0,1500.0,1,0,1,0.0,1,0,0,0.0,,,0.0,0.0,0.62,0.25
Martin Cuevas,460,276,1489.7,1476.1,1488.0,1500.0,168,82,86,0.4881,2,166,0,0.0,0.494,,0.3,0.45,0.6186,0.5727
Braden Shick,413,413,1489.7,1469.9,1505.4,1500.0,17,6,11,0.3529,13,4,0,0.3077,0.5,,0.4,0.3529,0.6129,0.3767
Carlos Salamanca,749,625,1489.7,1498.2,1495.6,1500.0,16,7,9,0.4375,2,14,0,0.5,0.4286,,0.5,0.4375,0.605,0.3648
Pierre Malan,1813,1813,1489.7,1488.0,1500.0,1500.0,3,1,2,0.3333,3,0,0,0.3333,,,0.3333,0.3333,0.62,0.25
Simeon Rossier,788,788,1489.7,1500.0,1488.7,1500.0,1,0,1,0.0,0,1,0,,0.0,,0.0,0.0,0.5,0.25
Paul Werren,1679,1679,1489.7,1500.0,1487.0,1500.0,1,0,1,0.0,0,1,0,,0.0,,0.0,0.0,0.62,0.25
Tyler Cox,,,1489.7,1489.6,1500.0,1500.0,1,0,1,0.0,1,0,0,0.0,,,0.0,0.0,0.62,0.25
Zhengyu Sun,1651,1651,1489.7,1489.4,1500.0,1500.0,1,0,1,0.0,1,0,0,0.0,,,0.0,0.0,0.62,0.25
Dane Webb,,,1489.6,1486.6,1500.0,1500.0,3,1,2,0.3333,3,0,0,0.3333,,,0.3333,0.3333,0.62,0.25
Mandresy Rakotomalala,,,1489.6,1485.3,1500.0,1500.0,1,0,1,0.0,1,0,0,0.0,,,0.0,0.0,0.62,0.25
Mateo Galdon,,,1489.6,1500.0,1485.2,1500.0,1,0,1,0.0,0,1,0,,0.0,,0.0,0.0,0.62,0.25
Wayne Montgomery,,,1489.6,1489.5,1500.0,1500.0,1,0,1,0.0,1,0,0,0.0,,,0.0,0.0,0.62,0.25
Martin Estevarena,,,1489.6,1500.0,1489.3,1500.0,1,0,1,0.0,0,1,0,,0.0,,0.0,0.0,0.62,0.25
Milosz Sroka,1968,1968,1489.6,1500.0,1488.4,1500.0,1,0,1,0.0,0,1,0,,0.0,,0.0,0.0,0.62,0.25
Frank Moser,848,848,1489.5,1491.9,1499.5,1491.0,14,6,8,0.4286,7,2,5,0.4286,0.5,0.4,0.4,0.4286,0.56,0.3233
Domen Gostincar,,,1489.5,1485.8,1500.0,1500.0,3,1,2,0.3333,3,0,0,0.3333,,,0.3333,0.3333,0.62,0.25
Patrick Kawka,,,1489.5,1487.8,1500.0,1500.0,3,1,2,0.3333,3,0,0,0.3333,,,0.3333,0.3333,0.62,0.25
Syed Mohd Agil Syed Naguib,,,1489.5,1489.2,1500.0,1500.0,1,0,1,0.0,1,0,0,0.0,,,0.0,0.0,0.5,0.25
Jeson Patrombon,1112,1112,1489.5,1488.0,1500.0,1500.0,1,0,1,0.0,1,0,0,0.0,,,0.0,0.0,0.62,0.25
Giuliano Benedetti,1877,1877,1489.5,1500.0,1489.4,1500.0,1,0,1,0.0,0,1,0,,0.0,,0.0,0.0,0.62,0.25
Benedikt Szerencsits,,,1489.5,1500.0,1489.0,1500.0,1,0,1,0.0,0,1,0,,0.0,,0.0,0.0,0.62,0.25
Shu Matsuoka,1093,1093,1489.5,1489.3,1500.0,1500.0,1,0,1,0.0,1,0,0,0.0,,,0.0,0.0,0.62,0.25
Luis Guto Miguel,1183,1183,1489.4,1496.9,1493.3,1500.0,9,2,7,0.2222,1,8,0,0.0,0.25,,0.2222,0.2222,0.6067,0.2992
Johannes Schretter,1603,1603,1489.4,1487.2,1500.0,1500.0,1,0,1,0.0,1,0,0,0.0,,,0.0,0.0,0.62,0.25
Florian Valsot,1756,1756,1489.4,1500.0,1492.0,1500.0,1,0,1,0.0,0,1,0,,0.0,,0.0,0.0,0.5,0.25
Bobbie De Goeijen,1486,1486,1489.4,1500.0,1490.0,1500.0,1,0,1,0.0,0,1,0,,0.0,,0.0,0.0,0.62,0.25
Marcel Politowicz,,,1489.4,1500.0,1488.5,1500.0,1,0,1,0.0,0,1,0,,0.0,,0.0,0.0,0.62,0.25
Aleksander Orlikowski,1584,1584,1489.4,1500.0,1489.9,1500.0,1,0,1,0.0,0,1,0,,0.0,,0.0,0.0,0.62,0.25
Botond Kisantal,,,1489.4,1500.0,1489.3,1500.0,1,0,1,0.0,0,1,0,,0.0,,0.0,0.0,0.62,0.25
Noah Lopez Cherubino,,,1489.4,1485.8,1500.0,1500.0,1,0,1,0.0,1,0,0,0.0,,,0.0,0.0,0.62,0.25
Will Mayew,1966,1966,1489.4,1489.3,1500.0,1500.0,1,0,1,0.0,1,0,0,0.0,,,0.0,0.0,0.62,0.25
Karlo Kajin,2113,2113,1489.4,1500.0,1485.2,1500.0,1,0,1,0.0,0,1,0,,0.0,,0.0,0.0,0.62,0.25
Pietro Lavoratori,,,1489.3,1500.0,1488.4,1500.0,1,0,1,0.0,0,1,0,,0.0,,0.0,0.0,0.62,0.25
Johannes Haerteis,765,305,1489.2,1533.9,1400.7,1488.0,152,70,82,0.4605,81,70,1,0.5432,0.3714,0.0,0.4,0.45,0.6168,0.5668
Samuele Pieri,472,472,1489.2,1500.0,1481.2,1500.0,18,7,11,0.3889,0,18,0,,0.3889,,0.5,0.3889,0.62,0.3878
Jaime Fermosell Delgado,957,849,1489.2,1490.4,1495.0,1500.0,6,2,4,0.3333,5,1,0,0.4,0.0,,0.3333,0.3333,0.62,0.2605
Miguel Diaz,,,1489.2,1489.5,1500.0,1500.0,3,1,2,0.3333,3,0,0,0.3333,,,0.3333,0.3333,0.62,0.25
Markus Malaszszak,1016,1016,1489.2,1487.5,1500.0,1500.0,3,1,2,0.3333,3,0,0,0.3333,,,0.3333,0.3333,0.62,0.25
Ty Trombetta,1112,1112,1489.2,1489.2,1500.0,1500.0,1,0,1,0.0,1,0,0,0.0,,,0.0,0.0,0.5,0.25
Fernando Cabrera,,,1489.2,1489.7,1500.0,1500.0,1,0,1,0.0,1,0,0,0.0,,,0.0,0.0,0.5,0.25
Kohei Hayashi,1712,1712,1489.2,1489.2,1500.0,1500.0,1,0,1,0.0,1,0,0,0.0,,,0.0,0.0,0.62,0.25
Carles Hernandez,832,832,1489.2,1486.8,1500.0,1500.0,1,0,1,0.0,1,0,0,0.0,,,0.0,0.0,0.62,0.25
Sam Taylor,1876,1876,1489.1,1500.0,1490.2,1500.0,7,3,4,0.4286,0,7,0,,0.4286,,0.4286,0.4286,0.6029,0.2696
Michael Bassem Sobhy,730,727,1489.1,1477.0,1500.0,1500.0,6,2,4,0.3333,6,0,0,0.3333,,,0.3333,0.3333,0.62,0.2605
Pierre Louis Dodens,,,1489.1,1500.0,1491.2,1500.0,1,0,1,0.0,0,1,0,,0.0,,0.0,0.0,0.62,0.25
Jack Davis,,,1489.1,1489.8,1500.0,1500.0,1,0,1,0.0,1,0,0,0.0,,,0.0,0.0,0.62,0.25
Daniel Alejandro Ortiz,,,1489.1,1500.0,1485.4,1500.0,1,0,1,0.0,0,1,0,,0.0,,0.0,0.0,0.62,0.25
Tomas Pinho,1874,1874,1489.1,1490.0,1500.0,1500.0,1,0,1,0.0,1,0,0,0.0,,,0.0,0.0,0.62,0.25
Amir Weintraub,233,192,1489.0,1500.8,1486.2,1449.8,80,33,47,0.4125,67,6,7,0.4478,0.3333,0.1429,0.2,0.35,0.581,0.5
Rahim Esmail,,,1489.0,1488.8,1500.0,1500.0,1,0,1,0.0,1,0,0,0.0,,,0.0,0.0,0.62,0.25
Francesco Moncagatto,,,1489.0,1500.0,1489.2,1500.0,1,0,1,0.0,0,1,0,,0.0,,0.0,0.0,0.62,0.25
Seokhyeon Chu,,,1489.0,1488.6,1500.0,1500.0,1,0,1,0.0,1,0,0,0.0,,,0.0,0.0,0.62,0.25
Joao Domingues,801,160,1488.9,1443.6,1471.5,1462.9,303,132,171,0.4356,38,262,3,0.2895,0.4618,0.0,0.4,0.35,0.601,0.575
Germain Gigounon,354,185,1488.9,1436.5,1528.4,1487.5,89,44,45,0.4944,29,59,1,0.3793,0.5593,0.0,0.4,0.35,0.6092,0.5313
Martin Alund,302,302,1488.9,1500.0,1489.0,1500.0,1,0,1,0.0,0,1,0,,0.0,,0.0,0.0,0.5,0.25
Tuna Altuna,1247,1247,1488.9,1500.0,1488.4,1500.0,1,0,1,0.0,0,1,0,,0.0,,0.0,0.0,0.5,0.25
Mark Philippoussis,,,1488.9,1500.0,1500.0,1488.0,1,0,1,0.0,0,0,1,,,0.0,0.0,0.0,0.5,0.25
Javier Rodriguez,,,1488.9,1500.0,1489.0,1500.0,1,0,1,0.0,0,1,0,,0.0,,0.0,0.0,0.62,0.25
Sundet Nagimetov,,,1488.9,1500.0,1485.2,1500.0,1,0,1,0.0,0,1,0,,0.0,,0.0,0.0,0.62,0.25
Yoav Schab,,,1488.9,1486.0,1500.0,1500.0,1,0,1,0.0,1,0,0,0.0,,,0.0,0.0,0.62,0.25
Kryce Didier Momo Kassa,,,1488.9,1500.0,1489.0,1500.0,1,0,1,0.0,0,1,0,,0.0,,0.0,0.0,0.62,0.25
Gian Gruenig,1475,1475,1488.9,1486.8,1500.0,1500.0,1,0,1,0.0,1,0,0,0.0,,,0.0,0.0,0.62,0.25
Alexander Visser,,,1488.9,1488.9,1500.0,1500.0,1,0,1,0.0,1,0,0,0.0,,,0.0,0.0,0.62,0.25
Vasco Leote Prata,1255,1255,1488.9,1487.4,1500.0,1500.0,1,0,1,0.0,1,0,0,0.0,,,0.0,0.0,0.62,0.25
Yi Wei Zhang,,,1488.9,1487.7,1500.0,1500.0,1,0,1,0.0,1,0,0,0.0,,,0.0,0.0,0.62,0.25
Luca Castelnuovo,405,400,1488.8,1507.7,1403.2,1500.0,63,27,36,0.4286,43,20,0,0.4884,0.3,,0.5,0.5,0.62,0.5159
Ishaque Eqbal,967,809,1488.8,1488.5,1500.0,1500.0,5,2,3,0.4,5,0,0,0.4,,,0.4,0.4,0.62,0.25
Teri Groll,845,845,1488.8,1486.6,1500.0,1500.0,3,1,2,0.3333,3,0,0,0.3333,,,0.3333,0.3333,0.54,0.25
Martin Rondina,2122,2122,1488.8,1500.0,1488.8,1500.0,1,0,1,0.0,0,1,0,,0.0,,0.0,0.0,0.5,0.25
Christian Oliver Lee,,,1488.8,1488.5,1500.0,1500.0,1,0,1,0.0,1,0,0,0.0,,,0.0,0.0,0.5,0.25
Blade Fong,2085,2085,1488.8,1489.1,1500.0,1500.0,1,0,1,0.0,1,0,0,0.0,,,0.0,0.0,0.5,0.25
Patrik Meszaros,1921,1921,1488.8,1500.0,1489.1,1500.0,1,0,1,0.0,0,1,0,,0.0,,0.0,0.0,0.62,0.25
Noah Karma,,,1488.8,1487.4,1500.0,1500.0,1,0,1,0.0,1,0,0,0.0,,,0.0,0.0,0.62,0.25
Toby Martin,888,888,1488.8,1488.0,1500.0,1500.0,1,0,1,0.0,1,0,0,0.0,,,0.0,0.0,0.62,0.25
Abel Forger,743,743,1488.8,1500.0,1487.7,1500.0,1,0,1,0.0,0,1,0,,0.0,,0.0,0.0,0.62,0.25
Carlos Eduardo Lino,,,1488.8,1500.0,1489.5,1500.0,1,0,1,0.0,0,1,0,,0.0,,0.0,0.0,0.62,0.25
Martin Borisiouk,1044,790,1488.7,1507.8,1470.7,1500.0,11,4,7,0.3636,9,2,0,0.4444,0.0,,0.4,0.3636,0.6091,0.3235
Enzo Aguiard,569,569,1488.7,1487.2,1500.0,1500.0,5,2,3,0.4,5,0,0,0.4,,,0.4,0.4,0.62,0.25
Andre Gaspar Murta,563,563,1488.7,1500.0,1487.7,1500.0,3,1,2,0.3333,0,3,0,,0.3333,,0.3333,0.3333,0.54,0.25
Jorge Plans,1470,1470,1488.7,1500.0,1482.9,1500.0,2,0,2,0.0,0,2,0,,0.0,,0.0,0.0,0.56,0.25
Mohamed Ali Bellalouna,1941,1941,1488.7,1500.0,1489.5,1500.0,1,0,1,0.0,0,1,0,,0.0,,0.0,0.0,0.62,0.25
Kamen Damov,1662,1662,1488.7,1484.7,1500.0,1500.0,1,0,1,0.0,1,0,0,0.0,,,0.0,0.0,0.62,0.25
Marian Petre Prajescu,,,1488.7,1500.0,1488.6,1500.0,1,0,1,0.0,0,1,0,,0.0,,0.0,0.0,0.62,0.25
Gerard Planelles Ripoll,1435,1435,1488.7,1488.5,1500.0,1500.0,1,0,1,0.0,1,0,0,0.0,,,0.0,0.0,0.62,0.25
Andrea Bacaloni,821,821,1488.7,1486.8,1500.0,1500.0,1,0,1,0.0,1,0,0,0.0,,,0.0,0.0,0.62,0.25
David Naharro,,,1488.7,1500.0,1488.7,1500.0,1,0,1,0.0,0,1,0,,0.0,,0.0,0.0,0.62,0.25
Pietro Genovese,,,1488.7,1500.0,1488.3,1500.0,1,0,1,0.0,0,1,0,,0.0,,0.0,0.0,0.62,0.25
Alejandro Falla,363,101,1488.6,1526.7,1486.4,1500.5,118,60,58,0.5085,60,38,20,0.5167,0.4737,0.55,0.2,0.4,0.5732,0.5153
Tim Van Terheijden,1592,1592,1488.6,1500.0,1489.5,1500.0,3,1,2,0.3333,0,3,0,,0.3333,,0.3333,0.3333,0.62,0.25
Conor Berg,1158,1158,1488.6,1488.5,1500.0,1500.0,1,0,1,0.0,1,0,0,0.0,,,0.0,0.0,0.62,0.25
Eduardo Agustin Torre,794,794,1488.6,1500.0,1488.7,1500.0,1,0,1,0.0,0,1,0,,0.0,,0.0,0.0,0.62,0.25
Tim Loosen,,,1488.6,1500.0,1487.7,1500.0,1,0,1,0.0,0,1,0,,0.0,,0.0,0.0,0.62,0.25
Enzo Lima,,,1488.6,1500.0,1488.5,1500.0,1,0,1,0.0,0,1,0,,0.0,,0.0,0.0,0.62,0.25
Marino Jakic,,,1488.6,1500.0,1488.5,1500.0,1,0,1,0.0,0,1,0,,0.0,,0.0,0.0,0.62,0.25
Jossting Cruz,,,1488.6,1500.0,1484.2,1500.0,1,0,1,0.0,0,1,0,,0.0,,0.0,0.0,0.62,0.25
Jose Garcia,,,1488.6,1488.3,1500.0,1500.0,1,0,1,0.0,1,0,0,0.0,,,0.0,0.0,0.62,0.25
Zhou Mingzhou,2181,2181,1488.6,1488.0,1500.0,1500.0,1,0,1,0.0,1,0,0,0.0,,,0.0,0.0,0.62,0.25
Gianluca Mager,463,66,1488.5,1500.9,1493.1,1487.8,437,232,205,0.5309,83,351,3,0.4217,0.5584,0.3333,0.3,0.25,0.6085,0.5899
Blake Mott,475,222,1488.5,1502.4,1492.1,1466.0,114,52,62,0.4561,97,12,5,0.4742,0.4167,0.2,0.4,0.35,0.6053,0.5423
Aron Hiltzik,1192,814,1488.5,1487.8,1500.0,1500.0,22,10,12,0.4545,22,0,0,0.4545,,,0.3,0.5,0.62,0.4113
Luca Lemaitre Vilchis,,,1488.5,1487.2,1500.0,1500.0,2,0,2,0.0,2,0,0,0.0,,,0.0,0.0,0.56,0.25
Guy Den Heijer,,,1488.5,1488.5,1500.0,1500.0,1,0,1,0.0,1,0,0,0.0,,,0.0,0.0,0.5,0.25
Oscar Mesquida Berg,1173,1173,1488.5,1500.0,1488.0,1500.0,1,0,1,0.0,0,1,0,,0.0,,0.0,0.0,0.5,0.25
Alexander Boborykin,930,930,1488.5,1487.9,1500.0,1500.0,1,0,1,0.0,1,0,0,0.0,,,0.0,0.0,0.62,0.25
Giovanni Orsoni,,,1488.5,1500.0,1488.4,1500.0,1,0,1,0.0,0,1,0,,0.0,,0.0,0.0,0.62,0.25
Max Colorado,1752,1752,1488.5,1486.4,1500.0,1500.0,1,0,1,0.0,1,0,0,0.0,,,0.0,0.0,0.62,0.25
Eun Chong Shin,,,1488.5,1485.3,1500.0,1500.0,1,0,1,0.0,1,0,0,0.0,,,0.0,0.0,0.62,0.25
Charles Bertimon,,,1488.5,1488.3,1500.0,1500.0,1,0,1,0.0,1,0,0,0.0,,,0.0,0.0,0.62,0.25
Azariah Rusher,,,1488.5,1500.0,1485.3,1500.0,1,0,1,0.0,0,1,0,,0.0,,0.0,0.0,0.62,0.25
Kaue Noatto,,,1488.5,1500.0,1488.4,1500.0,1,0,1,0.0,0,1,0,,0.0,,0.0,0.0,0.62,0.25
Rhyne Williams,585,209,1488.4,1507.9,1474.7,1500.0,15,7,8,0.4667,13,2,0,0.5385,0.0,,0.3,0.4667,0.588,0.3473
Theo Fournerie,517,517,1488.4,1488.4,1500.0,1500.0,1,0,1,0.0,1,0,0,0.0,,,0.0,0.0,0.5,0.25
Michael Lammer,541,541,1488.4,1488.4,1500.0,1500.0,1,0,1,0.0,1,0,0,0.0,,,0.0,0.0,0.5,0.25
Sam D Bloom,,,1488.4,1488.9,1500.0,1500.0,1,0,1,0.0,1,0,0,0.0,,,0.0,0.0,0.5,0.25
Connor Hance,,,1488.4,1490.1,1500.0,1500.0,1,0,1,0.0,1,0,0,0.0,,,0.0,0.0,0.62,0.25
Marco Gulisano,,,1488.4,1500.0,1488.6,1500.0,1,0,1,0.0,0,1,0,,0.0,,0.0,0.0,0.62,0.25
Tommaso Schold,,,1488.4,1500.0,1486.1,1500.0,1,0,1,0.0,0,1,0,,0.0,,0.0,0.0,0.62,0.25
Nathan Seateun,1595,1595,1488.4,1485.7,1500.0,1500.0,1,0,1,0.0,1,0,0,0.0,,,0.0,0.0,0.62,0.25
Mohamed Abdel Aziz,,,1488.4,1488.5,1500.0,1500.0,1,0,1,0.0,1,0,0,0.0,,,0.0,0.0,0.62,0.25
Elgin Khoeblal,1536,1536,1488.4,1500.0,1487.2,1500.0,1,0,1,0.0,0,1,0,,0.0,,0.0,0.0,0.62,0.25
William Mroz,1945,1945,1488.4,1487.7,1500.0,1500.0,1,0,1,0.0,1,0,0,0.0,,,0.0,0.0,0.62,0.25
Nikola Djosic,1430,1430,1488.4,1500.0,1488.0,1500.0,1,0,1,0.0,0,1,0,,0.0,,0.0,0.0,0.62,0.25
Bor Artnak,438,385,1488.3,1478.1,1456.2,1500.0,55,22,33,0.4,37,18,0,0.4324,0.3333,,0.5,0.45,0.62,0.5047
Gleb Alekseenko,1479,835,1488.3,1500.0,1488.3,1500.0,3,1,2,0.3333,0,3,0,,0.3333,,0.3333,0.3333,0.54,0.25
Jonas Merckx,471,471,1488.3,1500.5,1489.0,1500.0,3,1,2,0.3333,2,1,0,0.5,0.0,,0.3333,0.3333,0.62,0.25
Noe Khlif,,,1488.3,1488.2,1500.0,1500.0,3,1,2,0.3333,3,0,0,0.3333,,,0.3333,0.3333,0.62,0.25
Lance Cohen,2090,2090,1488.3,1488.3,1500.0,1500.0,1,0,1,0.0,1,0,0,0.0,,,0.0,0.0,0.5,0.25
Costin Paval,1210,1210,1488.3,1500.0,1487.6,1500.0,1,0,1,0.0,0,1,0,,0.0,,0.0,0.0,0.5,0.25
George Jecminek,,,1488.3,1487.9,1500.0,1500.0,1,0,1,0.0,1,0,0,0.0,,,0.0,0.0,0.62,0.25
Teppei Uesugi,,,1488.3,1488.1,1500.0,1500.0,1,0,1,0.0,1,0,0,0.0,,,0.0,0.0,0.62,0.25
Jamie Vance,,,1488.3,1488.3,1500.0,1500.0,1,0,1,0.0,1,0,0,0.0,,,0.0,0.0,0.62,0.25
Nicolas Ifi,1048,1048,1488.3,1488.1,1500.0,1500.0,1,0,1,0.0,1,0,0,0.0,,,0.0,0.0,0.62,0.25
Matteo Donati,709,169,1488.2,1429.2,1495.3,1487.0,225,108,117,0.48,57,163,5,0.3684,0.5215,0.4,0.3,0.3,0.5981,0.5641
John Sperle,822,660,1488.2,1482.1,1486.8,1500.0,34,13,21,0.3824,5,29,0,0.4,0.3793,,0.5,0.5,0.62,0.4591
Isak Arvidsson,844,504,1488.2,1524.0,1465.5,1500.0,28,12,16,0.4286,9,19,0,0.5556,0.3684,,0.5,0.4,0.6029,0.4263
Vasile Antonescu,640,476,1488.2,1500.0,1488.8,1500.0,7,3,4,0.4286,0,7,0,,0.4286,,0.4286,0.4286,0.5686,0.2543
Max Dahlin,925,925,1488.2,1487.0,1495.0,1500.0,2,0,2,0.0,1,1,0,0.0,0.0,,0.0,0.0,0.56,0.25
Rafael Alfonso De Alba Valdes,1334,1334,1488.2,1496.7,1490.4,1500.0,2,0,2,0.0,1,1,0,0.0,0.0,,0.0,0.0,0.56,0.25
Alexandre Massa,1374,1374,1488.2,1500.0,1488.1,1500.0,1,0,1,0.0,0,1,0,,0.0,,0.0,0.0,0.5,0.25
Sebastian Sachs,2066,2066,1488.2,1500.0,1500.0,1488.0,1,0,1,0.0,0,0,1,,,0.0,0.0,0.0,0.5,0.25
Walker Duncan,1484,1484,1488.2,1487.9,1500.0,1500.0,1,0,1,0.0,1,0,0,0.0,,,0.0,0.0,0.5,0.25
Julien Mathieu,,,1488.2,1486.8,1500.0,1500.0,1,0,1,0.0,1,0,0,0.0,,,0.0,0.0,0.5,0.25
Bjorn Hoffmann,1654,1654,1488.2,1488.1,1500.0,1500.0,1,0,1,0.0,1,0,0,0.0,,,0.0,0.0,0.62,0.25
Francesco Garzelli,,,1488.2,1500.0,1489.0,1500.0,1,0,1,0.0,0,1,0,,0.0,,0.0,0.0,0.62,0.25
Alexandre Rotsaert,1509,1509,1488.2,1500.0,1488.3,1500.0,1,0,1,0.0,0,1,0,,0.0,,0.0,0.0,0.62,0.25
Roman Warias,,,1488.2,1500.0,1487.9,1500.0,1,0,1,0.0,0,1,0,,0.0,,0.0,0.0,0.62,0.25
Vasisht Cheruku,1468,1468,1488.2,1487.0,1500.0,1500.0,1,0,1,0.0,1,0,0,0.0,,,0.0,0.0,0.62,0.25
Aliaksandr Bulitski,1269,1269,1488.2,1485.1,1500.0,1500.0,1,0,1,0.0,1,0,0,0.0,,,0.0,0.0,0.62,0.25
Gabriel Gomez,,,1488.2,1485.4,1500.0,1500.0,1,0,1,0.0,1,0,0,0.0,,,0.0,0.0,0.62,0.25
Alex Bancila,1916,1916,1488.2,1488.3,1500.0,1500.0,1,0,1,0.0,1,0,0,0.0,,,0.0,0.0,0.62,0.25
Yoshka Sborowsky,,,1488.2,1500.0,1486.1,1500.0,1,0,1,0.0,0,1,0,,0.0,,0.0,0.0,0.62,0.25
Nicholas Bybel,1984,1608,1488.1,1500.0,1488.2,1500.0,3,1,2,0.3333,0,3,0,,0.3333,,0.3333,0.3333,0.62,0.25
Thibault Venturino,1141,1141,1488.1,1485.8,1500.0,1500.0,1,0,1,0.0,1,0,0,0.0,,,0.0,0.0,0.62,0.25
Ludovico Cestarollo,,,1488.1,1489.1,1500.0,1500.0,1,0,1,0.0,1,0,0,0.0,,,0.0,0.0,0.62,0.25
Vincent Stouff,,,1488.1,1500.0,1488.6,1500.0,1,0,1,0.0,0,1,0,,0.0,,0.0,0.0,0.62,0.25
Igor Piasek,,,1488.1,1490.4,1500.0,1500.0,1,0,1,0.0,1,0,0,0.0,,,0.0,0.0,0.62,0.25
Nazar Oliynykov,,,1488.1,1500.0,1487.7,1500.0,1,0,1,0.0,0,1,0,,0.0,,0.0,0.0,0.62,0.25
Derek Pham,977,977,1488.0,1486.6,1500.0,1500.0,4,1,3,0.25,4,0,0,0.25,,,0.25,0.25,0.56,0.25
Abdullah Shannan Alharrasi,,,1488.0,1488.0,1500.0,1500.0,1,0,1,0.0,1,0,0,0.0,,,0.0,0.0,0.5,0.25
Issa Shanan Al Harrasi,,,1488.0,1488.0,1500.0,1500.0,1,0,1,0.0,1,0,0,0.0,,,0.0,0.0,0.5,0.25
Jassem Al Zeyara,,,1488.0,1488.0,1500.0,1500.0,1,0,1,0.0,1,0,0,0.0,,,0.0,0.0,0.5,0.25
Ali Al Saygh,,,1488.0,1488.0,1500.0,1500.0,1,0,1,0.0,1,0,0,0.0,,,0.0,0.0,0.5,0.25
Fahad Mohammed,,,1488.0,1488.0,1500.0,1500.0,1,0,1,0.0,1,0,0,0.0,,,0.0,0.0,0.5,0.25
Akash Wagh,1052,1052,1488.0,1488.0,1500.0,1500.0,1,0,1,0.0,1,0,0,0.0,,,0.0,0.0,0.5,0.25
Rahul Robinson Manoah,,,1488.0,1488.0,1500.0,1500.0,1,0,1,0.0,1,0,0,0.0,,,0.0,0.0,0.5,0.25
Ravi Raswant,,,1488.0,1488.0,1500.0,1500.0,1,0,1,0.0,1,0,0,0.0,,,0.0,0.0,0.5,0.25
Simon Ede,1017,1017,1488.0,1488.0,1500.0,1500.0,1,0,1,0.0,1,0,0,0.0,,,0.0,0.0,0.5,0.25
Stanislav Vovk,517,517,1488.0,1488.0,1500.0,1500.0,1,0,1,0.0,1,0,0,0.0,,,0.0,0.0,0.5,0.25
Tudor Sulea,1386,1386,1488.0,1500.0,1488.0,1500.0,1,0,1,0.0,0,1,0,,0.0,,0.0,0.0,0.5,0.25
Alexander Braun,1634,1634,1488.0,1500.0,1488.0,1500.0,1,0,1,0.0,0,1,0,,0.0,,0.0,0.0,0.5,0.25
Joao Antonio,,,1488.0,1500.0,1488.0,1500.0,1,0,1,0.0,0,1,0,,0.0,,0.0,0.0,0.5,0.25
Goncalo Andrade,,,1488.0,1500.0,1488.0,1500.0,1,0,1,0.0,0,1,0,,0.0,,0.0,0.0,0.5,0.25
Artur Completo,1139,1139,1488.0,1500.0,1488.0,1500.0,1,0,1,0.0,0,1,0,,0.0,,0.0,0.0,0.5,0.25
Jose Ricardo Nunes,2121,2121,1488.0,1500.0,1488.0,1500.0,1,0,1,0.0,0,1,0,,0.0,,0.0,0.0,0.5,0.25
Miguel Semedo,,,1488.0,1500.0,1488.0,1500.0,1,0,1,0.0,0,1,0,,0.0,,0.0,0.0,0.5,0.25
Sevan Kelpetindjian,,,1488.0,1500.0,1488.0,1500.0,1,0,1,0.0,0,1,0,,0.0,,0.0,0.0,0.5,0.25
Nicolas Daniel Olguin,,,1488.0,1500.0,1488.0,1500.0,1,0,1,0.0,0,1,0,,0.0,,0.0,0.0,0.5,0.25
Max De Vroome,1685,1685,1488.0,1500.0,1500.0,1488.0,1,0,1,0.0,0,0,1,,,0.0,0.0,0.0,0.5,0.25
Stefan Lindmark,1568,1568,1488.0,1500.0,1488.0,1500.0,1,0,1,0.0,0,1,0,,0.0,,0.0,0.0,0.5,0.25
Martin Pedersen,757,757,1488.0,1500.0,1488.5,1500.0,1,0,1,0.0,0,1,0,,0.0,,0.0,0.0,0.5,0.25
Patrik Sudic,,,1488.0,1500.0,1488.0,1500.0,1,0,1,0.0,0,1,0,,0.0,,0.0,0.0,0.5,0.25
Rodrigo Echavarria,,,1488.0,1488.0,1500.0,1500.0,1,0,1,0.0,1,0,0,0.0,,,0.0,0.0,0.5,0.25
Jessy Kalambay,1345,1345,1488.0,1500.0,1488.3,1500.0,1,0,1,0.0,0,1,0,,0.0,,0.0,0.0,0.5,0.25
Artur Gusev,,,1488.0,1488.0,1500.0,1500.0,1,0,1,0.0,1,0,0,0.0,,,0.0,0.0,0.5,0.25
Pavel Shchaya Zubrov,,,1488.0,1488.0,1500.0,1500.0,1,0,1,0.0,1,0,0,0.0,,,0.0,0.0,0.5,0.25
Philipp Klimov,,,1488.0,1488.0,1500.0,1500.0,1,0,1,0.0,1,0,0,0.0,,,0.0,0.0,0.5,0.25
Robert Loeb,,,1488.0,1500.0,1485.8,1500.0,1,0,1,0.0,0,1,0,,0.0,,0.0,0.0,0.62,0.25
Frantisek Polanka,,,1488.0,1500.0,1486.3,1500.0,1,0,1,0.0,0,1,0,,0.0,,0.0,0.0,0.62,0.25
Timothy Sah,,,1488.0,1489.9,1500.0,1500.0,1,0,1,0.0,1,0,0,0.0,,,0.0,0.0,0.62,0.25
Lukas Velik,,,1488.0,1500.0,1485.7,1500.0,1,0,1,0.0,0,1,0,,0.0,,0.0,0.0,0.62,0.25
Angel Josue Maleno Rosario,,,1488.0,1500.0,1485.0,1500.0,1,0,1,0.0,0,1,0,,0.0,,0.0,0.0,0.62,0.25
Lucas Horve,,,1488.0,1488.1,1500.0,1500.0,1,0,1,0.0,1,0,0,0.0,,,0.0,0.0,0.62,0.25
Lucca Acioly,,,1488.0,1486.0,1500.0,1500.0,1,0,1,0.0,1,0,0,0.0,,,0.0,0.0,0.62,0.25
Loic Namigandet Tenguere,1226,1226,1488.0,1485.5,1500.0,1500.0,1,0,1,0.0,1,0,0,0.0,,,0.0,0.0,0.62,0.25
Preston Stearns,1388,1388,1487.9,1489.0,1500.0,1500.0,7,3,4,0.4286,7,0,0,0.4286,,,0.4286,0.4286,0.62,0.2773
Felipe Rojas,2013,1876,1487.9,1488.0,1499.4,1500.0,3,1,2,0.3333,1,2,0,0.0,0.5,,0.3333,0.3333,0.58,0.25
Felipe Ramirez Luna,,,1487.9,1500.0,1488.6,1500.0,3,1,2,0.3333,0,3,0,,0.3333,,0.3333,0.3333,0.62,0.25
Francisco Adolfo Blanco Paris,1711,1711,1487.9,1486.5,1500.0,1500.0,1,0,1,0.0,1,0,0,0.0,,,0.0,0.0,0.62,0.25
Ace Matias,,,1487.9,1486.3,1500.0,1500.0,1,0,1,0.0,1,0,0,0.0,,,0.0,0.0,0.62,0.25
Sang Woo Noh,2130,2130,1487.9,1487.7,1500.0,1500.0,1,0,1,0.0,1,0,0,0.0,,,0.0,0.0,0.62,0.25
Igor Rossi,,,1487.9,1500.0,1487.6,1500.0,1,0,1,0.0,0,1,0,,0.0,,0.0,0.0,0.62,0.25
Rostislav Galfinger,,,1487.9,1486.5,1500.0,1500.0,1,0,1,0.0,1,0,0,0.0,,,0.0,0.0,0.62,0.25
Anton Ornberg,,,1487.9,1487.9,1500.0,1500.0,1,0,1,0.0,1,0,0,0.0,,,0.0,0.0,0.62,0.25
Rayen Hermassi,,,1487.9,1500.0,1488.2,1500.0,1,0,1,0.0,0,1,0,,0.0,,0.0,0.0,0.62,0.25
Karlo Cubelic,1476,1476,1487.9,1500.0,1486.0,1500.0,1,0,1,0.0,0,1,0,,0.0,,0.0,0.0,0.62,0.25
Qiulin Wang,,,1487.9,1487.8,1500.0,1500.0,1,0,1,0.0,1,0,0,0.0,,,0.0,0.0,0.62,0.25
Shixun Zhu,1801,1801,1487.9,1486.9,1500.0,1500.0,1,0,1,0.0,1,0,0,0.0,,,0.0,0.0,0.62,0.25
Joao Eduardo Schiessl,443,442,1487.8,1483.9,1497.7,1500.0,48,19,29,0.3958,3,45,0,0.3333,0.4,,0.5,0.45,0.62,0.4927
Luca George Tatomir,964,964,1487.8,1500.0,1488.3,1500.0,1,0,1,0.0,0,1,0,,0.0,,0.0,0.0,0.5,0.25
Denis Bejtulahi,635,635,1487.8,1500.0,1488.6,1500.0,1,0,1,0.0,0,1,0,,0.0,,0.0,0.0,0.5,0.25
Daniel Svensson,1945,1945,1487.8,1500.0,1485.4,1500.0,1,0,1,0.0,0,1,0,,0.0,,0.0,0.0,0.62,0.25
Jakub Wojcik,,,1487.8,1500.0,1487.4,1500.0,1,0,1,0.0,0,1,0,,0.0,,0.0,0.0,0.62,0.25
Marc Castellana,,,1487.8,1500.0,1485.1,1500.0,1,0,1,0.0,0,1,0,,0.0,,0.0,0.0,0.62,0.25
Martin Zeljenka,1631,1631,1487.8,1500.0,1489.7,1500.0,1,0,1,0.0,0,1,0,,0.0,,0.0,0.0,0.62,0.25
Gorazd Srbljak,1129,1129,1487.8,1500.0,1487.7,1500.0,1,0,1,0.0,0,1,0,,0.0,,0.0,0.0,0.62,0.25
Oskar Antinheimo,1670,1670,1487.8,1500.0,1487.6,1500.0,1,0,1,0.0,0,1,0,,0.0,,0.0,0.0,0.62,0.25
Jacob Bullard,1679,1679,1487.8,1487.3,1500.0,1500.0,1,0,1,0.0,1,0,0,0.0,,,0.0,0.0,0.62,0.25
Giorgi Giorgadze,1991,1991,1487.8,1486.9,1500.0,1500.0,1,0,1,0.0,1,0,0,0.0,,,0.0,0.0,0.62,0.25
Mihnea Maftei,1768,1768,1487.8,1500.0,1487.3,1500.0,1,0,1,0.0,0,1,0,,0.0,,0.0,0.0,0.62,0.25
Oliver Anderson,1228,664,1487.7,1486.2,1500.0,1500.0,15,7,8,0.4667,15,0,0,0.4667,,,0.5,0.4667,0.588,0.3473
Roberto Affonso Neto,1682,1682,1487.7,1500.0,1486.0,1500.0,3,1,2,0.3333,0,3,0,,0.3333,,0.3333,0.3333,0.54,0.25
Matias Rodolfo Buchhass,938,938,1487.7,1500.0,1487.7,1500.0,1,0,1,0.0,0,1,0,,0.0,,0.0,0.0,0.5,0.25
Eduard Guell Bartrina,,,1487.7,1500.0,1488.0,1500.0,1,0,1,0.0,0,1,0,,0.0,,0.0,0.0,0.5,0.25
Andrei Patrui,2147,2147,1487.7,1500.0,1488.0,1500.0,1,0,1,0.0,0,1,0,,0.0,,0.0,0.0,0.5,0.25
Tiago Lourenco,,,1487.7,1500.0,1487.6,1500.0,1,0,1,0.0,0,1,0,,0.0,,0.0,0.0,0.5,0.25
Francisco Aranguren,,,1487.7,1485.3,1500.0,1500.0,1,0,1,0.0,1,0,0,0.0,,,0.0,0.0,0.62,0.25
Andrea Giallanza,,,1487.7,1500.0,1488.2,1500.0,1,0,1,0.0,0,1,0,,0.0,,0.0,0.0,0.62,0.25
Javier Ladron De Guevara Hi,,,1487.7,1484.5,1500.0,1500.0,1,0,1,0.0,1,0,0,0.0,,,0.0,0.0,0.62,0.25
Maksim Tikhomirov,677,677,1487.7,1488.6,1500.0,1500.0,1,0,1,0.0,1,0,0,0.0,,,0.0,0.0,0.62,0.25
Chris Wettengel,1605,1605,1487.7,1487.6,1500.0,1500.0,1,0,1,0.0,1,0,0,0.0,,,0.0,0.0,0.62,0.25
Angel Guerrero Melgar,,,1487.7,1500.0,1487.7,1500.0,1,0,1,0.0,0,1,0,,0.0,,0.0,0.0,0.62,0.25
Erwin Troebinger,,,1487.6,1485.0,1500.0,1500.0,5,2,3,0.4,5,0,0,0.4,,,0.4,0.4,0.62,0.25
Eric Samuelsson,,,1487.6,1485.0,1500.0,1500.0,3,1,2,0.3333,3,0,0,0.3333,,,0.3333,0.3333,0.62,0.25
Felipe Virgili Berini,1737,1737,1487.6,1500.0,1488.3,1500.0,2,0,2,0.0,0,2,0,,0.0,,0.0,0.0,0.62,0.25
Hamad Abbas Janahi,,,1487.6,1487.6,1500.0,1500.0,1,0,1,0.0,1,0,0,0.0,,,0.0,0.0,0.5,0.25
Jacob Kahoun,1057,1057,1487.6,1500.0,1488.3,1500.0,1,0,1,0.0,0,1,0,,0.0,,0.0,0.0,0.5,0.25
Muhd Ashaari Bin Zinal Abidin,,,1487.6,1487.6,1500.0,1500.0,1,0,1,0.0,1,0,0,0.0,,,0.0,0.0,0.5,0.25
Rodrigo Chavez,,,1487.6,1487.7,1500.0,1500.0,1,0,1,0.0,1,0,0,0.0,,,0.0,0.0,0.62,0.25
Alexander Wolfschmidt,,,1487.6,1485.4,1500.0,1500.0,1,0,1,0.0,1,0,0,0.0,,,0.0,0.0,0.62,0.25
Joaquin Caballer,,,1487.6,1500.0,1486.0,1500.0,1,0,1,0.0,0,1,0,,0.0,,0.0,0.0,0.62,0.25
Ralph Regus,,,1487.6,1488.0,1500.0,1500.0,1,0,1,0.0,1,0,0,0.0,,,0.0,0.0,0.62,0.25
Alen Mujakic,,,1487.6,1489.5,1500.0,1500.0,1,0,1,0.0,1,0,0,0.0,,,0.0,0.0,0.62,0.25
Nicholas Jovanovski,1964,1964,1487.6,1488.8,1500.0,1500.0,1,0,1,0.0,1,0,0,0.0,,,0.0,0.0,0.62,0.25
Zekai Li,1928,1928,1487.6,1488.7,1500.0,1500.0,1,0,1,0.0,1,0,0,0.0,,,0.0,0.0,0.62,0.25
Henry Lieberman,,,1487.6,1487.7,1500.0,1500.0,1,0,1,0.0,1,0,0,0.0,,,0.0,0.0,0.62,0.25
Georgios Nouchakis,,,1487.6,1486.8,1500.0,1500.0,1,0,1,0.0,1,0,0,0.0,,,0.0,0.0,0.62,0.25
Juan Estevez,416,416,1487.5,1500.0,1485.1,1500.0,29,11,18,0.3793,0,29,0,,0.3793,,0.4,0.5,0.62,0.4422
Maxime Tchoutakian,564,564,1487.5,1486.6,1500.0,1500.0,5,2,3,0.4,5,0,0,0.4,,,0.4,0.4,0.62,0.25
Richard Bloomfield,,,1487.5,1500.0,1500.0,1487.6,1,0,1,0.0,0,0,1,,,0.0,0.0,0.0,0.5,0.25
Patrick Davidson,1532,1532,1487.5,1500.0,1500.0,1488.0,1,0,1,0.0,0,0,1,,,0.0,0.0,0.0,0.5,0.25
Juan Sebastian Cabal,,,1487.5,1486.6,1500.0,1500.0,1,0,1,0.0,1,0,0,0.0,,,0.0,0.0,0.5,0.25
Marco Facconi,,,1487.5,1487.7,1500.0,1500.0,1,0,1,0.0,1,0,0,0.0,,,0.0,0.0,0.62,0.25
Yu Seob Kim,,,1487.5,1487.4,1500.0,1500.0,1,0,1,0.0,1,0,0,0.0,,,0.0,0.0,0.62,0.25
Henry Choi,,,1487.5,1487.7,1500.0,1500.0,1,0,1,0.0,1,0,0,0.0,,,0.0,0.0,0.62,0.25
Leo Bresson,1592,1592,1487.5,1486.8,1500.0,1500.0,1,0,1,0.0,1,0,0,0.0,,,0.0,0.0,0.62,0.25
Alessandro Ingarao,,,1487.5,1500.0,1487.6,1500.0,1,0,1,0.0,0,1,0,,0.0,,0.0,0.0,0.62,0.25
Xinmu Zhou,,,1487.5,1487.4,1500.0,1500.0,1,0,1,0.0,1,0,0,0.0,,,0.0,0.0,0.62,0.25
Devin Badenhorst,,,1487.5,1487.4,1500.0,1500.0,1,0,1,0.0,1,0,0,0.0,,,0.0,0.0,0.62,0.25
Gal Emersic Potocnik,,,1487.5,1500.0,1487.0,1500.0,1,0,1,0.0,0,1,0,,0.0,,0.0,0.0,0.62,0.25
Raul Teichmann,,,1487.5,1500.0,1487.6,1500.0,1,0,1,0.0,0,1,0,,0.0,,0.0,0.0,0.62,0.25
Tommaso Redaelli,,,1487.5,1500.0,1487.0,1500.0,1,0,1,0.0,0,1,0,,0.0,,0.0,0.0,0.62,0.25
Steven Diez,556,134,1487.4,1506.9,1450.1,1451.2,402,185,217,0.4602,192,201,9,0.4427,0.4876,0.2222,0.4,0.4,0.5988,0.579
Vladimir Holban,1890,1890,1487.4,1488.3,1500.0,1500.0,3,1,2,0.3333,3,0,0,0.3333,,,0.3333,0.3333,0.62,0.25
Dario Vogogna,,,1487.4,1500.0,1487.4,1500.0,1,0,1,0.0,0,1,0,,0.0,,0.0,0.0,0.62,0.25
Edoardo Castagna,,,1487.4,1488.0,1500.0,1500.0,1,0,1,0.0,1,0,0,0.0,,,0.0,0.0,0.62,0.25
Juan Erro,,,1487.4,1487.2,1500.0,1500.0,1,0,1,0.0,1,0,0,0.0,,,0.0,0.0,0.62,0.25
Christopher G Haworth,1354,1354,1487.4,1485.9,1500.0,1500.0,1,0,1,0.0,1,0,0,0.0,,,0.0,0.0,0.62,0.25
Adam Jones,1714,1714,1487.4,1500.0,1500.0,1486.0,1,0,1,0.0,0,0,1,,,0.0,0.0,0.0,0.62,0.25
Marko Vujic,1700,1700,1487.4,1500.0,1487.7,1500.0,1,0,1,0.0,0,1,0,,0.0,,0.0,0.0,0.62,0.25
Manuel Bernard,,,1487.4,1485.8,1500.0,1500.0,1,0,1,0.0,1,0,0,0.0,,,0.0,0.0,0.62,0.25
Gerhardt Marius Becker,,,1487.4,1486.4,1500.0,1500.0,1,0,1,0.0,1,0,0,0.0,,,0.0,0.0,0.62,0.25
Daiki Yoshimura,1747,1747,1487.4,1487.1,1500.0,1500.0,1,0,1,0.0,1,0,0,0.0,,,0.0,0.0,0.62,0.25
Thiago Agustin Pernas,1119,1119,1487.4,1500.0,1487.7,1500.0,1,0,1,0.0,0,1,0,,0.0,,0.0,0.0,0.62,0.25
Cooper Williams,672,666,1487.3,1476.8,1498.0,1500.0,32,12,20,0.375,28,4,0,0.3571,0.5,,0.5,0.35,0.62,0.4528
Daniele Spinnato,2007,1631,1487.3,1498.8,1485.0,1500.0,11,5,6,0.4545,2,9,0,0.5,0.4444,,0.4,0.4545,0.62,0.3293
Stjepan Cagalj,,,1487.3,1500.0,1487.7,1500.0,1,0,1,0.0,0,1,0,,0.0,,0.0,0.0,0.5,0.25
Romain Bousquet,,,1487.3,1485.9,1500.0,1500.0,1,0,1,0.0,1,0,0,0.0,,,0.0,0.0,0.62,0.25
Juan Martin,,,1487.3,1500.0,1487.4,1500.0,1,0,1,0.0,0,1,0,,0.0,,0.0,0.0,0.62,0.25
Joseph Huber,,,1487.3,1500.0,1487.4,1500.0,1,0,1,0.0,0,1,0,,0.0,,0.0,0.0,0.62,0.25
Daiki Kato,,,1487.3,1487.4,1500.0,1500.0,1,0,1,0.0,1,0,0,0.0,,,0.0,0.0,0.62,0.25
Jacob Eskeland,,,1487.3,1487.3,1500.0,1500.0,1,0,1,0.0,1,0,0,0.0,,,0.0,0.0,0.62,0.25
Seon Yong Han,1387,1387,1487.3,1487.0,1500.0,1500.0,1,0,1,0.0,1,0,0,0.0,,,0.0,0.0,0.62,0.25
Ignacio Novo,1658,1658,1487.3,1500.0,1487.6,1500.0,1,0,1,0.0,0,1,0,,0.0,,0.0,0.0,0.62,0.25
Ian Luca Cervantes Tomas,,,1487.3,1500.0,1489.1,1500.0,1,0,1,0.0,0,1,0,,0.0,,0.0,0.0,0.62,0.25
Diego Ortiz Gamonal,,,1487.3,1500.0,1487.2,1500.0,1,0,1,0.0,0,1,0,,0.0,,0.0,0.0,0.62,0.25
Andre Rodeia,,,1487.3,1500.0,1485.6,1500.0,1,0,1,0.0,0,1,0,,0.0,,0.0,0.0,0.62,0.25
Ivan Gretskiy,1156,1156,1487.3,1486.6,1500.0,1500.0,1,0,1,0.0,1,0,0,0.0,,,0.0,0.0,0.62,0.25
Jacopo Berrettini,304,299,1487.2,1388.6,1549.4,1500.0,153,63,90,0.4118,33,120,0,0.2727,0.45,,0.1,0.3,0.6153,0.5657
Giuseppe Ricciardi,,,1487.2,1500.0,1488.2,1500.0,1,0,1,0.0,0,1,0,,0.0,,0.0,0.0,0.62,0.25
Jorge Enrique Gonzalez Aramburu,,,1487.2,1487.1,1500.0,1500.0,1,0,1,0.0,1,0,0,0.0,,,0.0,0.0,0.62,0.25
Pawin Jirapoomdaje,,,1487.2,1487.1,1500.0,1500.0,1,0,1,0.0,1,0,0,0.0,,,0.0,0.0,0.62,0.25
Juan Diego Rojas,,,1487.2,1486.0,1500.0,1500.0,1,0,1,0.0,1,0,0,0.0,,,0.0,0.0,0.62,0.25
Lovro Maricic,,,1487.2,1500.0,1486.5,1500.0,1,0,1,0.0,0,1,0,,0.0,,0.0,0.0,0.62,0.25
Alexander Georg Mandma,,,1487.2,1487.1,1500.0,1500.0,1,0,1,0.0,1,0,0,0.0,,,0.0,0.0,0.62,0.25
Pablo De La Cierva Sanchez,,,1487.2,1500.0,1489.1,1500.0,1,0,1,0.0,0,1,0,,0.0,,0.0,0.0,0.62,0.25
Pierre Delage,746,746,1487.1,1500.2,1468.2,1500.0,9,3,6,0.3333,4,5,0,0.5,0.2,,0.3333,0.3333,0.62,0.3058
Juan Jose Mateus Rubiano,1756,1756,1487.1,1488.0,1500.0,1500.0,1,0,1,0.0,1,0,0,0.0,,,0.0,0.0,0.5,0.25
Lukas Jastraunig,1000,1000,1487.1,1500.0,1487.0,1500.0,1,0,1,0.0,0,1,0,,0.0,,0.0,0.0,0.5,0.25
Federico Bonacia,1120,1120,1487.1,1500.0,1487.0,1500.0,1,0,1,0.0,0,1,0,,0.0,,0.0,0.0,0.62,0.25
Beck Pennington,,,1487.1,1487.3,1500.0,1500.0,1,0,1,0.0,1,0,0,0.0,,,0.0,0.0,0.62,0.25
Lev Kazakov,1366,1366,1487.1,1487.3,1500.0,1500.0,1,0,1,0.0,1,0,0,0.0,,,0.0,0.0,0.62,0.25
Sung Hun Kim,,,1487.1,1487.0,1500.0,1500.0,1,0,1,0.0,1,0,0,0.0,,,0.0,0.0,0.62,0.25
Ju Hae Moon,984,984,1487.1,1487.0,1500.0,1500.0,1,0,1,0.0,1,0,0,0.0,,,0.0,0.0,0.62,0.25
Andrew Ruppli,1094,1094,1487.1,1500.0,1486.7,1500.0,1,0,1,0.0,0,1,0,,0.0,,0.0,0.0,0.62,0.25
Matei Adrian Georgescu,,,1487.1,1500.0,1487.7,1500.0,1,0,1,0.0,0,1,0,,0.0,,0.0,0.0,0.62,0.25
Reece Falck,1284,1284,1487.1,1486.1,1500.0,1500.0,1,0,1,0.0,1,0,0,0.0,,,0.0,0.0,0.62,0.25
Renta Tokuda,319,296,1487.0,1474.2,1475.6,1500.0,124,52,72,0.4194,118,6,0,0.4237,0.3333,,0.3,0.35,0.6181,0.5582
Alberto Barroso Campos,535,320,1487.0,1507.6,1374.2,1500.0,73,26,47,0.3562,54,19,0,0.4444,0.1053,,0.4,0.5,0.6184,0.5257
Maciej Rajski,880,532,1487.0,1500.0,1490.4,1500.0,15,7,8,0.4667,0,15,0,,0.4667,,0.4,0.4667,0.62,0.3662
Vasko Mladenov,912,865,1487.0,1492.0,1500.0,1500.0,13,6,7,0.4615,13,0,0,0.4615,,,0.4,0.4615,0.62,0.3491
Giulio Di Meo,1080,1080,1487.0,1500.0,1488.9,1500.0,3,1,2,0.3333,0,3,0,,0.3333,,0.3333,0.3333,0.62,0.25
Abdulrahman Al Janahi,,,1487.0,1484.8,1500.0,1500.0,3,0,3,0.0,3,0,0,0.0,,,0.0,0.0,0.5,0.25
Magnus Eriksson,,,1487.0,1486.7,1500.0,1500.0,1,0,1,0.0,1,0,0,0.0,,,0.0,0.0,0.5,0.25
Nate Eazor,,,1487.0,1485.5,1500.0,1500.0,1,0,1,0.0,1,0,0,0.0,,,0.0,0.0,0.62,0.25
Ricardo Alban,,,1487.0,1500.0,1487.1,1500.0,1,0,1,0.0,0,1,0,,0.0,,0.0,0.0,0.62,0.25
Eric Morris,,,1487.0,1487.2,1500.0,1500.0,1,0,1,0.0,1,0,0,0.0,,,0.0,0.0,0.62,0.25
Rana Roop Singh Bhullar,,,1487.0,1500.0,1486.0,1500.0,1,0,1,0.0,0,1,0,,0.0,,0.0,0.0,0.62,0.25
Cesar Antonio Gomez Diaz,,,1487.0,1487.7,1500.0,1500.0,1,0,1,0.0,1,0,0,0.0,,,0.0,0.0,0.62,0.25
Arnau Dachs,,,1487.0,1487.2,1500.0,1500.0,1,0,1,0.0,1,0,0,0.0,,,0.0,0.0,0.62,0.25
Maxime Pauwels,660,660,1487.0,1485.6,1500.0,1500.0,1,0,1,0.0,1,0,0,0.0,,,0.0,0.0,0.62,0.25
Juan Cruz Estevarena,,,1487.0,1500.0,1487.0,1500.0,1,0,1,0.0,0,1,0,,0.0,,0.0,0.0,0.62,0.25
Daniil Sarksian,,,1487.0,1487.0,1500.0,1500.0,1,0,1,0.0,1,0,0,0.0,,,0.0,0.0,0.62,0.25
Kaua Lorenzo Santos Gava,,,1487.0,1500.0,1487.1,1500.0,1,0,1,0.0,0,1,0,,0.0,,0.0,0.0,0.62,0.25
Dimitar Grabuloski,,,1487.0,1500.0,1487.3,1500.0,1,0,1,0.0,0,1,0,,0.0,,0.0,0.0,0.62,0.25
Ibrahim Snoussi,,,1487.0,1486.1,1500.0,1500.0,1,0,1,0.0,1,0,0,0.0,,,0.0,0.0,0.62,0.25
Rafael Ymer,1477,1477,1486.9,1495.6,1488.2,1500.0,2,0,2,0.0,1,1,0,0.0,0.0,,0.0,0.0,0.56,0.25
Jaume Martinez Vich,,,1486.9,1487.1,1500.0,1500.0,1,0,1,0.0,1,0,0,0.0,,,0.0,0.0,0.62,0.25
Daniel Orlita,1856,1856,1486.9,1500.0,1487.6,1500.0,1,0,1,0.0,0,1,0,,0.0,,0.0,0.0,0.62,0.25
Charlie Maher,,,1486.9,1487.0,1500.0,1500.0,1,0,1,0.0,1,0,0,0.0,,,0.0,0.0,0.62,0.25
Chrisjan Van Wyk,1597,1597,1486.9,1485.8,1500.0,1500.0,1,0,1,0.0,1,0,0,0.0,,,0.0,0.0,0.62,0.25
Simon Malis,,,1486.9,1500.0,1483.7,1500.0,1,0,1,0.0,0,1,0,,0.0,,0.0,0.0,0.62,0.25
Izan Orgiles Garcia Retamero,,,1486.9,1481.9,1500.0,1500.0,1,0,1,0.0,1,0,0,0.0,,,0.0,0.0,0.62,0.25
Egor Matvievici,,,1486.9,1500.0,1486.1,1500.0,1,0,1,0.0,0,1,0,,0.0,,0.0,0.0,0.62,0.25
Kolos Kincses,,,1486.9,1500.0,1486.7,1500.0,1,0,1,0.0,0,1,0,,0.0,,0.0,0.0,0.62,0.25
Agustin Eduardo Cuellar Lorberg,,,1486.9,1500.0,1486.9,1500.0,1,0,1,0.0,0,1,0,,0.0,,0.0,0.0,0.62,0.25
Chun Ming Yam,,,1486.9,1500.0,1486.2,1500.0,1,0,1,0.0,0,1,0,,0.0,,0.0,0.0,0.62,0.25
Stefan Micov,,,1486.9,1500.0,1487.5,1500.0,1,0,1,0.0,0,1,0,,0.0,,0.0,0.0,0.62,0.25
Sasha Colleu,,,1486.9,1487.0,1500.0,1500.0,1,0,1,0.0,1,0,0,0.0,,,0.0,0.0,0.62,0.25
Jack Bruce Smith,1492,1492,1486.9,1486.7,1500.0,1500.0,1,0,1,0.0,1,0,0,0.0,,,0.0,0.0,0.62,0.25
Marcus Daniell,639,531,1486.8,1498.8,1488.0,1500.0,5,2,3,0.4,4,1,0,0.5,0.0,,0.4,0.4,0.5,0.25
Pirmin Haenle,930,705,1486.8,1484.9,1500.0,1500.0,3,1,2,0.3333,3,0,0,0.3333,,,0.3333,0.3333,0.62,0.25
Anton Galkin,800,736,1486.8,1501.0,1485.4,1500.0,3,1,2,0.3333,2,1,0,0.5,0.0,,0.3333,0.3333,0.62,0.25
Austin Karosi,,,1486.8,1486.9,1500.0,1500.0,1,0,1,0.0,1,0,0,0.0,,,0.0,0.0,0.5,0.25
Juan Ignacio Batalla Diez,,,1486.8,1486.7,1500.0,1500.0,1,0,1,0.0,1,0,0,0.0,,,0.0,0.0,0.5,0.25
Toru Horie,,,1486.8,1484.6,1500.0,1500.0,1,0,1,0.0,1,0,0,0.0,,,0.0,0.0,0.62,0.25
Andrej Krajcik,,,1486.8,1500.0,1486.7,1500.0,1,0,1,0.0,0,1,0,,0.0,,0.0,0.0,0.62,0.25
Andrew Zhang,,,1486.8,1487.0,1500.0,1500.0,1,0,1,0.0,1,0,0,0.0,,,0.0,0.0,0.62,0.25
Nikola Puntaric,,,1486.8,1500.0,1487.0,1500.0,1,0,1,0.0,0,1,0,,0.0,,0.0,0.0,0.62,0.25
Enrico Baldisserri,,,1486.8,1485.5,1500.0,1500.0,1,0,1,0.0,1,0,0,0.0,,,0.0,0.0,0.62,0.25
Marsel Ilhan,1250,77,1486.7,1503.9,1481.1,1452.8,118,57,61,0.4831,82,32,4,0.5122,0.4688,0.0,0.5,0.35,0.5915,0.5318
Alexander Donski,688,525,1486.7,1463.3,1486.8,1500.0,66,27,39,0.4091,25,41,0,0.36,0.439,,0.4,0.45,0.6109,0.5119
Bogdan Borza,690,690,1486.7,1500.0,1487.8,1500.0,4,1,3,0.25,0,4,0,,0.25,,0.25,0.25,0.59,0.25
Tomas Charlos,1595,1595,1486.7,1486.5,1500.0,1500.0,1,0,1,0.0,1,0,0,0.0,,,0.0,0.0,0.62,0.25
Lewis Denton,,,1486.7,1500.0,1500.0,1485.0,1,0,1,0.0,0,0,1,,,0.0,0.0,0.0,0.62,0.25
Alexis Klegou,934,934,1486.7,1500.0,1486.6,1500.0,1,0,1,0.0,0,1,0,,0.0,,0.0,0.0,0.62,0.25
Nizar Belmati,1748,1748,1486.7,1500.0,1486.7,1500.0,1,0,1,0.0,0,1,0,,0.0,,0.0,0.0,0.62,0.25
Evaldo Neto,,,1486.7,1486.7,1500.0,1500.0,1,0,1,0.0,1,0,0,0.0,,,0.0,0.0,0.62,0.25
Tim Hofmann,,,1486.7,1486.0,1500.0,1500.0,1,0,1,0.0,1,0,0,0.0,,,0.0,0.0,0.62,0.25
Carlos Cuevas,,,1486.7,1500.0,1487.7,1500.0,1,0,1,0.0,0,1,0,,0.0,,0.0,0.0,0.62,0.25
Pasquale De Giorgio,1545,1545,1486.7,1500.0,1485.6,1500.0,1,0,1,0.0,0,1,0,,0.0,,0.0,0.0,0.62,0.25
Joao Giannella,,,1486.7,1482.6,1500.0,1500.0,1,0,1,0.0,1,0,0,0.0,,,0.0,0.0,0.62,0.25
Mark Havlicek,1341,1341,1486.7,1500.0,1485.7,1500.0,1,0,1,0.0,0,1,0,,0.0,,0.0,0.0,0.62,0.25
Pijus Reklevicius,,,1486.7,1486.7,1500.0,1500.0,1,0,1,0.0,1,0,0,0.0,,,0.0,0.0,0.62,0.25
Borys Zgola,,,1486.7,1500.0,1487.1,1500.0,1,0,1,0.0,0,1,0,,0.0,,0.0,0.0,0.62,0.25
Justin Lyons,,,1486.7,1500.0,1486.0,1500.0,1,0,1,0.0,0,1,0,,0.0,,0.0,0.0,0.62,0.25
Matteo Morazzi,,,1486.7,1487.1,1500.0,1500.0,1,0,1,0.0,1,0,0,0.0,,,0.0,0.0,0.62,0.25
Dax Donders,1317,1317,1486.7,1500.0,1486.8,1500.0,1,0,1,0.0,0,1,0,,0.0,,0.0,0.0,0.62,0.25
Adam Majchrzak,1882,1882,1486.7,1488.1,1500.0,1500.0,1,0,1,0.0,1,0,0,0.0,,,0.0,0.0,0.62,0.25
Pierluigi Basile,697,562,1486.6,1471.9,1512.3,1500.0,22,9,13,0.4091,5,17,0,0.2,0.4706,,0.2,0.35,0.6145,0.4076
Gregoire Burquier,574,301,1486.6,1486.6,1500.0,1500.0,5,2,3,0.4,3,2,0,0.3333,0.5,,0.4,0.4,0.572,0.25
Elie Rousset,579,579,1486.6,1486.6,1500.0,1500.0,3,1,2,0.3333,3,0,0,0.3333,,,0.3333,0.3333,0.54,0.25
David Szintai,,,1486.6,1485.0,1500.0,1500.0,3,1,2,0.3333,3,0,0,0.3333,,,0.3333,0.3333,0.62,0.25
Spencer Papa,1315,1315,1486.6,1487.4,1500.0,1500.0,3,1,2,0.3333,3,0,0,0.3333,,,0.3333,0.3333,0.62,0.25
Mikhail Galyamov,,,1486.6,1500.0,1485.5,1500.0,1,0,1,0.0,0,1,0,,0.0,,0.0,0.0,0.62,0.25
Delf Gohlke,1487,1487,1486.6,1500.0,1486.5,1500.0,1,0,1,0.0,0,1,0,,0.0,,0.0,0.0,0.62,0.25
Carlos Andres Carrera Hidalgo,,,1486.6,1500.0,1486.4,1500.0,1,0,1,0.0,0,1,0,,0.0,,0.0,0.0,0.62,0.25
Lucas Koelle,,,1486.6,1500.0,1486.8,1500.0,1,0,1,0.0,0,1,0,,0.0,,0.0,0.0,0.62,0.25
Jan Simon Vrbsky,,,1486.6,1500.0,1486.7,1500.0,1,0,1,0.0,0,1,0,,0.0,,0.0,0.0,0.62,0.25
Sameer Kumar,1282,1282,1486.6,1486.6,1500.0,1500.0,1,0,1,0.0,1,0,0,0.0,,,0.0,0.0,0.62,0.25
Hasan Abdulnabi,,,1486.6,1488.7,1500.0,1500.0,1,0,1,0.0,1,0,0,0.0,,,0.0,0.0,0.62,0.25
Kaetan Mehta,,,1486.6,1486.4,1500.0,1500.0,1,0,1,0.0,1,0,0,0.0,,,0.0,0.0,0.62,0.25
Vitaliy Zatsepin,,,1486.6,1486.9,1500.0,1500.0,1,0,1,0.0,1,0,0,0.0,,,0.0,0.0,0.62,0.25
Massimo Pizzigoni,,,1486.6,1486.2,1500.0,1500.0,1,0,1,0.0,1,0,0,0.0,,,0.0,0.0,0.62,0.25
Victor Alvares De Castro Rocha,,,1486.6,1500.0,1484.7,1500.0,1,0,1,0.0,0,1,0,,0.0,,0.0,0.0,0.62,0.25
Alexander Kotzen,993,849,1486.5,1486.5,1500.0,1500.0,9,4,5,0.4444,9,0,0,0.4444,,,0.4444,0.4444,0.62,0.3058
Mubarak Shannan Zayid,2020,1603,1486.5,1476.5,1500.0,1500.0,4,0,4,0.0,4,0,0,0.0,,,0.0,0.0,0.5,0.25
Vito Tonejc,1052,922,1486.5,1500.0,1479.6,1500.0,2,0,2,0.0,0,2,0,,0.0,,0.0,0.0,0.62,0.25
Mauricio Perez Mota,1399,1399,1486.5,1500.0,1487.6,1500.0,1,0,1,0.0,0,1,0,,0.0,,0.0,0.0,0.5,0.25
Yu Chang,,,1486.5,1486.5,1500.0,1500.0,1,0,1,0.0,1,0,0,0.0,,,0.0,0.0,0.62,0.25
Dylan Gee,1615,1615,1486.5,1485.8,1500.0,1500.0,1,0,1,0.0,1,0,0,0.0,,,0.0,0.0,0.62,0.25
Shamael Chaudhry,,,1486.5,1488.3,1500.0,1500.0,1,0,1,0.0,1,0,0,0.0,,,0.0,0.0,0.62,0.25
Juan Carlos Garcia Garcia,,,1486.5,1486.2,1500.0,1500.0,1,0,1,0.0,1,0,0,0.0,,,0.0,0.0,0.62,0.25
Niklas Koch,,,1486.5,1500.0,1486.3,1500.0,1,0,1,0.0,0,1,0,,0.0,,0.0,0.0,0.62,0.25
Lukas Rohseano,,,1486.5,1500.0,1485.0,1500.0,1,0,1,0.0,0,1,0,,0.0,,0.0,0.0,0.62,0.25
Ludovico Vaccari,,,1486.5,1500.0,1487.2,1500.0,1,0,1,0.0,0,1,0,,0.0,,0.0,0.0,0.62,0.25
Angel Veliz,,,1486.5,1500.0,1486.6,1500.0,1,0,1,0.0,0,1,0,,0.0,,0.0,0.0,0.62,0.25
Sergio Planella Hernandez,1455,1455,1486.5,1500.0,1486.0,1500.0,1,0,1,0.0,0,1,0,,0.0,,0.0,0.0,0.62,0.25
Guillermo Duran,1023,607,1486.4,1500.6,1472.6,1500.0,34,15,19,0.4412,5,29,0,0.4,0.4483,,0.3,0.45,0.5953,0.4408
Tai Sach,510,507,1486.4,1480.4,1500.0,1500.0,23,10,13,0.4348,23,0,0,0.4348,,,0.3,0.45,0.62,0.4164
Nils Ellefsen,,,1486.4,1486.4,1500.0,1500.0,3,1,2,0.3333,3,0,0,0.3333,,,0.3333,0.3333,0.62,0.25
Alessandro Luisi,937,879,1486.4,1500.0,1485.6,1500.0,3,1,2,0.3333,0,3,0,,0.3333,,0.3333,0.3333,0.62,0.25
Mats Hermans,1562,1562,1486.4,1485.9,1500.6,1500.0,3,1,2,0.3333,1,2,0,0.0,0.5,,0.3333,0.3333,0.62,0.25
Dmytro Kamynin,1019,1019,1486.4,1500.0,1500.0,1486.7,1,0,1,0.0,0,0,1,,,0.0,0.0,0.0,0.5,0.25
Jirayu Limpathum,,,1486.4,1486.5,1500.0,1500.0,1,0,1,0.0,1,0,0,0.0,,,0.0,0.0,0.62,0.25
Alberto Lim,,,1486.4,1486.8,1500.0,1500.0,1,0,1,0.0,1,0,0,0.0,,,0.0,0.0,0.62,0.25
Lorenzo Di Maro,1748,1748,1486.4,1500.0,1486.4,1500.0,1,0,1,0.0,0,1,0,,0.0,,0.0,0.0,0.62,0.25
Konrad Zieba,1133,1133,1486.4,1486.7,1500.0,1500.0,1,0,1,0.0,1,0,0,0.0,,,0.0,0.0,0.62,0.25
Evgeny Danilov,,,1486.4,1485.9,1500.0,1500.0,1,0,1,0.0,1,0,0,0.0,,,0.0,0.0,0.62,0.25
Paul Kramberger,,,1486.4,1486.4,1500.0,1500.0,1,0,1,0.0,1,0,0,0.0,,,0.0,0.0,0.62,0.25
Vuk Budic,,,1486.4,1485.9,1500.0,1500.0,1,0,1,0.0,1,0,0,0.0,,,0.0,0.0,0.62,0.25
Ioan Dan Abrudan,,,1486.4,1500.0,1485.8,1500.0,1,0,1,0.0,0,1,0,,0.0,,0.0,0.0,0.62,0.25
Hao Yuan Ng,,,1486.4,1486.4,1500.0,1500.0,1,0,1,0.0,1,0,0,0.0,,,0.0,0.0,0.62,0.25
Manfred Fellin,1297,1297,1486.4,1500.0,1486.8,1500.0,1,0,1,0.0,0,1,0,,0.0,,0.0,0.0,0.62,0.25
Bart Van Den Berg,1007,1007,1486.4,1500.0,1486.4,1500.0,1,0,1,0.0,0,1,0,,0.0,,0.0,0.0,0.62,0.25
Romain Gales,,,1486.4,1486.5,1500.0,1500.0,1,0,1,0.0,1,0,0,0.0,,,0.0,0.0,0.62,0.25
Omar Ahmed,,,1486.4,1488.2,1500.0,1500.0,1,0,1,0.0,1,0,0,0.0,,,0.0,0.0,0.62,0.25
Antoine Vincent,1232,1232,1486.4,1485.3,1500.0,1500.0,1,0,1,0.0,1,0,0,0.0,,,0.0,0.0,0.62,0.25
Bora Sengul,1587,1587,1486.4,1486.4,1500.0,1500.0,1,0,1,0.0,1,0,0,0.0,,,0.0,0.0,0.62,0.25
Kacper Szymkowiak,947,947,1486.4,1486.7,1500.0,1500.0,1,0,1,0.0,1,0,0,0.0,,,0.0,0.0,0.62,0.25
Nicolas Hurtado Novoa,1903,1903,1486.4,1500.0,1487.3,1500.0,1,0,1,0.0,0,1,0,,0.0,,0.0,0.0,0.62,0.25
Ashton Mcleod,1892,1892,1486.4,1485.9,1500.0,1500.0,1,0,1,0.0,1,0,0,0.0,,,0.0,0.0,0.62,0.25
Weiwen Pan,1518,1518,1486.4,1485.8,1500.0,1500.0,1,0,1,0.0,1,0,0,0.0,,,0.0,0.0,0.62,0.25
Luca Giacomini,650,504,1486.3,1533.7,1456.8,1500.0,35,16,19,0.4571,8,27,0,0.625,0.4074,,0.3,0.45,0.62,0.4621
Sidane Pontjodikromo,587,587,1486.3,1494.0,1488.8,1500.0,4,1,3,0.25,1,3,0,0.0,0.3333,,0.25,0.25,0.59,0.25
Or Ram Harel,723,723,1486.3,1487.1,1500.0,1500.0,3,1,2,0.3333,3,0,0,0.3333,,,0.3333,0.3333,0.62,0.25
Fabien Salle,652,652,1486.3,1487.2,1499.4,1500.0,3,1,2,0.3333,1,2,0,0.0,0.5,,0.3333,0.3333,0.62,0.25
Felipe Lima,,,1486.3,1500.0,1487.3,1500.0,1,0,1,0.0,0,1,0,,0.0,,0.0,0.0,0.62,0.25
William Jamphier Melano Granados,1578,1578,1486.3,1500.0,1486.3,1500.0,1,0,1,0.0,0,1,0,,0.0,,0.0,0.0,0.62,0.25
Rodrigo Manzo Monsech,,,1486.3,1500.0,1486.2,1500.0,1,0,1,0.0,0,1,0,,0.0,,0.0,0.0,0.62,0.25
Anze Arh,1567,1567,1486.3,1484.0,1500.0,1500.0,1,0,1,0.0,1,0,0,0.0,,,0.0,0.0,0.62,0.25
Felipe Santamaria,,,1486.3,1500.0,1487.8,1500.0,1,0,1,0.0,0,1,0,,0.0,,0.0,0.0,0.62,0.25
Giammarco Gandolfi,1666,1666,1486.3,1500.0,1488.7,1500.0,1,0,1,0.0,0,1,0,,0.0,,0.0,0.0,0.62,0.25
Benjamin Martin,,,1486.3,1488.1,1500.0,1500.0,1,0,1,0.0,1,0,0,0.0,,,0.0,0.0,0.62,0.25
Luke Sorensen,1267,1267,1486.3,1486.1,1500.0,1500.0,1,0,1,0.0,1,0,0,0.0,,,0.0,0.0,0.62,0.25
Luis Felipe Ferraz Sandoval Carvalho,,,1486.3,1500.0,1486.3,1500.0,1,0,1,0.0,0,1,0,,0.0,,0.0,0.0,0.62,0.25
Joaquin Leon Macchiavello,,,1486.3,1500.0,1486.1,1500.0,1,0,1,0.0,0,1,0,,0.0,,0.0,0.0,0.62,0.25
Andrei Gorban,,,1486.3,1486.7,1500.0,1500.0,1,0,1,0.0,1,0,0,0.0,,,0.0,0.0,0.62,0.25
Jose Gilbert Gomez,,,1486.2,1500.0,1487.0,1500.0,2,0,2,0.0,0,2,0,,0.0,,0.0,0.0,0.62,0.25
Boris Nicola Bakalov,1510,1510,1486.2,1486.1,1500.0,1500.0,1,0,1,0.0,1,0,0,0.0,,,0.0,0.0,0.62,0.25
Keisuke Numajiri,1197,1197,1486.2,1486.3,1500.0,1500.0,1,0,1,0.0,1,0,0,0.0,,,0.0,0.0,0.62,0.25
Victor Hugo Nunez Mendoza,,,1486.2,1500.0,1484.8,1500.0,1,0,1,0.0,0,1,0,,0.0,,0.0,0.0,0.62,0.25
Ivan Yatsuk,1879,1879,1486.2,1500.0,1486.0,1500.0,1,0,1,0.0,0,1,0,,0.0,,0.0,0.0,0.62,0.25
Martin Bugaj,1591,1591,1486.2,1500.0,1486.2,1500.0,1,0,1,0.0,0,1,0,,0.0,,0.0,0.0,0.62,0.25
Nick Cmager,,,1486.2,1485.7,1500.0,1500.0,1,0,1,0.0,1,0,0,0.0,,,0.0,0.0,0.62,0.25
Tim Seibert,,,1486.2,1486.8,1500.0,1500.0,1,0,1,0.0,1,0,0,0.0,,,0.0,0.0,0.62,0.25
Frank Barnett,,,1486.2,1486.2,1500.0,1500.0,1,0,1,0.0,1,0,0,0.0,,,0.0,0.0,0.62,0.25
Muzingaye Dickson Andile Sibanda,1825,1825,1486.2,1486.2,1500.0,1500.0,1,0,1,0.0,1,0,0,0.0,,,0.0,0.0,0.62,0.25
Blas Ruiz Romero,,,1486.2,1485.3,1500.0,1500.0,1,0,1,0.0,1,0,0,0.0,,,0.0,0.0,0.62,0.25
Jonas Trinker,1032,1032,1486.2,1500.0,1484.7,1500.0,1,0,1,0.0,0,1,0,,0.0,,0.0,0.0,0.62,0.25
Aj Catanzariti,,,1486.2,1486.7,1500.0,1500.0,1,0,1,0.0,1,0,0,0.0,,,0.0,0.0,0.62,0.25
Hugo Chapoutot,,,1486.2,1500.0,1485.8,1500.0,1,0,1,0.0,0,1,0,,0.0,,0.0,0.0,0.62,0.25
William Manning,1966,1966,1486.2,1486.6,1500.0,1500.0,1,0,1,0.0,1,0,0,0.0,,,0.0,0.0,0.62,0.25
Lincoln Battle,,,1486.2,1486.0,1500.0,1500.0,1,0,1,0.0,1,0,0,0.0,,,0.0,0.0,0.62,0.25
Sekou Bangoura,1279,213,1486.1,1520.7,1446.8,1500.0,197,88,109,0.4467,158,39,0,0.462,0.3846,,0.2,0.3,0.6103,0.571
Nicolas Zanellato,842,458,1486.1,1500.0,1485.8,1500.0,65,31,34,0.4769,0,65,0,,0.4769,,0.5,0.45,0.62,0.5183
Rares Teodor Pieleanu,1131,1131,1486.1,1500.0,1486.5,1500.0,3,1,2,0.3333,0,3,0,,0.3333,,0.3333,0.3333,0.62,0.25
Mateus De Carvalho Cardoso Alves,615,615,1486.1,1500.0,1485.8,1500.0,2,0,2,0.0,0,2,0,,0.0,,0.0,0.0,0.5,0.25
Toni Simonovic,,,1486.1,1500.0,1486.1,1500.0,1,0,1,0.0,0,1,0,,0.0,,0.0,0.0,0.62,0.25
Kittirat Kerdlaphee,1354,1354,1486.1,1485.9,1500.0,1500.0,1,0,1,0.0,1,0,0,0.0,,,0.0,0.0,0.62,0.25
Filippo Mora,1746,1746,1486.1,1487.1,1500.0,1500.0,1,0,1,0.0,1,0,0,0.0,,,0.0,0.0,0.62,0.25
Alexander Knight,1561,1561,1486.1,1486.2,1500.0,1500.0,1,0,1,0.0,1,0,0,0.0,,,0.0,0.0,0.62,0.25
Itsuki Matsumoto,,,1486.1,1486.1,1500.0,1500.0,1,0,1,0.0,1,0,0,0.0,,,0.0,0.0,0.62,0.25
Pedro Iamachkine,1559,1559,1486.1,1500.0,1485.2,1500.0,1,0,1,0.0,0,1,0,,0.0,,0.0,0.0,0.62,0.25
Pijus Vaitiekunas,1863,1863,1486.1,1486.3,1500.0,1500.0,1,0,1,0.0,1,0,0,0.0,,,0.0,0.0,0.62,0.25
Marcio Eduardo Silva,,,1486.1,1500.0,1486.0,1500.0,1,0,1,0.0,0,1,0,,0.0,,0.0,0.0,0.62,0.25
Emiliano Aguilera Guerrero,1776,1776,1486.1,1500.0,1484.6,1500.0,1,0,1,0.0,0,1,0,,0.0,,0.0,0.0,0.62,0.25
Gustavo Giudici,,,1486.1,1500.0,1486.2,1500.0,1,0,1,0.0,0,1,0,,0.0,,0.0,0.0,0.62,0.25
Juan Ignacio Centurion Delvalle,,,1486.1,1500.0,1486.7,1500.0,1,0,1,0.0,0,1,0,,0.0,,0.0,0.0,0.62,0.25
Yassine Smiej,,,1486.1,1500.0,1487.3,1500.0,1,0,1,0.0,0,1,0,,0.0,,0.0,0.0,0.62,0.25
Evangelos Kypriotis,,,1486.1,1485.2,1500.0,1500.0,1,0,1,0.0,1,0,0,0.0,,,0.0,0.0,0.62,0.25
Mauricio Schtulmann Gasca,1864,1864,1486.1,1500.0,1484.8,1500.0,1,0,1,0.0,0,1,0,,0.0,,0.0,0.0,0.62,0.25
Andrey Chepelev,415,339,1486.0,1486.7,1487.3,1500.0,71,35,36,0.493,4,67,0,0.25,0.5075,,0.2,0.35,0.6183,0.5236
Janez Semrajc,295,295,1486.0,1500.0,1486.0,1500.0,1,0,1,0.0,0,1,0,,0.0,,0.0,0.0,0.62,0.25
Pedro Pablo Ruiz,1363,1363,1486.0,1500.0,1486.0,1500.0,1,0,1,0.0,0,1,0,,0.0,,0.0,0.0,0.62,0.25
Marko Lenz,1537,1537,1486.0,1486.0,1500.0,1500.0,1,0,1,0.0,1,0,0,0.0,,,0.0,0.0,0.62,0.25
Hei Yin Andrew Li,,,1486.0,1486.0,1500.0,1500.0,1,0,1,0.0,1,0,0,0.0,,,0.0,0.0,0.62,0.25
Timur Kiyamov,1360,1360,1486.0,1486.0,1500.0,1500.0,1,0,1,0.0,1,0,0,0.0,,,0.0,0.0,0.62,0.25
Jaime Pulgar Garcia,311,311,1486.0,1486.0,1500.0,1500.0,1,0,1,0.0,1,0,0,0.0,,,0.0,0.0,0.62,0.25
Agustin Boje Ordonez,,,1486.0,1500.0,1486.5,1500.0,1,0,1,0.0,0,1,0,,0.0,,0.0,0.0,0.62,0.25
Tomas Builes,,,1486.0,1500.0,1486.0,1500.0,1,0,1,0.0,0,1,0,,0.0,,0.0,0.0,0.62,0.25
Leon Frost,,,1486.0,1486.0,1500.0,1500.0,1,0,1,0.0,1,0,0,0.0,,,0.0,0.0,0.62,0.25
Stefan Norodom,,,1486.0,1486.0,1500.0,1500.0,1,0,1,0.0,1,0,0,0.0,,,0.0,0.0,0.62,0.25
Ignacio German Dagostino Herrera,,,1486.0,1500.0,1486.0,1500.0,1,0,1,0.0,0,1,0,,0.0,,0.0,0.0,0.62,0.25
Fritz Verdad,,,1486.0,1486.0,1500.0,1500.0,1,0,1,0.0,1,0,0,0.0,,,0.0,0.0,0.62,0.25
Joao Luiz Carvalho,,,1486.0,1500.0,1486.0,1500.0,1,0,1,0.0,0,1,0,,0.0,,0.0,0.0,0.62,0.25
Rong Ma,,,1486.0,1486.0,1500.0,1500.0,1,0,1,0.0,1,0,0,0.0,,,0.0,0.0,0.62,0.25
Marko Jovanovic,,,1486.0,1486.0,1500.0,1500.0,1,0,1,0.0,1,0,0,0.0,,,0.0,0.0,0.62,0.25
Neishit Vakil,,,1486.0,1486.0,1500.0,1500.0,1,0,1,0.0,1,0,0,0.0,,,0.0,0.0,0.62,0.25
Garvit Batra,2195,2195,1486.0,1486.0,1500.0,1500.0,1,0,1,0.0,1,0,0,0.0,,,0.0,0.0,0.62,0.25
Garry Tokas,,,1486.0,1486.0,1500.0,1500.0,1,0,1,0.0,1,0,0,0.0,,,0.0,0.0,0.62,0.25
Tushar Liberhan,1781,1781,1486.0,1486.0,1500.0,1500.0,1,0,1,0.0,1,0,0,0.0,,,0.0,0.0,0.62,0.25
Yutaro Matsuzaki,1895,1895,1486.0,1486.0,1500.0,1500.0,1,0,1,0.0,1,0,0,0.0,,,0.0,0.0,0.62,0.25
Rodrigo Castro Aravena,1656,1656,1486.0,1500.0,1486.0,1500.0,1,0,1,0.0,0,1,0,,0.0,,0.0,0.0,0.62,0.25
Nikita Valentsev,,,1486.0,1486.0,1500.0,1500.0,1,0,1,0.0,1,0,0,0.0,,,0.0,0.0,0.62,0.25
Iancu Lustinian Ghinda,,,1486.0,1486.0,1500.0,1500.0,1,0,1,0.0,1,0,0,0.0,,,0.0,0.0,0.62,0.25
Alfredo Moreno,,,1486.0,1486.0,1500.0,1500.0,1,0,1,0.0,1,0,0,0.0,,,0.0,0.0,0.62,0.25
Martin Beran,969,969,1486.0,1486.0,1500.0,1500.0,1,0,1,0.0,1,0,0,0.0,,,0.0,0.0,0.62,0.25
Quentin Coulaud,,,1486.0,1486.0,1500.0,1500.0,1,0,1,0.0,1,0,0,0.0,,,0.0,0.0,0.62,0.25
Edan Bakshi,2257,2257,1486.0,1486.0,1500.0,1500.0,1,0,1,0.0,1,0,0,0.0,,,0.0,0.0,0.62,0.25
Alon Elia,922,922,1486.0,1486.0,1500.0,1500.0,1,0,1,0.0,1,0,0,0.0,,,0.0,0.0,0.62,0.25
Martin Barbier,,,1486.0,1486.0,1500.0,1500.0,1,0,1,0.0,1,0,0,0.0,,,0.0,0.0,0.62,0.25
Alexandre Belmonte,,,1486.0,1486.0,1500.0,1500.0,1,0,1,0.0,1,0,0,0.0,,,0.0,0.0,0.62,0.25
Aurelien Marne,,,1486.0,1485.3,1500.0,1500.0,1,0,1,0.0,1,0,0,0.0,,,0.0,0.0,0.62,0.25
Chung Han Tsai,,,1486.0,1486.0,1500.0,1500.0,1,0,1,0.0,1,0,0,0.0,,,0.0,0.0,0.62,0.25
Lorenzo Camilli,,,1486.0,1500.0,1486.0,1500.0,1,0,1,0.0,0,1,0,,0.0,,0.0,0.0,0.62,0.25
Filippo Moggian,,,1486.0,1500.0,1486.0,1500.0,1,0,1,0.0,0,1,0,,0.0,,0.0,0.0,0.62,0.25
Filippo Piranomonte,,,1486.0,1500.0,1486.0,1500.0,1,0,1,0.0,0,1,0,,0.0,,0.0,0.0,0.62,0.25
Nicola Montani,,,1486.0,1500.0,1486.0,1500.0,1,0,1,0.0,0,1,0,,0.0,,0.0,0.0,0.62,0.25
Ivan Korol,,,1486.0,1500.0,1486.0,1500.0,1,0,1,0.0,0,1,0,,0.0,,0.0,0.0,0.62,0.25
Grigoriy Reytman,,,1486.0,1486.0,1500.0,1500.0,1,0,1,0.0,1,0,0,0.0,,,0.0,0.0,0.62,0.25
Clement Dorsemaine,,,1486.0,1500.0,1486.0,1500.0,1,0,1,0.0,0,1,0,,0.0,,0.0,0.0,0.62,0.25
Manuel Ribeca,,,1486.0,1500.0,1486.0,1500.0,1,0,1,0.0,0,1,0,,0.0,,0.0,0.0,0.62,0.25
Nenad Vladusic,,,1486.0,1500.0,1486.0,1500.0,1,0,1,0.0,0,1,0,,0.0,,0.0,0.0,0.62,0.25
Tomas Vyrostko,,,1486.0,1500.0,1486.0,1500.0,1,0,1,0.0,0,1,0,,0.0,,0.0,0.0,0.62,0.25
Andrea Casati,,,1486.0,1500.0,1486.0,1500.0,1,0,1,0.0,0,1,0,,0.0,,0.0,0.0,0.62,0.25
Felix Rauch,,,1486.0,1500.0,1486.0,1500.0,1,0,1,0.0,0,1,0,,0.0,,0.0,0.0,0.62,0.25
Vittorio Angeli,,,1486.0,1500.0,1486.7,1500.0,1,0,1,0.0,0,1,0,,0.0,,0.0,0.0,0.62,0.25
Thibault Forget,,,1486.0,1500.0,1486.4,1500.0,1,0,1,0.0,0,1,0,,0.0,,0.0,0.0,0.62,0.25
Donggeun Oh,,,1486.0,1486.0,1500.0,1500.0,1,0,1,0.0,1,0,0,0.0,,,0.0,0.0,0.62,0.25
Laurens Deelstra,,,1486.0,1500.0,1486.0,1500.0,1,0,1,0.0,0,1,0,,0.0,,0.0,0.0,0.62,0.25
Gabriel Diaz Freire,,,1486.0,1486.0,1500.0,1500.0,1,0,1,0.0,1,0,0,0.0,,,0.0,0.0,0.62,0.25
Zhansultan Chembotayev,1817,1817,1486.0,1486.0,1500.0,1500.0,1,0,1,0.0,1,0,0,0.0,,,0.0,0.0,0.62,0.25
Tom Dynka,,,1486.0,1486.0,1500.0,1500.0,1,0,1,0.0,1,0,0,0.0,,,0.0,0.0,0.62,0.25
Adam Bronka,,,1486.0,1500.0,1486.0,1500.0,1,0,1,0.0,0,1,0,,0.0,,0.0,0.0,0.62,0.25
Gianluca Quinzi,,,1486.0,1500.0,1486.1,1500.0,1,0,1,0.0,0,1,0,,0.0,,0.0,0.0,0.62,0.25
Matic Spec,2013,2013,1486.0,1486.0,1500.0,1500.0,1,0,1,0.0,1,0,0,0.0,,,0.0,0.0,0.62,0.25
Jens Janssen,,,1486.0,1500.0,1485.9,1500.0,1,0,1,0.0,0,1,0,,0.0,,0.0,0.0,0.62,0.25
Rodrigo Ramos Codes,,,1486.0,1500.0,1486.0,1500.0,1,0,1,0.0,0,1,0,,0.0,,0.0,0.0,0.62,0.25
Leandro Serrano Sanz,1793,1793,1486.0,1500.0,1486.0,1500.0,1,0,1,0.0,0,1,0,,0.0,,0.0,0.0,0.62,0.25
Matteo Siccardi,,,1486.0,1500.0,1486.0,1500.0,1,0,1,0.0,0,1,0,,0.0,,0.0,0.0,0.62,0.25
Jasper Van Vliet,,,1486.0,1500.0,1485.3,1500.0,1,0,1,0.0,0,1,0,,0.0,,0.0,0.0,0.62,0.25
Gokberk Ergeneman,1651,1651,1486.0,1486.4,1500.0,1500.0,1,0,1,0.0,1,0,0,0.0,,,0.0,0.0,0.62,0.25
Robert Levine,1396,1396,1486.0,1485.9,1500.0,1500.0,1,0,1,0.0,1,0,0,0.0,,,0.0,0.0,0.62,0.25
Thomas Pura,,,1486.0,1486.0,1500.0,1500.0,1,0,1,0.0,1,0,0,0.0,,,0.0,0.0,0.62,0.25
Bruno Pessoa,,,1486.0,1500.0,1486.0,1500.0,1,0,1,0.0,0,1,0,,0.0,,0.0,0.0,0.62,0.25
Felipe Galvao,,,1486.0,1500.0,1486.0,1500.0,1,0,1,0.0,0,1,0,,0.0,,0.0,0.0,0.62,0.25
Joao Pedro Alcantara,,,1486.0,1500.0,1486.0,1500.0,1,0,1,0.0,0,1,0,,0.0,,0.0,0.0,0.62,0.25
Juan Miguel Jaramillo,,,1486.0,1500.0,1486.0,1500.0,1,0,1,0.0,0,1,0,,0.0,,0.0,0.0,0.62,0.25
Louis Herman,,,1486.0,1486.0,1500.0,1500.0,1,0,1,0.0,1,0,0,0.0,,,0.0,0.0,0.62,0.25
Giovane Bueres,,,1486.0,1500.0,1486.0,1500.0,1,0,1,0.0,0,1,0,,0.0,,0.0,0.0,0.62,0.25
Stefan Frljanic,1752,1752,1486.0,1486.0,1500.0,1500.0,1,0,1,0.0,1,0,0,0.0,,,0.0,0.0,0.62,0.25
Cong Tien Le,,,1486.0,1486.0,1500.0,1500.0,1,0,1,0.0,1,0,0,0.0,,,0.0,0.0,0.62,0.25
Thanh Trung Hoang,,,1486.0,1486.0,1500.0,1500.0,1,0,1,0.0,1,0,0,0.0,,,0.0,0.0,0.62,0.25
Juan Pablo Becker,,,1486.0,1500.0,1486.0,1500.0,1,0,1,0.0,0,1,0,,0.0,,0.0,0.0,0.62,0.25
Mustafa Ibraimi,,,1486.0,1486.0,1500.0,1500.0,1,0,1,0.0,1,0,0,0.0,,,0.0,0.0,0.62,0.25
Anderson Reed,2026,2026,1486.0,1486.0,1500.0,1500.0,1,0,1,0.0,1,0,0,0.0,,,0.0,0.0,0.62,0.25
Gabriel Andres Yaguar Espinoza,,,1486.0,1500.0,1486.0,1500.0,1,0,1,0.0,0,1,0,,0.0,,0.0,0.0,0.62,0.25
Patrik Obal,1180,1180,1486.0,1486.0,1500.0,1500.0,1,0,1,0.0,1,0,0,0.0,,,0.0,0.0,0.62,0.25
Andrea Grazioso,1312,1312,1486.0,1486.0,1500.0,1500.0,1,0,1,0.0,1,0,0,0.0,,,0.0,0.0,0.62,0.25
Igor Kolaric,1653,1653,1486.0,1486.1,1500.0,1500.0,1,0,1,0.0,1,0,0,0.0,,,0.0,0.0,0.62,0.25
Andrew Korinek,1376,1376,1486.0,1486.4,1500.0,1500.0,1,0,1,0.0,1,0,0,0.0,,,0.0,0.0,0.62,0.25
Sung Min Han,,,1486.0,1485.9,1500.0,1500.0,1,0,1,0.0,1,0,0,0.0,,,0.0,0.0,0.62,0.25
Matteo Vialmin,,,1486.0,1500.0,1486.0,1500.0,1,0,1,0.0,0,1,0,,0.0,,0.0,0.0,0.62,0.25
Carlos Arana,,,1486.0,1500.0,1486.4,1500.0,1,0,1,0.0,0,1,0,,0.0,,0.0,0.0,0.62,0.25
Olivier Duberville,,,1486.0,1500.0,1486.2,1500.0,1,0,1,0.0,0,1,0,,0.0,,0.0,0.0,0.62,0.25
Max Stewart,,,1486.0,1500.0,1500.0,1488.0,1,0,1,0.0,0,0,1,,,0.0,0.0,0.0,0.62,0.25
Barlaham Zuluaga Gaviria,2092,2092,1486.0,1500.0,1486.0,1500.0,1,0,1,0.0,0,1,0,,0.0,,0.0,0.0,0.62,0.25
Arnd Weyhausen,1675,1675,1486.0,1500.0,1485.9,1500.0,1,0,1,0.0,0,1,0,,0.0,,0.0,0.0,0.62,0.25
Janos Zibrat,,,1486.0,1486.0,1500.0,1500.0,1,0,1,0.0,1,0,0,0.0,,,0.0,0.0,0.62,0.25
Lukas Smolak,,,1486.0,1500.0,1486.0,1500.0,1,0,1,0.0,0,1,0,,0.0,,0.0,0.0,0.62,0.25
Mihailo Samardzija,,,1486.0,1500.0,1486.0,1500.0,1,0,1,0.0,0,1,0,,0.0,,0.0,0.0,0.62,0.25
Andrea Bolla,1264,1264,1486.0,1485.9,1500.0,1500.0,1,0,1,0.0,1,0,0,0.0,,,0.0,0.0,0.62,0.25
Michel Alexandre Fortin,,,1486.0,1486.0,1500.0,1500.0,1,0,1,0.0,1,0,0,0.0,,,0.0,0.0,0.62,0.25
Grant Solomon,,,1486.0,1486.0,1500.0,1500.0,1,0,1,0.0,1,0,0,0.0,,,0.0,0.0,0.62,0.25
Dominic West,,,1486.0,1500.0,1500.0,1486.0,1,0,1,0.0,0,0,1,,,0.0,0.0,0.0,0.62,0.25
Cosmin Ontica,,,1486.0,1500.0,1486.0,1500.0,1,0,1,0.0,0,1,0,,0.0,,0.0,0.0,0.62,0.25
Mihnea Lorin Stefan Turcu,,,1486.0,1500.0,1486.0,1500.0,1,0,1,0.0,0,1,0,,0.0,,0.0,0.0,0.62,0.25
Tamaki Yamao,1828,1828,1486.0,1486.0,1500.0,1500.0,1,0,1,0.0,1,0,0,0.0,,,0.0,0.0,0.62,0.25
Kengo Sasaki,,,1486.0,1485.8,1500.0,1500.0,1,0,1,0.0,1,0,0,0.0,,,0.0,0.0,0.62,0.25
Young Seok Lee,,,1486.0,1485.3,1500.0,1500.0,1,0,1,0.0,1,0,0,0.0,,,0.0,0.0,0.62,0.25
Burak Can Yilmaz,,,1486.0,1486.0,1500.0,1500.0,1,0,1,0.0,1,0,0,0.0,,,0.0,0.0,0.62,0.25
Korey Lovett,,,1486.0,1486.0,1500.0,1500.0,1,0,1,0.0,1,0,0,0.0,,,0.0,0.0,0.62,0.25
Vasilios Caripi,,,1486.0,1486.0,1500.0,1500.0,1,0,1,0.0,1,0,0,0.0,,,0.0,0.0,0.62,0.25
Marcel Marlon Sudzum,,,1486.0,1500.0,1485.1,1500.0,1,0,1,0.0,0,1,0,,0.0,,0.0,0.0,0.62,0.25
Nicolas Iraira,,,1486.0,1500.0,1486.0,1500.0,1,0,1,0.0,0,1,0,,0.0,,0.0,0.0,0.62,0.25
Mateo Labuckas,,,1486.0,1500.0,1486.0,1500.0,1,0,1,0.0,0,1,0,,0.0,,0.0,0.0,0.62,0.25
Nicolas Cortes Campos,,,1486.0,1500.0,1485.8,1500.0,1,0,1,0.0,0,1,0,,0.0,,0.0,0.0,0.62,0.25
Diogo Morais,1616,1616,1486.0,1500.0,1486.6,1500.0,1,0,1,0.0,0,1,0,,0.0,,0.0,0.0,0.62,0.25
Cash Hanzlik,950,950,1486.0,1500.0,1486.0,1500.0,1,0,1,0.0,0,1,0,,0.0,,0.0,0.0,0.62,0.25
Francisco Pini,1064,1064,1486.0,1500.0,1486.0,1500.0,1,0,1,0.0,0,1,0,,0.0,,0.0,0.0,0.62,0.25
Marc Majdandzic,,,1486.0,1500.0,1485.2,1500.0,1,0,1,0.0,0,1,0,,0.0,,0.0,0.0,0.62,0.25
Valentin Faure,,,1486.0,1485.9,1500.0,1500.0,1,0,1,0.0,1,0,0,0.0,,,0.0,0.0,0.62,0.25
Shendrit Deari,,,1486.0,1500.0,1486.0,1500.0,1,0,1,0.0,0,1,0,,0.0,,0.0,0.0,0.62,0.25
Iliyas Maratuly,,,1486.0,1486.0,1500.0,1500.0,1,0,1,0.0,1,0,0,0.0,,,0.0,0.0,0.62,0.25
Lorenzo Beraldo,1191,1191,1486.0,1500.0,1486.0,1500.0,1,0,1,0.0,0,1,0,,0.0,,0.0,0.0,0.62,0.25
Ignacio Parisca,926,926,1486.0,1500.0,1486.8,1500.0,1,0,1,0.0,0,1,0,,0.0,,0.0,0.0,0.62,0.25
Barkat Khan,,,1486.0,1486.0,1500.0,1500.0,1,0,1,0.0,1,0,0,0.0,,,0.0,0.0,0.62,0.25
Ahmad Nael Qureshi,,,1486.0,1486.0,1500.0,1500.0,1,0,1,0.0,1,0,0,0.0,,,0.0,0.0,0.62,0.25
Alexey Aleshchev,1410,1410,1486.0,1486.0,1500.0,1500.0,1,0,1,0.0,1,0,0,0.0,,,0.0,0.0,0.62,0.25
Pietro Ricci,,,1486.0,1486.0,1500.0,1500.0,1,0,1,0.0,1,0,0,0.0,,,0.0,0.0,0.62,0.25
Vadym Konovchuk,1239,1239,1486.0,1486.0,1500.0,1500.0,1,0,1,0.0,1,0,0,0.0,,,0.0,0.0,0.62,0.25
Muthu Aadhitiya Senthilkumar,,,1486.0,1486.0,1500.0,1500.0,1,0,1,0.0,1,0,0,0.0,,,0.0,0.0,0.62,0.25
Fanming Meng,1354,1354,1486.0,1485.6,1500.0,1500.0,1,0,1,0.0,1,0,0,0.0,,,0.0,0.0,0.62,0.25
Pedro Rodenas,843,609,1485.9,1481.0,1502.0,1500.0,13,5,8,0.3846,11,2,0,0.3636,0.5,,0.4,0.3846,0.62,0.3491
David Prokop,,,1485.9,1500.0,1487.8,1500.0,3,1,2,0.3333,0,3,0,,0.3333,,0.3333,0.3333,0.62,0.25
Quinton Vega,1019,1017,1485.9,1486.3,1500.0,1500.0,3,1,2,0.3333,3,0,0,0.3333,,,0.3333,0.3333,0.62,0.25
Vincent Marysko,1230,1230,1485.9,1497.0,1487.7,1500.0,3,1,2,0.3333,2,1,0,0.5,0.0,,0.3333,0.3333,0.62,0.25
Teeradon Tortrakul,,,1485.9,1486.0,1500.0,1500.0,1,0,1,0.0,1,0,0,0.0,,,0.0,0.0,0.62,0.25
Arpit Sharma,,,1485.9,1485.9,1500.0,1500.0,1,0,1,0.0,1,0,0,0.0,,,0.0,0.0,0.62,0.25
Adrian Fernandez,,,1485.9,1486.0,1500.0,1500.0,1,0,1,0.0,1,0,0,0.0,,,0.0,0.0,0.62,0.25
Pavel Selivanovsky,1887,1887,1485.9,1485.9,1500.0,1500.0,1,0,1,0.0,1,0,0,0.0,,,0.0,0.0,0.62,0.25
Stepan Holis,,,1485.9,1500.0,1483.5,1500.0,1,0,1,0.0,0,1,0,,0.0,,0.0,0.0,0.62,0.25
Pauli Partinen,,,1485.9,1500.0,1485.0,1500.0,1,0,1,0.0,0,1,0,,0.0,,0.0,0.0,0.62,0.25
Keith R Whittingham,,,1485.9,1486.0,1500.0,1500.0,1,0,1,0.0,1,0,0,0.0,,,0.0,0.0,0.62,0.25
Sukhee Ann,,,1485.9,1485.8,1500.0,1500.0,1,0,1,0.0,1,0,0,0.0,,,0.0,0.0,0.62,0.25
Roy Lederman,,,1485.9,1486.4,1500.0,1500.0,1,0,1,0.0,1,0,0,0.0,,,0.0,0.0,0.62,0.25
Diego Alejandro Giraldo Restrepo,,,1485.9,1500.0,1486.0,1500.0,1,0,1,0.0,0,1,0,,0.0,,0.0,0.0,0.62,0.25
Jonathan Bejar,,,1485.9,1486.4,1500.0,1500.0,1,0,1,0.0,1,0,0,0.0,,,0.0,0.0,0.62,0.25
Michal Marko,1854,1854,1485.9,1486.0,1500.0,1500.0,1,0,1,0.0,1,0,0,0.0,,,0.0,0.0,0.62,0.25
Jun Sang Park,,,1485.9,1486.3,1500.0,1500.0,1,0,1,0.0,1,0,0,0.0,,,0.0,0.0,0.62,0.25
Vishal Punna,,,1485.9,1486.0,1500.0,1500.0,1,0,1,0.0,1,0,0,0.0,,,0.0,0.0,0.62,0.25
Filippo Speziali,,,1485.9,1500.0,1483.5,1500.0,1,0,1,0.0,0,1,0,,0.0,,0.0,0.0,0.62,0.25
Richard Biagiotti,,,1485.9,1500.0,1486.5,1500.0,1,0,1,0.0,0,1,0,,0.0,,0.0,0.0,0.62,0.25
Gabriele Camilli,,,1485.9,1500.0,1487.1,1500.0,1,0,1,0.0,0,1,0,,0.0,,0.0,0.0,0.62,0.25
Iker Sevilla,1339,1339,1485.9,1500.0,1485.8,1500.0,1,0,1,0.0,0,1,0,,0.0,,0.0,0.0,0.62,0.25
Guillermo Delgadillo,,,1485.9,1485.8,1500.0,1500.0,1,0,1,0.0,1,0,0,0.0,,,0.0,0.0,0.62,0.25
Alexander Bravo,,,1485.9,1486.0,1500.0,1500.0,1,0,1,0.0,1,0,0,0.0,,,0.0,0.0,0.62,0.25
Pietro Gava,1864,1864,1485.9,1500.0,1486.1,1500.0,1,0,1,0.0,0,1,0,,0.0,,0.0,0.0,0.62,0.25
Andrei Stefan Apostol,1144,710,1485.8,1500.0,1487.8,1500.0,5,2,3,0.4,0,5,0,,0.4,,0.4,0.4,0.62,0.25
Marco Mosciatti,,,1485.8,1500.0,1487.5,1500.0,3,1,2,0.3333,0,3,0,,0.3333,,0.3333,0.3333,0.62,0.25
Samuel Shropshire,906,906,1485.8,1484.2,1501.2,1500.0,3,1,2,0.3333,1,2,0,0.0,0.5,,0.3333,0.3333,0.62,0.25
Hyung Taik Lee,1422,1422,1485.8,1500.0,1486.0,1500.0,1,0,1,0.0,0,1,0,,0.0,,0.0,0.0,0.62,0.25
Torben Otto,,,1485.8,1485.7,1500.0,1500.0,1,0,1,0.0,1,0,0,0.0,,,0.0,0.0,0.62,0.25
Themi Sitzoukis,,,1485.8,1485.8,1500.0,1500.0,1,0,1,0.0,1,0,0,0.0,,,0.0,0.0,0.62,0.25
Elio Ramaglia,,,1485.8,1500.0,1485.7,1500.0,1,0,1,0.0,0,1,0,,0.0,,0.0,0.0,0.62,0.25
Ettore Capello,,,1485.8,1500.0,1485.9,1500.0,1,0,1,0.0,0,1,0,,0.0,,0.0,0.0,0.62,0.25
William Flavell,,,1485.8,1500.0,1487.2,1500.0,1,0,1,0.0,0,1,0,,0.0,,0.0,0.0,0.62,0.25
Maurizio Speziali,,,1485.8,1500.0,1486.3,1500.0,1,0,1,0.0,0,1,0,,0.0,,0.0,0.0,0.62,0.25
Pietro Ansaldo,,,1485.8,1500.0,1486.1,1500.0,1,0,1,0.0,0,1,0,,0.0,,0.0,0.0,0.62,0.25
Seung Ri Choi,2050,2050,1485.8,1485.6,1500.0,1500.0,1,0,1,0.0,1,0,0,0.0,,,0.0,0.0,0.62,0.25
Pablo Schelcher Muro,,,1485.8,1486.0,1500.0,1500.0,1,0,1,0.0,1,0,0,0.0,,,0.0,0.0,0.62,0.25
Ilya Tiraspolsky,,,1485.8,1486.7,1500.0,1500.0,1,0,1,0.0,1,0,0,0.0,,,0.0,0.0,0.62,0.25
Anatoliy Petrenko,1413,1413,1485.8,1485.7,1500.0,1500.0,1,0,1,0.0,1,0,0,0.0,,,0.0,0.0,0.62,0.25
Martin Breysach,1446,1446,1485.8,1485.4,1500.0,1500.0,1,0,1,0.0,1,0,0,0.0,,,0.0,0.0,0.62,0.25
Alexander Razeghi,1267,1267,1485.8,1500.0,1485.3,1500.0,1,0,1,0.0,0,1,0,,0.0,,0.0,0.0,0.62,0.25
Leonardo Malgaroli,1111,1111,1485.8,1483.7,1500.0,1500.0,1,0,1,0.0,1,0,0,0.0,,,0.0,0.0,0.62,0.25
Geronimo Barrios,2029,1656,1485.7,1500.0,1488.1,1500.0,3,1,2,0.3333,0,3,0,,0.3333,,0.3333,0.3333,0.62,0.25
Benjamin Pietri,926,926,1485.7,1482.4,1500.0,1500.0,3,1,2,0.3333,3,0,0,0.3333,,,0.3333,0.3333,0.62,0.25
Vincent Van Den Honert,1484,1484,1485.7,1500.0,1485.2,1500.0,1,0,1,0.0,0,1,0,,0.0,,0.0,0.0,0.62,0.25
Valentin Nourrissat,1131,1131,1485.7,1487.2,1500.0,1500.0,1,0,1,0.0,1,0,0,0.0,,,0.0,0.0,0.62,0.25
Luciano Agustin Fisicaro,,,1485.7,1500.0,1485.5,1500.0,1,0,1,0.0,0,1,0,,0.0,,0.0,0.0,0.62,0.25
Michal Pazicky,,,1485.7,1500.0,1485.6,1500.0,1,0,1,0.0,0,1,0,,0.0,,0.0,0.0,0.62,0.25
Jan Zednik,1326,1326,1485.7,1500.0,1485.6,1500.0,1,0,1,0.0,0,1,0,,0.0,,0.0,0.0,0.62,0.25
Gaston Tonello,,,1485.7,1486.0,1500.0,1500.0,1,0,1,0.0,1,0,0,0.0,,,0.0,0.0,0.62,0.25
Jeff Greenwald,,,1485.7,1485.2,1500.0,1500.0,1,0,1,0.0,1,0,0,0.0,,,0.0,0.0,0.62,0.25
Raphael Archambault Laurin,,,1485.7,1486.5,1500.0,1500.0,1,0,1,0.0,1,0,0,0.0,,,0.0,0.0,0.62,0.25
Romain Bauvy,1093,1093,1485.7,1485.6,1500.0,1500.0,1,0,1,0.0,1,0,0,0.0,,,0.0,0.0,0.62,0.25
Ozan Cildir,,,1485.7,1500.0,1486.0,1500.0,1,0,1,0.0,0,1,0,,0.0,,0.0,0.0,0.62,0.25
Vaja Uzakov,,,1485.7,1486.4,1500.0,1500.0,1,0,1,0.0,1,0,0,0.0,,,0.0,0.0,0.62,0.25
Wissam Abderrahman,1147,1147,1485.7,1500.0,1486.0,1500.0,1,0,1,0.0,0,1,0,,0.0,,0.0,0.0,0.62,0.25
J J Mercer,,,1485.7,1485.9,1500.0,1500.0,1,0,1,0.0,1,0,0,0.0,,,0.0,0.0,0.62,0.25
Rhys Searant,1941,1941,1485.7,1485.7,1500.0,1500.0,1,0,1,0.0,1,0,0,0.0,,,0.0,0.0,0.62,0.25
Leonardo Taddia,,,1485.7,1500.0,1485.4,1500.0,1,0,1,0.0,0,1,0,,0.0,,0.0,0.0,0.62,0.25
Daniele Rapagnetta,1020,1020,1485.7,1500.0,1485.7,1500.0,1,0,1,0.0,0,1,0,,0.0,,0.0,0.0,0.62,0.25
Benjamin Zuniga Garcia,1851,1851,1485.7,1500.0,1485.7,1500.0,1,0,1,0.0,0,1,0,,0.0,,0.0,0.0,0.62,0.25
Alberto Morolli,1582,1582,1485.7,1486.3,1500.0,1500.0,1,0,1,0.0,1,0,0,0.0,,,0.0,0.0,0.62,0.25
Segundo Goity Zapico,,,1485.7,1500.0,1485.9,1500.0,1,0,1,0.0,0,1,0,,0.0,,0.0,0.0,0.62,0.25
Aniketh Venkataraman,,,1485.7,1485.8,1500.0,1500.0,1,0,1,0.0,1,0,0,0.0,,,0.0,0.0,0.62,0.25
Caheer Warik,1752,1752,1485.7,1485.5,1500.0,1500.0,1,0,1,0.0,1,0,0,0.0,,,0.0,0.0,0.62,0.25
Jarno Jans,1329,1329,1485.7,1485.9,1500.0,1500.0,1,0,1,0.0,1,0,0,0.0,,,0.0,0.0,0.62,0.25
Takeru Yuzuki,1454,1359,1485.6,1505.3,1484.9,1485.1,15,7,8,0.4667,11,3,1,0.5455,0.3333,0.0,0.4,0.4667,0.62,0.3662
Lorenzo Sciahbasi,629,629,1485.6,1511.4,1465.1,1500.0,7,2,5,0.2857,4,3,0,0.5,0.0,,0.2857,0.2857,0.62,0.2773
Ram Kapach,1081,1081,1485.6,1485.6,1500.0,1500.0,1,0,1,0.0,1,0,0,0.0,,,0.0,0.0,0.62,0.25
Allan Gomes Oliveira,2070,2070,1485.6,1500.0,1485.4,1500.0,1,0,1,0.0,0,1,0,,0.0,,0.0,0.0,0.62,0.25
Nick Zieziula,,,1485.6,1486.5,1500.0,1500.0,1,0,1,0.0,1,0,0,0.0,,,0.0,0.0,0.62,0.25
Lucas Agra,,,1485.6,1486.0,1500.0,1500.0,1,0,1,0.0,1,0,0,0.0,,,0.0,0.0,0.62,0.25
Tyler Mercier,1993,1993,1485.6,1485.6,1500.0,1500.0,1,0,1,0.0,1,0,0,0.0,,,0.0,0.0,0.62,0.25
Sean Sculley,,,1485.6,1500.0,1484.3,1500.0,1,0,1,0.0,0,1,0,,0.0,,0.0,0.0,0.62,0.25
Joel Popov,,,1485.6,1500.0,1485.6,1500.0,1,0,1,0.0,0,1,0,,0.0,,0.0,0.0,0.62,0.25
Cameron Silverman,738,738,1485.6,1485.8,1500.0,1500.0,1,0,1,0.0,1,0,0,0.0,,,0.0,0.0,0.62,0.25
Pietro Rimondini,,,1485.6,1485.6,1500.0,1500.0,1,0,1,0.0,1,0,0,0.0,,,0.0,0.0,0.62,0.25
Nicolas Brand,,,1485.6,1500.0,1485.6,1500.0,1,0,1,0.0,0,1,0,,0.0,,0.0,0.0,0.62,0.25
Shahar Elbaz,,,1485.6,1483.1,1500.0,1500.0,1,0,1,0.0,1,0,0,0.0,,,0.0,0.0,0.62,0.25
Vojtech Petr,,,1485.6,1500.0,1485.6,1500.0,1,0,1,0.0,0,1,0,,0.0,,0.0,0.0,0.62,0.25
Artem Podorozhnyi,1515,1515,1485.6,1500.0,1485.6,1500.0,1,0,1,0.0,0,1,0,,0.0,,0.0,0.0,0.62,0.25
Lambert Ruland,1698,1698,1485.6,1500.0,1485.5,1500.0,1,0,1,0.0,0,1,0,,0.0,,0.0,0.0,0.62,0.25
Andrew Rogers,1156,1156,1485.6,1486.0,1500.0,1500.0,1,0,1,0.0,1,0,0,0.0,,,0.0,0.0,0.62,0.25
Gabriele Moghini,1142,1142,1485.6,1487.0,1500.0,1500.0,1,0,1,0.0,1,0,0,0.0,,,0.0,0.0,0.62,0.25
Sergio Badini,,,1485.6,1500.0,1485.5,1500.0,1,0,1,0.0,0,1,0,,0.0,,0.0,0.0,0.62,0.25
Radomir Tomic,1188,1188,1485.6,1500.0,1485.6,1500.0,1,0,1,0.0,0,1,0,,0.0,,0.0,0.0,0.62,0.25
Jinpeng Tang,,,1485.6,1485.6,1500.0,1500.0,1,0,1,0.0,1,0,0,0.0,,,0.0,0.0,0.62,0.25
Matthias Uwe Kask,,,1485.6,1485.3,1500.0,1500.0,1,0,1,0.0,1,0,0,0.0,,,0.0,0.0,0.62,0.25
Santiago Ledesma,,,1485.6,1485.8,1500.0,1500.0,1,0,1,0.0,1,0,0,0.0,,,0.0,0.0,0.62,0.25
Phoenix Weir,1500,1500,1485.6,1500.0,1500.0,1486.0,1,0,1,0.0,0,0,1,,,0.0,0.0,0.0,0.62,0.25
Amr Elsayed Abdou Ahmed Mohamed,554,554,1485.6,1486.1,1500.0,1500.0,1,0,1,0.0,1,0,0,0.0,,,0.0,0.0,0.62,0.25
Jamie Mackenzie,922,922,1485.5,1491.4,1487.4,1500.0,9,3,6,0.3333,5,4,0,0.4,0.25,,0.3333,0.3333,0.62,0.3058
Chanon Phunsawat,,,1485.5,1486.4,1500.0,1500.0,3,1,2,0.3333,3,0,0,0.3333,,,0.3333,0.3333,0.62,0.25
Nicolas Kobelt,822,822,1485.5,1497.7,1487.1,1500.0,3,1,2,0.3333,2,1,0,0.5,0.0,,0.3333,0.3333,0.62,0.25
Kevin Kim,,,1485.5,1500.0,1486.0,1500.0,1,0,1,0.0,0,1,0,,0.0,,0.0,0.0,0.62,0.25
Manuel Barros,1419,1419,1485.5,1500.0,1486.0,1500.0,1,0,1,0.0,0,1,0,,0.0,,0.0,0.0,0.62,0.25
Daniel Tamir,1259,1259,1485.5,1485.6,1500.0,1500.0,1,0,1,0.0,1,0,0,0.0,,,0.0,0.0,0.62,0.25
Gianmarco De Santis,,,1485.5,1500.0,1486.0,1500.0,1,0,1,0.0,0,1,0,,0.0,,0.0,0.0,0.62,0.25
Louis Newman,,,1485.5,1500.0,1500.0,1485.4,1,0,1,0.0,0,0,1,,,0.0,0.0,0.0,0.62,0.25
Peter Tarwid,,,1485.5,1485.6,1500.0,1500.0,1,0,1,0.0,1,0,0,0.0,,,0.0,0.0,0.62,0.25
Alvar Gutierrez Medina,,,1485.5,1486.0,1500.0,1500.0,1,0,1,0.0,1,0,0,0.0,,,0.0,0.0,0.62,0.25
Enrico Dos Santos Lima,,,1485.5,1486.0,1500.0,1500.0,1,0,1,0.0,1,0,0,0.0,,,0.0,0.0,0.62,0.25
Brian De Vrind,,,1485.5,1500.0,1486.2,1500.0,1,0,1,0.0,0,1,0,,0.0,,0.0,0.0,0.62,0.25
Gabriel Vallim,,,1485.5,1500.0,1485.5,1500.0,1,0,1,0.0,0,1,0,,0.0,,0.0,0.0,0.62,0.25
Driss Lbahy,,,1485.5,1500.0,1485.5,1500.0,1,0,1,0.0,0,1,0,,0.0,,0.0,0.0,0.62,0.25
Federico Nicolas Bertucci,1317,1317,1485.5,1500.0,1485.5,1500.0,1,0,1,0.0,0,1,0,,0.0,,0.0,0.0,0.62,0.25
Marin Dumitru,1643,1643,1485.5,1500.0,1485.5,1500.0,1,0,1,0.0,0,1,0,,0.0,,0.0,0.0,0.62,0.25
Luca Corinteli,,,1485.5,1485.5,1500.0,1500.0,1,0,1,0.0,1,0,0,0.0,,,0.0,0.0,0.62,0.25
Jack Schipanski,,,1485.5,1485.5,1500.0,1500.0,1,0,1,0.0,1,0,0,0.0,,,0.0,0.0,0.62,0.25
Peter Balla,1507,1507,1485.5,1484.6,1500.0,1500.0,1,0,1,0.0,1,0,0,0.0,,,0.0,0.0,0.62,0.25
Daniel Guccione,,,1485.5,1485.5,1500.0,1500.0,1,0,1,0.0,1,0,0,0.0,,,0.0,0.0,0.62,0.25
Armaan Bhatia,,,1485.5,1485.5,1500.0,1500.0,1,0,1,0.0,1,0,0,0.0,,,0.0,0.0,0.62,0.25
Roberto Marelli,,,1485.5,1485.6,1500.0,1500.0,1,0,1,0.0,1,0,0,0.0,,,0.0,0.0,0.62,0.25
Giovanni Cozzolino,,,1485.5,1500.0,1486.0,1500.0,1,0,1,0.0,0,1,0,,0.0,,0.0,0.0,0.62,0.25
Michael Cunningham,,,1485.5,1485.5,1500.0,1500.0,1,0,1,0.0,1,0,0,0.0,,,0.0,0.0,0.62,0.25
Riaan Du Toit,,,1485.5,1485.5,1500.0,1500.0,1,0,1,0.0,1,0,0,0.0,,,0.0,0.0,0.62,0.25
Diego Jose Manrique Velazquez,1108,1108,1485.5,1485.5,1500.0,1500.0,1,0,1,0.0,1,0,0,0.0,,,0.0,0.0,0.62,0.25
Danijal Muminovic,,,1485.5,1500.0,1485.7,1500.0,1,0,1,0.0,0,1,0,,0.0,,0.0,0.0,0.62,0.25
Naoya KOMODA,,,1485.5,1485.4,1500.0,1500.0,1,0,1,0.0,1,0,0,0.0,,,0.0,0.0,0.62,0.25
Max Stenzer,1653,1653,1485.5,1500.0,1485.4,1500.0,1,0,1,0.0,0,1,0,,0.0,,0.0,0.0,0.62,0.25
Lorenzo Berto,,,1485.5,1500.0,1485.6,1500.0,1,0,1,0.0,0,1,0,,0.0,,0.0,0.0,0.62,0.25
Guelfo Borghini Baldovinetti,2126,2126,1485.5,1500.0,1486.0,1500.0,1,0,1,0.0,0,1,0,,0.0,,0.0,0.0,0.62,0.25
Viktor Frydrych,1179,1179,1485.5,1486.0,1500.0,1500.0,1,0,1,0.0,1,0,0,0.0,,,0.0,0.0,0.62,0.25
Agustin Libre,,,1485.5,1500.0,1485.0,1500.0,1,0,1,0.0,0,1,0,,0.0,,0.0,0.0,0.62,0.25
Cruz Hewitt,668,668,1485.4,1478.4,1500.0,1500.0,20,7,13,0.35,20,0,0,0.35,,,0.3,0.35,0.602,0.3886
Julian Busch,1008,1008,1485.4,1500.0,1485.4,1500.0,1,0,1,0.0,0,1,0,,0.0,,0.0,0.0,0.62,0.25
Leander Lazaro,,,1485.4,1484.9,1500.0,1500.0,1,0,1,0.0,1,0,0,0.0,,,0.0,0.0,0.62,0.25
Scott Browne,,,1485.4,1485.4,1500.0,1500.0,1,0,1,0.0,1,0,0,0.0,,,0.0,0.0,0.62,0.25
Americo Lanzoni,,,1485.4,1500.0,1485.4,1500.0,1,0,1,0.0,0,1,0,,0.0,,0.0,0.0,0.62,0.25
Artur Shakhnubaryan,1857,1857,1485.4,1500.0,1486.4,1500.0,1,0,1,0.0,0,1,0,,0.0,,0.0,0.0,0.62,0.25
Maxim Geraskin,,,1485.4,1500.0,1486.0,1500.0,1,0,1,0.0,0,1,0,,0.0,,0.0,0.0,0.62,0.25
Jocelyn Devilliers,,,1485.4,1500.0,1486.0,1500.0,1,0,1,0.0,0,1,0,,0.0,,0.0,0.0,0.62,0.25
Jeremias Rocco,,,1485.4,1500.0,1485.5,1500.0,1,0,1,0.0,0,1,0,,0.0,,0.0,0.0,0.62,0.25
Peter Samosi,,,1485.4,1500.0,1485.4,1500.0,1,0,1,0.0,0,1,0,,0.0,,0.0,0.0,0.62,0.25
Alessandro Ragazzi,,,1485.4,1500.0,1485.4,1500.0,1,0,1,0.0,0,1,0,,0.0,,0.0,0.0,0.62,0.25
Klemen Nikolas,,,1485.4,1485.0,1500.0,1500.0,1,0,1,0.0,1,0,0,0.0,,,0.0,0.0,0.62,0.25
Zi Yang Cai,,,1485.4,1500.0,1485.4,1500.0,1,0,1,0.0,0,1,0,,0.0,,0.0,0.0,0.62,0.25
Baptiste Anselmo,,,1485.4,1486.0,1500.0,1500.0,1,0,1,0.0,1,0,0,0.0,,,0.0,0.0,0.62,0.25
Christian Voinea,,,1485.4,1500.0,1485.4,1500.0,1,0,1,0.0,0,1,0,,0.0,,0.0,0.0,0.62,0.25
Mohamed Nazim Saber,,,1485.4,1500.0,1485.4,1500.0,1,0,1,0.0,0,1,0,,0.0,,0.0,0.0,0.62,0.25
Guillermo Alejandro Arrambide Herrera,,,1485.4,1485.5,1500.0,1500.0,1,0,1,0.0,1,0,0,0.0,,,0.0,0.0,0.62,0.25
Harrison Lombe,1624,1624,1485.4,1485.4,1500.0,1500.0,1,0,1,0.0,1,0,0,0.0,,,0.0,0.0,0.62,0.25
Ulysse Bertrand,,,1485.4,1485.5,1500.0,1500.0,1,0,1,0.0,1,0,0,0.0,,,0.0,0.0,0.62,0.25
Takuya Komura,,,1485.4,1485.4,1500.0,1500.0,1,0,1,0.0,1,0,0,0.0,,,0.0,0.0,0.62,0.25
Matthew Mendez,,,1485.4,1485.5,1500.0,1500.0,1,0,1,0.0,1,0,0,0.0,,,0.0,0.0,0.62,0.25
Oscar Matias Leiva Biason,,,1485.4,1500.0,1485.4,1500.0,1,0,1,0.0,0,1,0,,0.0,,0.0,0.0,0.62,0.25
Aaro Pollanen,1559,1559,1485.4,1500.0,1485.4,1500.0,1,0,1,0.0,0,1,0,,0.0,,0.0,0.0,0.62,0.25
Rick Kepler,,,1485.4,1485.4,1500.0,1500.0,1,0,1,0.0,1,0,0,0.0,,,0.0,0.0,0.62,0.25
Pietro Mugelli,,,1485.4,1485.4,1500.0,1500.0,1,0,1,0.0,1,0,0,0.0,,,0.0,0.0,0.62,0.25
Joshua Rose,,,1485.4,1485.4,1500.0,1500.0,1,0,1,0.0,1,0,0,0.0,,,0.0,0.0,0.62,0.25
Mikko Rouvala,,,1485.4,1500.0,1485.4,1500.0,1,0,1,0.0,0,1,0,,0.0,,0.0,0.0,0.62,0.25
Robert Kjellberg,,,1485.4,1486.0,1500.0,1500.0,1,0,1,0.0,1,0,0,0.0,,,0.0,0.0,0.62,0.25
Yash Chaurasia,1700,1700,1485.4,1485.4,1500.0,1500.0,1,0,1,0.0,1,0,0,0.0,,,0.0,0.0,0.62,0.25
Martin Rios Benitez,,,1485.4,1500.0,1485.4,1500.0,1,0,1,0.0,0,1,0,,0.0,,0.0,0.0,0.62,0.25
Max Batyutenko,,,1485.4,1486.0,1500.0,1500.0,1,0,1,0.0,1,0,0,0.0,,,0.0,0.0,0.62,0.25
Santiago Bramajo,1461,1461,1485.4,1500.0,1485.4,1500.0,1,0,1,0.0,0,1,0,,0.0,,0.0,0.0,0.62,0.25
Nikola Basic,1283,1283,1485.4,1500.0,1485.4,1500.0,1,0,1,0.0,0,1,0,,0.0,,0.0,0.0,0.62,0.25
Francisco Faigenbaum,,,1485.4,1500.0,1485.4,1500.0,1,0,1,0.0,0,1,0,,0.0,,0.0,0.0,0.62,0.25
Aleksei Mokrov,1763,1763,1485.4,1485.4,1500.0,1500.0,1,0,1,0.0,1,0,0,0.0,,,0.0,0.0,0.62,0.25
Rafael Botran Neutze,,,1485.4,1500.0,1486.0,1500.0,1,0,1,0.0,0,1,0,,0.0,,0.0,0.0,0.62,0.25
Martin Maldonado,1804,1804,1485.4,1500.0,1485.4,1500.0,1,0,1,0.0,0,1,0,,0.0,,0.0,0.0,0.62,0.25
Carl Holder,1806,1806,1485.4,1485.4,1500.0,1500.0,1,0,1,0.0,1,0,0,0.0,,,0.0,0.0,0.62,0.25
Gabor Hornung,1496,1496,1485.4,1500.0,1485.4,1500.0,1,0,1,0.0,0,1,0,,0.0,,0.0,0.0,0.62,0.25
Piotr Grynkowski,1634,1634,1485.3,1500.0,1485.4,1500.0,3,1,2,0.3333,0,3,0,,0.3333,,0.3333,0.3333,0.62,0.25
Mac Styslinger,2076,2076,1485.3,1484.8,1500.0,1500.0,1,0,1,0.0,1,0,0,0.0,,,0.0,0.0,0.62,0.25
Robin Bailly,,,1485.3,1485.1,1500.0,1500.0,1,0,1,0.0,1,0,0,0.0,,,0.0,0.0,0.62,0.25
Enrico Fioravante,,,1485.3,1500.0,1485.8,1500.0,1,0,1,0.0,0,1,0,,0.0,,0.0,0.0,0.62,0.25
Paul Woerner,1112,1112,1485.3,1487.7,1500.0,1500.0,1,0,1,0.0,1,0,0,0.0,,,0.0,0.0,0.62,0.25
Ivan Bryusov,,,1485.3,1500.0,1486.0,1500.0,1,0,1,0.0,0,1,0,,0.0,,0.0,0.0,0.62,0.25
George Tsivadze,899,899,1485.3,1485.3,1500.0,1500.0,1,0,1,0.0,1,0,0,0.0,,,0.0,0.0,0.62,0.25
Kaysar Bekimov,,,1485.3,1486.0,1500.0,1500.0,1,0,1,0.0,1,0,0,0.0,,,0.0,0.0,0.62,0.25
Sergio Monges,,,1485.3,1500.0,1485.6,1500.0,1,0,1,0.0,0,1,0,,0.0,,0.0,0.0,0.62,0.25
Tian Xiang Hui,,,1485.3,1486.0,1500.0,1500.0,1,0,1,0.0,1,0,0,0.0,,,0.0,0.0,0.62,0.25
Luca Mainetti,,,1485.3,1485.4,1500.0,1500.0,1,0,1,0.0,1,0,0,0.0,,,0.0,0.0,0.62,0.25
Felix Albert,,,1485.3,1485.7,1500.0,1500.0,1,0,1,0.0,1,0,0,0.0,,,0.0,0.0,0.62,0.25
Jakub Gewert,,,1485.3,1500.0,1485.3,1500.0,1,0,1,0.0,0,1,0,,0.0,,0.0,0.0,0.62,0.25
Justin Schlageter,,,1485.3,1500.0,1485.3,1500.0,1,0,1,0.0,0,1,0,,0.0,,0.0,0.0,0.62,0.25
Young Hoon Jeong,1257,1257,1485.3,1485.6,1500.0,1500.0,1,0,1,0.0,1,0,0,0.0,,,0.0,0.0,0.62,0.25
Jake Hersey,,,1485.3,1485.0,1500.0,1500.0,1,0,1,0.0,1,0,0,0.0,,,0.0,0.0,0.62,0.25
Socrates Leon Tsoronis,1418,1418,1485.3,1485.3,1500.0,1500.0,1,0,1,0.0,1,0,0,0.0,,,0.0,0.0,0.62,0.25
Radomir Jovanovic,,,1485.3,1485.3,1500.0,1500.0,1,0,1,0.0,1,0,0,0.0,,,0.0,0.0,0.62,0.25
Nikshep Ballekere Ravikumar,,,1485.3,1485.3,1500.0,1500.0,1,0,1,0.0,1,0,0,0.0,,,0.0,0.0,0.62,0.25
Niels Peter Van Noord,,,1485.3,1485.3,1500.0,1500.0,1,0,1,0.0,1,0,0,0.0,,,0.0,0.0,0.62,0.25
Jonas Schaer,1350,1350,1485.3,1485.7,1500.0,1500.0,1,0,1,0.0,1,0,0,0.0,,,0.0,0.0,0.62,0.25
Seonyong Han,1267,1267,1485.3,1485.0,1500.0,1500.0,1,0,1,0.0,1,0,0,0.0,,,0.0,0.0,0.62,0.25
Lui Maxted,403,403,1485.2,1472.1,1500.0,1489.5,19,7,12,0.3684,12,0,7,0.3333,,0.4286,0.4,0.3684,0.6137,0.3902
Mirko Cutuli,804,772,1485.2,1499.3,1484.9,1500.0,7,3,4,0.4286,4,3,0,0.5,0.3333,,0.4286,0.4286,0.62,0.2773
Jorge Aguilar,338,338,1485.2,1500.0,1486.0,1500.0,1,0,1,0.0,0,1,0,,0.0,,0.0,0.0,0.62,0.25
Jatuporn Nalamphun,,,1485.2,1485.7,1500.0,1500.0,1,0,1,0.0,1,0,0,0.0,,,0.0,0.0,0.62,0.25
Keanu Ellen,,,1485.2,1485.5,1500.0,1500.0,1,0,1,0.0,1,0,0,0.0,,,0.0,0.0,0.62,0.25
Oscar Mancineiras Cornella,,,1485.2,1485.1,1500.0,1500.0,1,0,1,0.0,1,0,0,0.0,,,0.0,0.0,0.62,0.25
Jeremy Efferding,1194,1194,1485.2,1486.9,1500.0,1500.0,1,0,1,0.0,1,0,0,0.0,,,0.0,0.0,0.62,0.25
Yvo Panak,2078,2078,1485.2,1500.0,1485.0,1500.0,1,0,1,0.0,0,1,0,,0.0,,0.0,0.0,0.62,0.25
Omar Fiorenzato,,,1485.2,1500.0,1485.6,1500.0,1,0,1,0.0,0,1,0,,0.0,,0.0,0.0,0.62,0.25
Luis Mauricio Bonilla,,,1485.2,1500.0,1485.3,1500.0,1,0,1,0.0,0,1,0,,0.0,,0.0,0.0,0.62,0.25
Eduardo Lacalle,,,1485.2,1500.0,1485.3,1500.0,1,0,1,0.0,0,1,0,,0.0,,0.0,0.0,0.62,0.25
Domenico Scelzi,,,1485.2,1500.0,1485.6,1500.0,1,0,1,0.0,0,1,0,,0.0,,0.0,0.0,0.62,0.25
Pierre Debrosse,,,1485.2,1485.5,1500.0,1500.0,1,0,1,0.0,1,0,0,0.0,,,0.0,0.0,0.62,0.25
Sardor Ergashev,,,1485.2,1484.5,1500.0,1500.0,1,0,1,0.0,1,0,0,0.0,,,0.0,0.0,0.62,0.25
Joy Vigani,1189,1189,1485.2,1485.3,1500.0,1500.0,1,0,1,0.0,1,0,0,0.0,,,0.0,0.0,0.62,0.25
Illia Stoliar,1765,1765,1485.2,1500.0,1486.6,1500.0,1,0,1,0.0,0,1,0,,0.0,,0.0,0.0,0.62,0.25
Javier Molino,2029,2029,1485.2,1500.0,1485.1,1500.0,1,0,1,0.0,0,1,0,,0.0,,0.0,0.0,0.62,0.25
Agustin Mastri,1782,1782,1485.2,1500.0,1485.8,1500.0,1,0,1,0.0,0,1,0,,0.0,,0.0,0.0,0.62,0.25
Gen Nakamura,,,1485.2,1484.9,1500.0,1500.0,1,0,1,0.0,1,0,0,0.0,,,0.0,0.0,0.62,0.25
Jonah Braswell,1111,1111,1485.2,1485.0,1500.0,1500.0,1,0,1,0.0,1,0,0,0.0,,,0.0,0.0,0.62,0.25
Aditya Govila,1778,1778,1485.2,1484.7,1500.0,1500.0,1,0,1,0.0,1,0,0,0.0,,,0.0,0.0,0.62,0.25
Kyle Overmyer,2202,2202,1485.2,1485.8,1500.0,1500.0,1,0,1,0.0,1,0,0,0.0,,,0.0,0.0,0.62,0.25
Nico Matic,578,529,1485.1,1500.0,1486.8,1500.0,7,3,4,0.4286,0,7,0,,0.4286,,0.4286,0.4286,0.6029,0.2696
Thomas Laurent,1297,1297,1485.1,1487.0,1500.0,1500.0,5,2,3,0.4,5,0,0,0.4,,,0.4,0.4,0.596,0.25
Woo Hyeok Jang,,,1485.1,1486.6,1500.0,1500.0,5,2,3,0.4,5,0,0,0.4,,,0.4,0.4,0.62,0.25
Javier Pulgar Garcia,701,701,1485.1,1499.6,1486.0,1500.0,3,1,2,0.3333,2,1,0,0.5,0.0,,0.3333,0.3333,0.62,0.25
Gerardo Irarrazabal,,,1485.1,1500.0,1485.1,1500.0,1,0,1,0.0,0,1,0,,0.0,,0.0,0.0,0.62,0.25
Keisuke Watanuki,1218,1218,1485.1,1485.1,1500.0,1500.0,1,0,1,0.0,1,0,0,0.0,,,0.0,0.0,0.62,0.25
Tetsuro Habusawa,1895,1895,1485.1,1485.0,1500.0,1500.0,1,0,1,0.0,1,0,0,0.0,,,0.0,0.0,0.62,0.25
Nicolas Ancedy,1760,1760,1485.1,1485.0,1500.0,1500.0,1,0,1,0.0,1,0,0,0.0,,,0.0,0.0,0.62,0.25
Petar Conkic,851,851,1485.1,1500.0,1485.4,1500.0,1,0,1,0.0,0,1,0,,0.0,,0.0,0.0,0.62,0.25
Bjarne Mannheims,,,1485.1,1500.0,1484.9,1500.0,1,0,1,0.0,0,1,0,,0.0,,0.0,0.0,0.62,0.25
Daniele Chiurulli,,,1485.1,1500.0,1487.0,1500.0,1,0,1,0.0,0,1,0,,0.0,,0.0,0.0,0.62,0.25
Agustin Suarez Gonzalez,2037,2037,1485.1,1500.0,1485.1,1500.0,1,0,1,0.0,0,1,0,,0.0,,0.0,0.0,0.62,0.25
Riley H Reist,,,1485.1,1485.0,1500.0,1500.0,1,0,1,0.0,1,0,0,0.0,,,0.0,0.0,0.62,0.25
Jorge Abde Celis,,,1485.1,1500.0,1484.7,1500.0,1,0,1,0.0,0,1,0,,0.0,,0.0,0.0,0.62,0.25
Zhao Tai Li,1995,1995,1485.1,1484.9,1500.0,1500.0,1,0,1,0.0,1,0,0,0.0,,,0.0,0.0,0.62,0.25
Maciej Lorenz,,,1485.1,1500.0,1485.0,1500.0,1,0,1,0.0,0,1,0,,0.0,,0.0,0.0,0.62,0.25
Antonin Stepanek,,,1485.1,1500.0,1485.0,1500.0,1,0,1,0.0,0,1,0,,0.0,,0.0,0.0,0.62,0.25
Spencer Furman,,,1485.1,1485.0,1500.0,1500.0,1,0,1,0.0,1,0,0,0.0,,,0.0,0.0,0.62,0.25
Punnakrit Kritakara,1867,1867,1485.1,1485.7,1500.0,1500.0,1,0,1,0.0,1,0,0,0.0,,,0.0,0.0,0.62,0.25
Filip Polasek,,,1485.1,1500.0,1485.0,1500.0,1,0,1,0.0,0,1,0,,0.0,,0.0,0.0,0.62,0.25
Carlos Silvestre,,,1485.1,1486.2,1500.0,1500.0,1,0,1,0.0,1,0,0,0.0,,,0.0,0.0,0.62,0.25
Dante Carlos Teramo,,,1485.1,1484.8,1500.0,1500.0,1,0,1,0.0,1,0,0,0.0,,,0.0,0.0,0.62,0.25
Jonas Gundacker,1651,1651,1485.1,1500.0,1485.7,1500.0,1,0,1,0.0,0,1,0,,0.0,,0.0,0.0,0.62,0.25
Carl Soderlund,890,411,1485.0,1494.9,1477.6,1500.0,23,9,14,0.3913,10,13,0,0.4,0.3846,,0.2,0.35,0.5939,0.3988
Filipe Brandao,1323,1141,1485.0,1500.0,1484.4,1500.0,3,1,2,0.3333,0,3,0,,0.3333,,0.3333,0.3333,0.62,0.25
Niels Villard,,,1485.0,1483.8,1500.0,1500.0,2,0,2,0.0,2,0,0,0.0,,,0.0,0.0,0.62,0.25
Ioan Alexandru Chirita,1002,775,1485.0,1500.0,1483.3,1500.0,2,0,2,0.0,0,2,0,,0.0,,0.0,0.0,0.62,0.25
Motvey Radionov,1531,1531,1485.0,1485.5,1500.0,1500.0,1,0,1,0.0,1,0,0,0.0,,,0.0,0.0,0.62,0.25
Scott Dawson,,,1485.0,1484.9,1500.0,1500.0,1,0,1,0.0,1,0,0,0.0,,,0.0,0.0,0.62,0.25
Luca Serena,,,1485.0,1500.0,1487.2,1500.0,1,0,1,0.0,0,1,0,,0.0,,0.0,0.0,0.62,0.25
Arthur Hugounenq,,,1485.0,1485.5,1500.0,1500.0,1,0,1,0.0,1,0,0,0.0,,,0.0,0.0,0.62,0.25
Mohamed Khamlich,,,1485.0,1500.0,1485.1,1500.0,1,0,1,0.0,0,1,0,,0.0,,0.0,0.0,0.62,0.25
Theo Vandeweghe,,,1485.0,1486.0,1500.0,1500.0,1,0,1,0.0,1,0,0,0.0,,,0.0,0.0,0.62,0.25
Peng Xiang Gong,,,1485.0,1486.0,1500.0,1500.0,1,0,1,0.0,1,0,0,0.0,,,0.0,0.0,0.62,0.25
Malik Bhatnagar,,,1485.0,1485.9,1500.0,1500.0,1,0,1,0.0,1,0,0,0.0,,,0.0,0.0,0.62,0.25
Ricardo David Mayagoitia,1676,1676,1485.0,1500.0,1485.3,1500.0,1,0,1,0.0,0,1,0,,0.0,,0.0,0.0,0.62,0.25
Alessandro Procopio,,,1485.0,1500.0,1486.1,1500.0,1,0,1,0.0,0,1,0,,0.0,,0.0,0.0,0.62,0.25
Peter Sallay,,,1485.0,1485.0,1500.0,1500.0,1,0,1,0.0,1,0,0,0.0,,,0.0,0.0,0.62,0.25
Alex Brenner,,,1485.0,1484.9,1500.0,1500.0,1,0,1,0.0,1,0,0,0.0,,,0.0,0.0,0.62,0.25
Vincent Verpeaux,,,1485.0,1500.0,1485.9,1500.0,1,0,1,0.0,0,1,0,,0.0,,0.0,0.0,0.62,0.25
Jordi Garcia Mestre,,,1485.0,1485.5,1500.0,1500.0,1,0,1,0.0,1,0,0,0.0,,,0.0,0.0,0.62,0.25
Gabriele Brancatelli,1286,1286,1485.0,1485.0,1500.0,1500.0,1,0,1,0.0,1,0,0,0.0,,,0.0,0.0,0.62,0.25
Max  Sheldon,,,1485.0,1483.8,1500.0,1500.0,1,0,1,0.0,1,0,0,0.0,,,0.0,0.0,0.62,0.25
George Lazarov,1714,1714,1485.0,1500.0,1485.1,1500.0,1,0,1,0.0,0,1,0,,0.0,,0.0,0.0,0.62,0.25
Cemil Duran,,,1485.0,1484.9,1500.0,1500.0,1,0,1,0.0,1,0,0,0.0,,,0.0,0.0,0.62,0.25
Matas Vasiliauskas,1593,1593,1485.0,1485.5,1500.0,1500.0,1,0,1,0.0,1,0,0,0.0,,,0.0,0.0,0.62,0.25
Giannicola Misasi,1009,1009,1485.0,1500.0,1484.5,1500.0,1,0,1,0.0,0,1,0,,0.0,,0.0,0.0,0.62,0.25
Nuno Deus,880,880,1484.9,1500.0,1486.0,1500.0,3,1,2,0.3333,0,3,0,,0.3333,,0.3333,0.3333,0.54,0.25
Renato Lima,,,1484.9,1500.0,1484.9,1500.0,3,1,2,0.3333,0,3,0,,0.3333,,0.3333,0.3333,0.62,0.25
Odil Akramov,,,1484.9,1484.9,1500.0,1500.0,3,1,2,0.3333,3,0,0,0.3333,,,0.3333,0.3333,0.62,0.25
Manvydas Balciunas,1192,1192,1484.9,1500.0,1483.0,1500.0,2,0,2,0.0,0,2,0,,0.0,,0.0,0.0,0.62,0.25
Daniel Groom,,,1484.9,1484.9,1500.0,1500.0,1,0,1,0.0,1,0,0,0.0,,,0.0,0.0,0.62,0.25
Yannai Barkai,1765,1765,1484.9,1485.3,1500.0,1500.0,1,0,1,0.0,1,0,0,0.0,,,0.0,0.0,0.62,0.25
Ting Yu Chuang,1751,1751,1484.9,1485.4,1500.0,1500.0,1,0,1,0.0,1,0,0,0.0,,,0.0,0.0,0.62,0.25
Hao Yang Hu,,,1484.9,1484.9,1500.0,1500.0,1,0,1,0.0,1,0,0,0.0,,,0.0,0.0,0.62,0.25
Hangyeom Kim,,,1484.9,1485.0,1500.0,1500.0,1,0,1,0.0,1,0,0,0.0,,,0.0,0.0,0.62,0.25
Marco Bergagnin,,,1484.9,1500.0,1485.0,1500.0,1,0,1,0.0,0,1,0,,0.0,,0.0,0.0,0.62,0.25
Sebastian Arcila,,,1484.9,1500.0,1484.7,1500.0,1,0,1,0.0,0,1,0,,0.0,,0.0,0.0,0.62,0.25
David Argasinski,1958,1958,1484.9,1485.5,1500.0,1500.0,1,0,1,0.0,1,0,0,0.0,,,0.0,0.0,0.62,0.25
Joel Cannell,1393,1393,1484.9,1500.0,1485.0,1500.0,1,0,1,0.0,0,1,0,,0.0,,0.0,0.0,0.62,0.25
Jared Pratt,1580,1580,1484.9,1500.0,1485.4,1500.0,1,0,1,0.0,0,1,0,,0.0,,0.0,0.0,0.62,0.25
Goran Markovic,815,815,1484.9,1500.0,1484.9,1500.0,1,0,1,0.0,0,1,0,,0.0,,0.0,0.0,0.62,0.25
Marius Ruzgas,1773,1773,1484.9,1500.0,1485.4,1500.0,1,0,1,0.0,0,1,0,,0.0,,0.0,0.0,0.62,0.25
Patryk Kosinski,1615,1615,1484.9,1500.0,1485.4,1500.0,1,0,1,0.0,0,1,0,,0.0,,0.0,0.0,0.62,0.25
Thomas Kano,,,1484.9,1500.0,1486.1,1500.0,1,0,1,0.0,0,1,0,,0.0,,0.0,0.0,0.62,0.25
Jake Krug,,,1484.9,1485.0,1500.0,1500.0,1,0,1,0.0,1,0,0,0.0,,,0.0,0.0,0.62,0.25
Seiya Nakanishi,1651,1651,1484.9,1484.9,1500.0,1500.0,1,0,1,0.0,1,0,0,0.0,,,0.0,0.0,0.62,0.25
John Moncada Salazar,,,1484.9,1500.0,1485.5,1500.0,1,0,1,0.0,0,1,0,,0.0,,0.0,0.0,0.62,0.25
Eduard Silviu Schipor,,,1484.9,1500.0,1485.2,1500.0,1,0,1,0.0,0,1,0,,0.0,,0.0,0.0,0.62,0.25
Paterne Mamata,,,1484.9,1500.0,1484.8,1500.0,1,0,1,0.0,0,1,0,,0.0,,0.0,0.0,0.62,0.25
Aqeel Khan,,,1484.9,1485.3,1500.0,1500.0,1,0,1,0.0,1,0,0,0.0,,,0.0,0.0,0.62,0.25
Louam Boivin,,,1484.9,1484.8,1500.0,1500.0,1,0,1,0.0,1,0,0,0.0,,,0.0,0.0,0.62,0.25
Viktor Galovic,354,179,1484.8,1508.7,1468.9,1540.6,257,125,132,0.4864,129,117,11,0.4961,0.4615,0.6364,0.4,0.3,0.6013,0.571
Evgeny Philippov,927,649,1484.8,1489.9,1500.0,1500.0,14,7,7,0.5,14,0,0,0.5,,,0.3,0.5,0.62,0.358
Brian Orradre,1234,1234,1484.8,1500.0,1484.9,1500.0,1,0,1,0.0,0,1,0,,0.0,,0.0,0.0,0.62,0.25
Bumpei Sato,2066,2066,1484.8,1484.8,1500.0,1500.0,1,0,1,0.0,1,0,0,0.0,,,0.0,0.0,0.62,0.25
Michael Morphy,,,1484.8,1500.0,1500.0,1486.0,1,0,1,0.0,0,0,1,,,0.0,0.0,0.0,0.62,0.25
Roko Savin,,,1484.8,1500.0,1486.0,1500.0,1,0,1,0.0,0,1,0,,0.0,,0.0,0.0,0.5,0.25
Michael Ogden,,,1484.8,1486.4,1500.0,1500.0,1,0,1,0.0,1,0,0,0.0,,,0.0,0.0,0.62,0.25
Mert Zincirli,1857,1857,1484.8,1484.8,1500.0,1500.0,1,0,1,0.0,1,0,0,0.0,,,0.0,0.0,0.62,0.25
Ze Gong,,,1484.8,1485.4,1500.0,1500.0,1,0,1,0.0,1,0,0,0.0,,,0.0,0.0,0.62,0.25
Daniele Catini,1951,1951,1484.8,1500.0,1485.9,1500.0,1,0,1,0.0,0,1,0,,0.0,,0.0,0.0,0.62,0.25
Tadiwa Chinamo,1881,1881,1484.8,1484.8,1500.0,1500.0,1,0,1,0.0,1,0,0,0.0,,,0.0,0.0,0.62,0.25
Zvonimir Oreskovic,,,1484.8,1486.0,1500.0,1500.0,1,0,1,0.0,1,0,0,0.0,,,0.0,0.0,0.62,0.25
Robby Ginepri,561,211,1484.7,1495.9,1485.4,1500.0,12,5,7,0.4167,9,3,0,0.4444,0.3333,,0.5,0.4167,0.51,0.2793
Nicolas Alejandro De Gregorio,1368,1368,1484.7,1500.0,1484.7,1500.0,5,2,3,0.4,0,5,0,,0.4,,0.4,0.4,0.62,0.25
Andrea Del Prete,,,1484.7,1500.0,1486.0,1500.0,1,0,1,0.0,0,1,0,,0.0,,0.0,0.0,0.62,0.25
Beruk Tsegai,,,1484.7,1500.0,1484.9,1500.0,1,0,1,0.0,0,1,0,,0.0,,0.0,0.0,0.62,0.25
Marco Pivotto,,,1484.7,1500.0,1484.8,1500.0,1,0,1,0.0,0,1,0,,0.0,,0.0,0.0,0.62,0.25
Carlos Jose Cuevas,,,1484.7,1500.0,1484.8,1500.0,1,0,1,0.0,0,1,0,,0.0,,0.0,0.0,0.62,0.25
Fabio Costa,,,1484.7,1500.0,1486.0,1500.0,1,0,1,0.0,0,1,0,,0.0,,0.0,0.0,0.62,0.25
Aleksander Woznicki,,,1484.7,1500.0,1486.9,1500.0,1,0,1,0.0,0,1,0,,0.0,,0.0,0.0,0.62,0.25
Seounghun Lee,,,1484.7,1486.0,1500.0,1500.0,1,0,1,0.0,1,0,0,0.0,,,0.0,0.0,0.62,0.25
Samuel Puskar,,,1484.7,1485.5,1500.0,1500.0,1,0,1,0.0,1,0,0,0.0,,,0.0,0.0,0.62,0.25
Henry Von Der Schulenburg,,,1484.7,1500.0,1484.5,1500.0,1,0,1,0.0,0,1,0,,0.0,,0.0,0.0,0.62,0.25
Dusan Rsovac,1793,1793,1484.7,1485.9,1500.0,1500.0,1,0,1,0.0,1,0,0,0.0,,,0.0,0.0,0.62,0.25
James Davis,1362,1362,1484.7,1484.9,1500.0,1500.0,1,0,1,0.0,1,0,0,0.0,,,0.0,0.0,0.62,0.25
Matei Todoran,,,1484.7,1500.0,1484.7,1500.0,1,0,1,0.0,0,1,0,,0.0,,0.0,0.0,0.62,0.25
Mark Kaufman,,,1484.7,1485.0,1500.0,1500.0,1,0,1,0.0,1,0,0,0.0,,,0.0,0.0,0.62,0.25
Giovanni Ciocca,,,1484.7,1500.0,1486.4,1500.0,1,0,1,0.0,0,1,0,,0.0,,0.0,0.0,0.62,0.25
Jean Paul Kadangah Kili,,,1484.7,1486.0,1500.0,1500.0,1,0,1,0.0,1,0,0,0.0,,,0.0,0.0,0.62,0.25
Gregor Hausberger,2203,2203,1484.7,1500.0,1483.3,1500.0,1,0,1,0.0,0,1,0,,0.0,,0.0,0.0,0.62,0.25
Ewan Moore,,,1484.6,1484.6,1500.0,1500.0,1,0,1,0.0,1,0,0,0.0,,,0.0,0.0,0.62,0.25
Pietro Manola,,,1484.6,1500.0,1485.5,1500.0,1,0,1,0.0,0,1,0,,0.0,,0.0,0.0,0.62,0.25
Francesco Faggella,,,1484.6,1500.0,1486.6,1500.0,1,0,1,0.0,0,1,0,,0.0,,0.0,0.0,0.62,0.25
Matthew Chadwick,,,1484.6,1500.0,1500.0,1486.0,1,0,1,0.0,0,0,1,,,0.0,0.0,0.0,0.62,0.25
Mihail Khaldeev,1542,1542,1484.6,1485.4,1500.0,1500.0,1,0,1,0.0,1,0,0,0.0,,,0.0,0.0,0.62,0.25
Pawel Zawisza,,,1484.6,1486.0,1500.0,1500.0,1,0,1,0.0,1,0,0,0.0,,,0.0,0.0,0.62,0.25
Kushaan Nath,,,1484.6,1484.5,1500.0,1500.0,1,0,1,0.0,1,0,0,0.0,,,0.0,0.0,0.62,0.25
Mario Urquidi,,,1484.6,1485.7,1500.0,1500.0,1,0,1,0.0,1,0,0,0.0,,,0.0,0.0,0.62,0.25
Enrico Iannuzzi,,,1484.6,1500.0,1484.0,1500.0,1,0,1,0.0,0,1,0,,0.0,,0.0,0.0,0.62,0.25
Davide Pozzi,,,1484.6,1484.6,1500.0,1500.0,1,0,1,0.0,1,0,0,0.0,,,0.0,0.0,0.62,0.25
Mustafa Dustov,1553,1553,1484.6,1484.4,1500.0,1500.0,1,0,1,0.0,1,0,0,0.0,,,0.0,0.0,0.62,0.25
Aaron James Williams,,,1484.6,1500.0,1484.9,1500.0,1,0,1,0.0,0,1,0,,0.0,,0.0,0.0,0.62,0.25
Yuhei Kono,,,1484.6,1484.4,1500.0,1500.0,1,0,1,0.0,1,0,0,0.0,,,0.0,0.0,0.62,0.25
Pedro Andre De Almeida Santos,1766,1766,1484.6,1500.0,1485.4,1500.0,1,0,1,0.0,0,1,0,,0.0,,0.0,0.0,0.62,0.25
Marcus Willis,729,337,1484.5,1433.4,1500.0,1518.4,21,8,13,0.381,8,0,13,0.125,,0.5385,0.3,0.35,0.5743,0.376
Vladislav Melnic,1802,1802,1484.5,1485.2,1500.0,1500.0,3,1,2,0.3333,3,0,0,0.3333,,,0.3333,0.3333,0.62,0.25
Jose Pablo Andres Gomez,,,1484.5,1500.0,1484.5,1500.0,1,0,1,0.0,0,1,0,,0.0,,0.0,0.0,0.62,0.25
Fayzullokhon Mavlyudov,,,1484.5,1500.0,1487.0,1500.0,1,0,1,0.0,0,1,0,,0.0,,0.0,0.0,0.62,0.25
Azizhon Turgunov,,,1484.5,1485.9,1500.0,1500.0,1,0,1,0.0,1,0,0,0.0,,,0.0,0.0,0.62,0.25
Julian Allen Childers,,,1484.5,1484.5,1500.0,1500.0,1,0,1,0.0,1,0,0,0.0,,,0.0,0.0,0.62,0.25
Eddie Grabill,,,1484.5,1484.3,1500.0,1500.0,1,0,1,0.0,1,0,0,0.0,,,0.0,0.0,0.62,0.25
Jae Min Seol,1182,1182,1484.5,1484.7,1500.0,1500.0,1,0,1,0.0,1,0,0,0.0,,,0.0,0.0,0.62,0.25
Rikus De Villiers,,,1484.5,1484.6,1500.0,1500.0,1,0,1,0.0,1,0,0,0.0,,,0.0,0.0,0.62,0.25
Federico Cecconi,,,1484.5,1500.0,1483.5,1500.0,1,0,1,0.0,0,1,0,,0.0,,0.0,0.0,0.62,0.25
Scott Clayton,908,908,1484.5,1485.5,1500.0,1500.0,1,0,1,0.0,1,0,0,0.0,,,0.0,0.0,0.62,0.25
Juan Pablo Grassi Mazzuchi,1504,1504,1484.5,1500.0,1484.9,1500.0,1,0,1,0.0,0,1,0,,0.0,,0.0,0.0,0.62,0.25
Felipe Muzzi,,,1484.5,1500.0,1484.4,1500.0,1,0,1,0.0,0,1,0,,0.0,,0.0,0.0,0.62,0.25
Mcclain Kessler,1606,1606,1484.5,1485.3,1500.0,1500.0,1,0,1,0.0,1,0,0,0.0,,,0.0,0.0,0.62,0.25
Henrique Petiz,,,1484.5,1500.0,1486.0,1500.0,1,0,1,0.0,0,1,0,,0.0,,0.0,0.0,0.62,0.25
Victor Tosetto,,,1484.5,1500.0,1485.4,1500.0,1,0,1,0.0,0,1,0,,0.0,,0.0,0.0,0.62,0.25
Roberto Pinargote Palma,,,1484.5,1500.0,1484.6,1500.0,1,0,1,0.0,0,1,0,,0.0,,0.0,0.0,0.62,0.25
Joao Pedro Gomes Leme,,,1484.5,1484.9,1500.0,1500.0,1,0,1,0.0,1,0,0,0.0,,,0.0,0.0,0.62,0.25
Go Soeda,472,83,1484.4,1508.2,1450.4,1551.0,352,195,157,0.554,304,18,30,0.5691,0.2778,0.5667,0.3,0.3,0.5965,0.5741
Alexander Weis,490,290,1484.4,1401.9,1472.3,1500.0,130,55,75,0.4231,8,122,0,0.0,0.4508,,0.2,0.25,0.6172,0.5599
Franco Emanuel Egea,900,585,1484.4,1486.0,1495.6,1500.0,18,9,9,0.5,1,17,0,0.0,0.5294,,0.5,0.5,0.62,0.3878
Jacob Dunbar,862,831,1484.4,1483.6,1500.0,1500.0,5,2,3,0.4,5,0,0,0.4,,,0.4,0.4,0.62,0.25
Boris Pokotilov,1016,1016,1484.4,1485.0,1500.0,1500.0,3,1,2,0.3333,1,2,0,0.0,0.5,,0.3333,0.3333,0.62,0.25
Pablo Landa Catan,,,1484.4,1485.8,1500.0,1500.0,3,1,2,0.3333,3,0,0,0.3333,,,0.3333,0.3333,0.62,0.25
Carsten Ball,1991,1991,1484.4,1484.3,1500.0,1500.0,1,0,1,0.0,1,0,0,0.0,,,0.0,0.0,0.62,0.25
Patrick Tierro,,,1484.4,1484.3,1500.0,1500.0,1,0,1,0.0,1,0,0,0.0,,,0.0,0.0,0.62,0.25
Omar Ferreras,,,1484.4,1500.0,1484.4,1500.0,1,0,1,0.0,0,1,0,,0.0,,0.0,0.0,0.62,0.25
Aland Sanson,,,1484.4,1500.0,1484.5,1500.0,1,0,1,0.0,0,1,0,,0.0,,0.0,0.0,0.62,0.25
Yang Liu,,,1484.4,1500.0,1485.2,1500.0,1,0,1,0.0,0,1,0,,0.0,,0.0,0.0,0.62,0.25
Mohamed Belcora,,,1484.4,1500.0,1484.3,1500.0,1,0,1,0.0,0,1,0,,0.0,,0.0,0.0,0.62,0.25
Shun Tian Shi,,,1484.4,1484.5,1500.0,1500.0,1,0,1,0.0,1,0,0,0.0,,,0.0,0.0,0.62,0.25
George Hime,,,1484.4,1500.0,1484.3,1500.0,1,0,1,0.0,0,1,0,,0.0,,0.0,0.0,0.62,0.25
Karol Paluch,1730,1730,1484.4,1484.4,1500.0,1500.0,1,0,1,0.0,1,0,0,0.0,,,0.0,0.0,0.62,0.25
Luciano Carraro,2060,2060,1484.4,1500.0,1484.4,1500.0,1,0,1,0.0,0,1,0,,0.0,,0.0,0.0,0.62,0.25
Stefan Simeunovic,1652,1652,1484.4,1485.6,1500.0,1500.0,1,0,1,0.0,1,0,0,0.0,,,0.0,0.0,0.62,0.25
Semen Voronin,,,1484.4,1484.4,1500.0,1500.0,1,0,1,0.0,1,0,0,0.0,,,0.0,0.0,0.62,0.25
Kaya Arinc,1592,1592,1484.4,1484.3,1500.0,1500.0,1,0,1,0.0,1,0,0,0.0,,,0.0,0.0,0.62,0.25
Fran Rakonic,,,1484.4,1500.0,1484.5,1500.0,1,0,1,0.0,0,1,0,,0.0,,0.0,0.0,0.62,0.25
Jonathan Hilaire,1768,1768,1484.3,1500.4,1483.3,1500.0,5,2,3,0.4,2,3,0,0.5,0.3333,,0.4,0.4,0.62,0.25
Thomas Da Silva Ramos,,,1484.3,1500.0,1485.1,1500.0,1,0,1,0.0,0,1,0,,0.0,,0.0,0.0,0.62,0.25
Maxime Petel,1005,1005,1484.3,1485.7,1500.0,1500.0,1,0,1,0.0,1,0,0,0.0,,,0.0,0.0,0.62,0.25
Davide Ragonese,,,1484.3,1500.0,1484.4,1500.0,1,0,1,0.0,0,1,0,,0.0,,0.0,0.0,0.62,0.25
Guillaume Mackenzie,,,1484.3,1500.0,1486.4,1500.0,1,0,1,0.0,0,1,0,,0.0,,0.0,0.0,0.62,0.25
Graham Alrutz,,,1484.3,1484.3,1500.0,1500.0,1,0,1,0.0,1,0,0,0.0,,,0.0,0.0,0.62,0.25
Pablo Irigaray Guarne,1932,1932,1484.3,1484.7,1500.0,1500.0,1,0,1,0.0,1,0,0,0.0,,,0.0,0.0,0.62,0.25
Denys Mylokostov,509,509,1484.3,1485.8,1500.0,1500.0,1,0,1,0.0,1,0,0,0.0,,,0.0,0.0,0.62,0.25
Hyeong Jin Cho,,,1484.3,1484.3,1500.0,1500.0,1,0,1,0.0,1,0,0,0.0,,,0.0,0.0,0.62,0.25
Phongsapak Kerdlaphee,1921,1921,1484.3,1484.3,1500.0,1500.0,1,0,1,0.0,1,0,0,0.0,,,0.0,0.0,0.62,0.25
Robert Damian Savin,,,1484.3,1500.0,1484.9,1500.0,1,0,1,0.0,0,1,0,,0.0,,0.0,0.0,0.62,0.25
Renlong Pang,1627,1627,1484.3,1484.4,1500.0,1500.0,1,0,1,0.0,1,0,0,0.0,,,0.0,0.0,0.62,0.25
Felix  Einig,,,1484.3,1485.2,1500.0,1500.0,1,0,1,0.0,1,0,0,0.0,,,0.0,0.0,0.62,0.25
Udit Kamboj,1468,1468,1484.3,1483.9,1500.0,1500.0,1,0,1,0.0,1,0,0,0.0,,,0.0,0.0,0.62,0.25
Tejas Chaukulkar,1573,1573,1484.2,1484.9,1500.0,1500.0,5,2,3,0.4,5,0,0,0.4,,,0.4,0.4,0.62,0.25
Haadin Bava,681,681,1484.2,1483.0,1500.0,1500.0,3,1,2,0.3333,3,0,0,0.3333,,,0.3333,0.3333,0.62,0.25
Nikita Kryvonos,1048,1048,1484.2,1484.2,1500.0,1500.0,1,0,1,0.0,1,0,0,0.0,,,0.0,0.0,0.62,0.25
Wilhem Labrador,,,1484.2,1486.0,1500.0,1500.0,1,0,1,0.0,1,0,0,0.0,,,0.0,0.0,0.62,0.25
Joshua Oxley,,,1484.2,1500.0,1486.8,1500.0,1,0,1,0.0,0,1,0,,0.0,,0.0,0.0,0.62,0.25
Mikhail Korovin,850,850,1484.2,1485.5,1500.0,1500.0,1,0,1,0.0,1,0,0,0.0,,,0.0,0.0,0.62,0.25
Dae Hee Lee,1375,1375,1484.2,1485.8,1500.0,1500.0,1,0,1,0.0,1,0,0,0.0,,,0.0,0.0,0.62,0.25
Oliver Hudson,1471,1471,1484.2,1500.0,1484.0,1500.0,1,0,1,0.0,0,1,0,,0.0,,0.0,0.0,0.62,0.25
Ramakrishnan Rangaraju,,,1484.2,1483.6,1500.0,1500.0,1,0,1,0.0,1,0,0,0.0,,,0.0,0.0,0.62,0.25
Nathan Chavez,,,1484.2,1484.2,1500.0,1500.0,1,0,1,0.0,1,0,0,0.0,,,0.0,0.0,0.62,0.25
Jose Freitas,,,1484.2,1500.0,1483.7,1500.0,1,0,1,0.0,0,1,0,,0.0,,0.0,0.0,0.62,0.25
Mickael Kaouk,1903,1903,1484.2,1485.4,1500.0,1500.0,1,0,1,0.0,1,0,0,0.0,,,0.0,0.0,0.62,0.25
Gus Grumet,1809,1809,1484.2,1483.6,1500.0,1500.0,1,0,1,0.0,1,0,0,0.0,,,0.0,0.0,0.62,0.25
Andre Souza,2053,2053,1484.2,1500.0,1484.8,1500.0,1,0,1,0.0,0,1,0,,0.0,,0.0,0.0,0.62,0.25
Hugo Minda,,,1484.1,1500.0,1485.0,1500.0,3,1,2,0.3333,0,3,0,,0.3333,,0.3333,0.3333,0.62,0.25
Lucas Lobao,,,1484.1,1500.0,1484.1,1500.0,1,0,1,0.0,0,1,0,,0.0,,0.0,0.0,0.62,0.25
Suren Vartanyan,1857,1857,1484.1,1500.0,1486.6,1500.0,1,0,1,0.0,0,1,0,,0.0,,0.0,0.0,0.62,0.25
Alexander Gornet,,,1484.1,1484.3,1500.0,1500.0,1,0,1,0.0,1,0,0,0.0,,,0.0,0.0,0.62,0.25
Lorenzo Corioni,,,1484.1,1500.0,1484.8,1500.0,1,0,1,0.0,0,1,0,,0.0,,0.0,0.0,0.62,0.25
Juan Pablo Rodas,,,1484.1,1500.0,1484.5,1500.0,1,0,1,0.0,0,1,0,,0.0,,0.0,0.0,0.62,0.25
Michael Kerschbaumer,,,1484.1,1484.3,1500.0,1500.0,1,0,1,0.0,1,0,0,0.0,,,0.0,0.0,0.62,0.25
Frederic Stotz,,,1484.1,1486.6,1500.0,1500.0,1,0,1,0.0,1,0,0,0.0,,,0.0,0.0,0.62,0.25
Luis Gomez,,,1484.1,1500.0,1486.0,1500.0,1,0,1,0.0,0,1,0,,0.0,,0.0,0.0,0.62,0.25
Daniil Klimov,1441,1441,1484.1,1485.6,1500.0,1500.0,1,0,1,0.0,1,0,0,0.0,,,0.0,0.0,0.62,0.25
Mason Naumovski,1629,1629,1484.1,1484.1,1500.0,1500.0,1,0,1,0.0,1,0,0,0.0,,,0.0,0.0,0.62,0.25
Roy Horovitz,1571,1571,1484.1,1500.0,1483.5,1500.0,1,0,1,0.0,0,1,0,,0.0,,0.0,0.0,0.62,0.25
Gabriele Crivellaro,1401,1401,1484.1,1484.5,1500.0,1500.0,1,0,1,0.0,1,0,0,0.0,,,0.0,0.0,0.62,0.25
Nikolas Stoot,1535,1535,1484.1,1484.4,1500.0,1500.0,1,0,1,0.0,1,0,0,0.0,,,0.0,0.0,0.62,0.25
Constantin Belot,896,896,1484.0,1484.6,1500.0,1500.0,1,0,1,0.0,1,0,0,0.0,,,0.0,0.0,0.62,0.25
Jakub Grzegorczyk,,,1484.0,1500.0,1485.0,1500.0,1,0,1,0.0,0,1,0,,0.0,,0.0,0.0,0.62,0.25
Junior Tavarez Pichardo,,,1484.0,1500.0,1485.0,1500.0,1,0,1,0.0,0,1,0,,0.0,,0.0,0.0,0.62,0.25
Hugo Cardinaud,1899,1899,1484.0,1484.4,1500.0,1500.0,1,0,1,0.0,1,0,0,0.0,,,0.0,0.0,0.62,0.25
Minh Phat Nguyen,,,1484.0,1483.4,1500.0,1500.0,1,0,1,0.0,1,0,0,0.0,,,0.0,0.0,0.62,0.25
Henrique Ortenblad Nogueira,1682,1682,1484.0,1500.0,1484.0,1500.0,1,0,1,0.0,0,1,0,,0.0,,0.0,0.0,0.62,0.25
Gustav Hansson,648,648,1483.9,1500.0,1485.0,1500.0,3,1,2,0.3333,0,3,0,,0.3333,,0.3333,0.3333,0.62,0.25
Juraj Simcak,,,1483.9,1500.0,1485.4,1500.0,1,0,1,0.0,0,1,0,,0.0,,0.0,0.0,0.62,0.25
Nils Brinkman,879,879,1483.9,1500.0,1483.9,1500.0,1,0,1,0.0,0,1,0,,0.0,,0.0,0.0,0.62,0.25
Dac Tien Nguyen,,,1483.9,1484.0,1500.0,1500.0,1,0,1,0.0,1,0,0,0.0,,,0.0,0.0,0.62,0.25
Mateo Vereau Melendez,,,1483.9,1500.0,1484.0,1500.0,1,0,1,0.0,0,1,0,,0.0,,0.0,0.0,0.62,0.25
Patrick Walker,,,1483.9,1483.7,1500.0,1500.0,1,0,1,0.0,1,0,0,0.0,,,0.0,0.0,0.62,0.25
Kirill Kolganov,,,1483.9,1483.7,1500.0,1500.0,1,0,1,0.0,1,0,0,0.0,,,0.0,0.0,0.62,0.25
Filippo Verdese,,,1483.9,1500.0,1483.8,1500.0,1,0,1,0.0,0,1,0,,0.0,,0.0,0.0,0.62,0.25
Yamato Sueoka,1121,1121,1483.9,1484.7,1500.0,1500.0,1,0,1,0.0,1,0,0,0.0,,,0.0,0.0,0.62,0.25
Jake Dembo,1593,1593,1483.9,1483.6,1500.0,1500.0,1,0,1,0.0,1,0,0,0.0,,,0.0,0.0,0.62,0.25
Sam Edward Longhurst,,,1483.8,1484.3,1500.0,1500.0,3,1,2,0.3333,3,0,0,0.3333,,,0.3333,0.3333,0.62,0.25
Tomas Gerini,1550,1198,1483.8,1499.4,1486.4,1500.0,3,1,2,0.3333,2,1,0,0.5,0.0,,0.3333,0.3333,0.62,0.25
Juan Ignacio Ameal,880,880,1483.8,1500.0,1484.6,1500.0,3,1,2,0.3333,0,3,0,,0.3333,,0.3333,0.3333,0.62,0.25
Benjamin Denis Alarcon,1983,1809,1483.8,1500.0,1483.7,1500.0,3,1,2,0.3333,0,3,0,,0.3333,,0.3333,0.3333,0.62,0.25
Yi Feng Li,1867,1867,1483.8,1500.0,1485.5,1500.0,1,0,1,0.0,0,1,0,,0.0,,0.0,0.0,0.62,0.25
Victor Pham,,,1483.8,1483.6,1500.0,1500.0,1,0,1,0.0,1,0,0,0.0,,,0.0,0.0,0.62,0.25
Mateusz Smolicki,,,1483.8,1500.0,1484.0,1500.0,1,0,1,0.0,0,1,0,,0.0,,0.0,0.0,0.62,0.25
Azizbek Akhmadjonov,,,1483.8,1484.3,1500.0,1500.0,1,0,1,0.0,1,0,0,0.0,,,0.0,0.0,0.62,0.25
Lorenzo Santini,,,1483.8,1500.0,1485.4,1500.0,1,0,1,0.0,0,1,0,,0.0,,0.0,0.0,0.62,0.25
Rodion Pak,,,1483.8,1500.0,1485.4,1500.0,1,0,1,0.0,0,1,0,,0.0,,0.0,0.0,0.62,0.25
Tristan Meraut,848,848,1483.8,1486.0,1500.0,1500.0,1,0,1,0.0,1,0,0,0.0,,,0.0,0.0,0.62,0.25
Igor Banicevic,,,1483.8,1500.0,1485.0,1500.0,1,0,1,0.0,0,1,0,,0.0,,0.0,0.0,0.62,0.25
Gabriel Ciro Da Silva,1294,1294,1483.8,1500.0,1483.5,1500.0,1,0,1,0.0,0,1,0,,0.0,,0.0,0.0,0.62,0.25
Aurel Ciocanu,,,1483.8,1483.8,1500.0,1500.0,1,0,1,0.0,1,0,0,0.0,,,0.0,0.0,0.62,0.25
Felipe De Dios,2070,2070,1483.8,1500.0,1484.8,1500.0,1,0,1,0.0,0,1,0,,0.0,,0.0,0.0,0.62,0.25
Jakub Katuch,1558,1558,1483.8,1483.8,1500.0,1500.0,1,0,1,0.0,1,0,0,0.0,,,0.0,0.0,0.62,0.25
Giacomo Crisostomo,1205,1205,1483.8,1485.4,1500.0,1500.0,1,0,1,0.0,1,0,0,0.0,,,0.0,0.0,0.62,0.25
Georgii Kravchenko,556,384,1483.7,1502.5,1495.1,1500.0,67,33,34,0.4925,20,47,0,0.5,0.4894,,0.4,0.45,0.62,0.5207
Aziz Ouakaa,625,618,1483.7,1534.1,1421.5,1500.0,29,12,17,0.4138,16,13,0,0.625,0.1538,,0.5,0.5,0.62,0.4422
Matthew Summers,725,712,1483.7,1491.4,1500.0,1485.2,8,3,5,0.375,7,0,1,0.4286,,0.0,0.375,0.375,0.62,0.2923
Ezequiel Simonit,1050,1050,1483.7,1500.0,1484.1,1500.0,3,1,2,0.3333,0,3,0,,0.3333,,0.3333,0.3333,0.62,0.25
Nicholas Horton,1088,1088,1483.7,1482.9,1500.0,1500.0,2,0,2,0.0,2,0,0,0.0,,,0.0,0.0,0.62,0.25
Nicolas Ian Kotzen,1249,1239,1483.7,1483.1,1500.0,1500.0,2,0,2,0.0,2,0,0,0.0,,,0.0,0.0,0.62,0.25
Alberto Garcia Garcia,,,1483.7,1500.0,1476.5,1500.0,2,0,2,0.0,0,2,0,,0.0,,0.0,0.0,0.62,0.25
Manfred Brandes,,,1483.7,1484.4,1500.0,1500.0,1,0,1,0.0,1,0,0,0.0,,,0.0,0.0,0.62,0.25
Nikita Volonski,1338,1338,1483.7,1483.6,1500.0,1500.0,1,0,1,0.0,1,0,0,0.0,,,0.0,0.0,0.62,0.25
Cian Maguire,1720,1720,1483.7,1485.0,1500.0,1500.0,1,0,1,0.0,1,0,0,0.0,,,0.0,0.0,0.62,0.25
Mateo Barreiros Reyes,737,637,1483.6,1500.0,1489.4,1500.0,40,19,21,0.475,0,40,0,,0.475,,0.6,0.45,0.62,0.4755
Lucio Ratti,487,485,1483.6,1516.0,1470.2,1500.0,30,13,17,0.4333,3,27,0,0.6667,0.4074,,0.4,0.55,0.62,0.4459
Adrien Gobat,763,556,1483.6,1488.2,1485.8,1500.0,19,8,11,0.4211,18,1,0,0.4444,0.0,,0.4,0.4211,0.62,0.3942
Hernando Jose Escurra Isnardi,1766,992,1483.6,1482.9,1487.9,1500.0,9,3,6,0.3333,3,6,0,0.3333,0.3333,,0.3333,0.3333,0.62,0.3058
Eric Butorac,,,1483.6,1479.7,1499.6,1500.0,4,1,3,0.25,2,2,0,0.0,0.5,,0.25,0.25,0.5,0.25
Michael Shepheard,,,1483.6,1483.3,1500.0,1500.0,3,1,2,0.3333,3,0,0,0.3333,,,0.3333,0.3333,0.62,0.25
Dorian Juszczak,1815,1815,1483.6,1500.0,1482.4,1500.0,2,0,2,0.0,0,2,0,,0.0,,0.0,0.0,0.62,0.25
Jerome Inzerillo,582,582,1483.6,1500.0,1484.4,1500.0,1,0,1,0.0,0,1,0,,0.0,,0.0,0.0,0.62,0.25
Enzo Kohn,,,1483.6,1500.0,1484.7,1500.0,1,0,1,0.0,0,1,0,,0.0,,0.0,0.0,0.62,0.25
Andres Rosales Pacheco,,,1483.6,1484.3,1500.0,1500.0,1,0,1,0.0,1,0,0,0.0,,,0.0,0.0,0.62,0.25
Shane Vinsant,957,957,1483.6,1484.6,1500.0,1500.0,1,0,1,0.0,1,0,0,0.0,,,0.0,0.0,0.62,0.25
Jiajun Zhang,,,1483.6,1484.4,1500.0,1500.0,1,0,1,0.0,1,0,0,0.0,,,0.0,0.0,0.62,0.25
Zakhar Trapeznikov,,,1483.6,1484.9,1500.0,1500.0,1,0,1,0.0,1,0,0,0.0,,,0.0,0.0,0.62,0.25
Michael Ray Pallares Gonzalez,,,1483.6,1483.8,1500.0,1500.0,1,0,1,0.0,1,0,0,0.0,,,0.0,0.0,0.62,0.25
Jason Kros,,,1483.6,1483.5,1500.0,1500.0,1,0,1,0.0,1,0,0,0.0,,,0.0,0.0,0.62,0.25
Sergio Ingles Garre,,,1483.6,1500.0,1485.5,1500.0,1,0,1,0.0,0,1,0,,0.0,,0.0,0.0,0.62,0.25
Libor Salaba,531,531,1483.5,1500.0,1484.5,1500.0,3,1,2,0.3333,0,3,0,,0.3333,,0.3333,0.3333,0.62,0.25
Sasa Markovic,2208,885,1483.5,1496.4,1485.7,1500.0,3,1,2,0.3333,2,1,0,0.5,0.0,,0.3333,0.3333,0.62,0.25
Juan Jose Priego Carrilo,,,1483.5,1483.5,1500.0,1500.0,1,0,1,0.0,1,0,0,0.0,,,0.0,0.0,0.62,0.25
Giulio Giulioli,,,1483.5,1500.0,1483.8,1500.0,1,0,1,0.0,0,1,0,,0.0,,0.0,0.0,0.62,0.25
Andres Delgadillo,2132,2132,1483.5,1500.0,1483.3,1500.0,1,0,1,0.0,0,1,0,,0.0,,0.0,0.0,0.62,0.25
Zachary Fuchs,,,1483.5,1483.4,1500.0,1500.0,1,0,1,0.0,1,0,0,0.0,,,0.0,0.0,0.62,0.25
Lorenzo Rottoli,784,420,1483.4,1478.6,1475.6,1500.0,48,18,30,0.375,13,35,0,0.3846,0.3714,,0.5,0.35,0.62,0.4927
Obrad Markovski,1270,1270,1483.4,1500.0,1482.6,1500.0,3,1,2,0.3333,0,3,0,,0.3333,,0.3333,0.3333,0.62,0.25
Luis Eduardo Morfin Friebel,1547,1547,1483.4,1483.5,1500.0,1500.0,1,0,1,0.0,1,0,0,0.0,,,0.0,0.0,0.62,0.25
Konosuke Kiryu,1781,1781,1483.4,1483.4,1500.0,1500.0,1,0,1,0.0,1,0,0,0.0,,,0.0,0.0,0.62,0.25
Amer Naow,,,1483.4,1500.0,1484.7,1500.0,1,0,1,0.0,0,1,0,,0.0,,0.0,0.0,0.62,0.25
Julien Delaplane,,,1483.4,1482.3,1500.0,1500.0,1,0,1,0.0,1,0,0,0.0,,,0.0,0.0,0.62,0.25
Davide Guerra,,,1483.4,1500.0,1483.4,1500.0,1,0,1,0.0,0,1,0,,0.0,,0.0,0.0,0.62,0.25
Jia Hu,,,1483.4,1483.2,1500.0,1500.0,1,0,1,0.0,1,0,0,0.0,,,0.0,0.0,0.62,0.25
Hugo Car,1382,1382,1483.4,1484.4,1500.0,1500.0,1,0,1,0.0,1,0,0,0.0,,,0.0,0.0,0.62,0.25
Alexandru Cristian Dumitru,,,1483.4,1500.0,1484.1,1500.0,1,0,1,0.0,0,1,0,,0.0,,0.0,0.0,0.62,0.25
Mikelis Libietis,919,354,1483.3,1481.1,1500.3,1500.0,23,10,13,0.4348,19,4,0,0.4211,0.5,,0.4,0.4,0.62,0.4164
Giacomo Dambrosi,1141,758,1483.3,1472.0,1496.0,1500.0,9,3,6,0.3333,2,7,0,0.0,0.4286,,0.3333,0.3333,0.62,0.3058
Robert Willekes Macdonald,1425,1425,1483.3,1500.0,1483.6,1500.0,3,1,2,0.3333,0,3,0,,0.3333,,0.3333,0.3333,0.62,0.25
Fabian Penzkofer,,,1483.3,1484.9,1500.0,1500.0,3,1,2,0.3333,3,0,0,0.3333,,,0.3333,0.3333,0.62,0.25
Riki Oshima,,,1483.3,1500.0,1484.8,1500.0,1,0,1,0.0,0,1,0,,0.0,,0.0,0.0,0.62,0.25
Christopher Rosensteel,1676,1676,1483.3,1484.1,1500.0,1500.0,1,0,1,0.0,1,0,0,0.0,,,0.0,0.0,0.62,0.25
Gokul Suresh,,,1483.3,1483.2,1500.0,1500.0,1,0,1,0.0,1,0,0,0.0,,,0.0,0.0,0.62,0.25
Matvey Minin,1133,1133,1483.3,1500.0,1483.9,1500.0,1,0,1,0.0,0,1,0,,0.0,,0.0,0.0,0.62,0.25
Cade Birrell,1867,1867,1483.3,1484.5,1500.0,1500.0,1,0,1,0.0,1,0,0,0.0,,,0.0,0.0,0.62,0.25
Ferdinand Livet Novkirichka,1770,1770,1483.3,1500.0,1483.0,1500.0,1,0,1,0.0,0,1,0,,0.0,,0.0,0.0,0.62,0.25
Miles Clark,1732,1732,1483.3,1500.0,1483.2,1500.0,1,0,1,0.0,0,1,0,,0.0,,0.0,0.0,0.62,0.25
Mikael Arseneault,1086,1085,1483.2,1481.4,1500.0,1500.0,8,3,5,0.375,8,0,0,0.375,,,0.375,0.375,0.62,0.2923
Matthew Leffler,,,1483.2,1484.4,1500.0,1500.0,3,1,2,0.3333,3,0,0,0.3333,,,0.3333,0.3333,0.62,0.25
Yuto Sakai,1532,1532,1483.2,1483.0,1500.0,1500.0,3,1,2,0.3333,3,0,0,0.3333,,,0.3333,0.3333,0.62,0.25
Omar Awadhy,1848,1848,1483.2,1479.4,1500.0,1500.0,2,0,2,0.0,2,0,0,0.0,,,0.0,0.0,0.5,0.25
Wei Yu Su,,,1483.2,1483.2,1500.0,1500.0,1,0,1,0.0,1,0,0,0.0,,,0.0,0.0,0.62,0.25
Ryan Hardin,,,1483.2,1500.0,1484.9,1500.0,1,0,1,0.0,0,1,0,,0.0,,0.0,0.0,0.62,0.25
Francesco Giorgetti,,,1483.2,1500.0,1483.8,1500.0,1,0,1,0.0,0,1,0,,0.0,,0.0,0.0,0.62,0.25
Muhammad Shoaib,,,1483.2,1483.1,1500.0,1500.0,1,0,1,0.0,1,0,0,0.0,,,0.0,0.0,0.62,0.25
Fedor Chervyakov,822,805,1483.1,1497.5,1485.8,1500.0,7,3,4,0.4286,4,3,0,0.5,0.3333,,0.4286,0.4286,0.5514,0.25
Edoardo Lamberti,,,1483.1,1485.2,1500.0,1500.0,3,1,2,0.3333,3,0,0,0.3333,,,0.3333,0.3333,0.62,0.25
Matthew Woerndle,1859,1859,1483.1,1483.0,1500.0,1500.0,1,0,1,0.0,1,0,0,0.0,,,0.0,0.0,0.62,0.25
Cristobal Quevedo Brea,,,1483.1,1500.0,1483.2,1500.0,1,0,1,0.0,0,1,0,,0.0,,0.0,0.0,0.62,0.25
Pedro Pinto,,,1483.1,1500.0,1484.6,1500.0,1,0,1,0.0,0,1,0,,0.0,,0.0,0.0,0.62,0.25
Oswaldo Alejandro Reyes Tirado,,,1483.1,1500.0,1484.4,1500.0,1,0,1,0.0,0,1,0,,0.0,,0.0,0.0,0.62,0.25
Anas Bennour Dit Sahli,1354,1354,1483.0,1489.0,1486.8,1500.0,2,0,2,0.0,1,1,0,0.0,0.0,,0.0,0.0,0.62,0.25
Alexandros Skorilas,744,744,1483.0,1483.1,1500.0,1500.0,1,0,1,0.0,1,0,0,0.0,,,0.0,0.0,0.62,0.25
Matthew Barton,853,185,1482.9,1466.2,1511.6,1541.0,90,47,43,0.5222,72,5,13,0.5,0.6,0.6154,0.3,0.35,0.588,0.5135
Brian Tran,,,1482.9,1482.8,1500.0,1500.0,7,3,4,0.4286,7,0,0,0.4286,,,0.4286,0.4286,0.62,0.2773
Thomas Wright,,,1482.9,1482.4,1500.0,1500.0,1,0,1,0.0,1,0,0,0.0,,,0.0,0.0,0.62,0.25
Mauricio Alvarez Guzman,2078,2078,1482.9,1500.0,1484.2,1500.0,1,0,1,0.0,0,1,0,,0.0,,0.0,0.0,0.62,0.25
Ercole Di Ianni,,,1482.9,1500.0,1485.5,1500.0,1,0,1,0.0,0,1,0,,0.0,,0.0,0.0,0.62,0.25
Daniel Berdecio,,,1482.9,1500.0,1483.3,1500.0,1,0,1,0.0,0,1,0,,0.0,,0.0,0.0,0.62,0.25
Evan Sharygin,1756,1756,1482.9,1483.9,1500.0,1500.0,1,0,1,0.0,1,0,0,0.0,,,0.0,0.0,0.62,0.25
Valentin Guadagno,1585,1585,1482.9,1500.0,1483.0,1500.0,1,0,1,0.0,0,1,0,,0.0,,0.0,0.0,0.62,0.25
David Pichler,908,391,1482.8,1459.4,1462.5,1500.0,100,39,61,0.39,32,68,0,0.375,0.3971,,0.4,0.35,0.6188,0.5469
Khololwam Montsi,1732,1597,1482.8,1479.1,1500.0,1500.0,4,1,3,0.25,4,0,0,0.25,,,0.25,0.25,0.62,0.25
Enzo Frances Tessari,1348,1348,1482.8,1469.5,1500.0,1500.0,4,1,3,0.25,4,0,0,0.25,,,0.25,0.25,0.62,0.25
Ty Host,1838,1832,1482.8,1481.1,1500.0,1500.0,3,1,2,0.3333,3,0,0,0.3333,,,0.3333,0.3333,0.62,0.25
Jack Satterfield,1899,1781,1482.8,1488.1,1488.4,1500.0,2,0,2,0.0,1,1,0,0.0,0.0,,0.0,0.0,0.56,0.25
Orel Ovil,1415,1415,1482.8,1485.4,1500.0,1500.0,1,0,1,0.0,1,0,0,0.0,,,0.0,0.0,0.62,0.25
Siim Troost,1579,1579,1482.8,1500.0,1483.3,1500.0,1,0,1,0.0,0,1,0,,0.0,,0.0,0.0,0.62,0.25
Santiago Ruiz Velasco,,,1482.8,1483.7,1500.0,1500.0,1,0,1,0.0,1,0,0,0.0,,,0.0,0.0,0.62,0.25
Cezar Gabriel Papoe,1078,1078,1482.8,1500.0,1483.3,1500.0,1,0,1,0.0,0,1,0,,0.0,,0.0,0.0,0.62,0.25
Maxwell Mckennon,530,468,1482.7,1483.4,1497.0,1500.0,37,18,19,0.4865,26,11,0,0.4615,0.5455,,0.5,0.5,0.62,0.4678
Boy Westerhof,421,208,1482.7,1474.1,1501.0,1487.9,18,7,11,0.3889,2,13,3,0.0,0.4615,0.3333,0.5,0.3889,0.5867,0.367
Aljaz Radinski,1695,832,1482.7,1484.8,1499.7,1500.0,7,3,4,0.4286,5,2,0,0.4,0.5,,0.4286,0.4286,0.62,0.2773
Dominik Recek,1014,1014,1482.7,1500.0,1481.3,1500.0,6,2,4,0.3333,0,6,0,,0.3333,,0.3333,0.3333,0.62,0.2605
Samuel Ribeiro Navarrete,847,802,1482.7,1500.0,1482.2,1500.0,3,1,2,0.3333,0,3,0,,0.3333,,0.3333,0.3333,0.62,0.25
Joran Vliegen,598,589,1482.7,1486.6,1496.9,1500.0,3,1,2,0.3333,1,2,0,0.0,0.5,,0.3333,0.3333,0.62,0.25
Teodor Dacian Craciun,1239,1239,1482.7,1500.0,1482.6,1500.0,1,0,1,0.0,0,1,0,,0.0,,0.0,0.0,0.62,0.25
Chris Harrison,,,1482.7,1483.5,1500.0,1500.0,1,0,1,0.0,1,0,0,0.0,,,0.0,0.0,0.62,0.25
Thomas Pavlekovich Smith,,,1482.7,1483.5,1500.0,1500.0,1,0,1,0.0,1,0,0,0.0,,,0.0,0.0,0.62,0.25
Kuang Qing Xu,1852,1852,1482.7,1483.3,1500.0,1500.0,1,0,1,0.0,1,0,0,0.0,,,0.0,0.0,0.62,0.25
Anders Matta,,,1482.6,1486.1,1496.6,1500.0,4,1,3,0.25,1,3,0,0.0,0.3333,,0.25,0.25,0.62,0.25
Rafael Giotis,1624,1624,1482.6,1485.8,1500.0,1500.0,3,1,2,0.3333,3,0,0,0.3333,,,0.3333,0.3333,0.62,0.25
Benjamin Vandixhorn,,,1482.6,1482.6,1500.0,1500.0,1,0,1,0.0,1,0,0,0.0,,,0.0,0.0,0.62,0.25
Xiao Qi,,,1482.6,1483.9,1500.0,1500.0,1,0,1,0.0,1,0,0,0.0,,,0.0,0.0,0.62,0.25
Joao Portugal,,,1482.6,1500.0,1483.6,1500.0,1,0,1,0.0,0,1,0,,0.0,,0.0,0.0,0.62,0.25
Gabriele Pennaforti,613,386,1482.5,1500.0,1480.3,1500.0,41,16,25,0.3902,0,41,0,,0.3902,,0.4,0.4,0.62,0.4779
Tiago Lopes,1003,467,1482.5,1483.4,1502.4,1500.0,17,8,9,0.4706,3,14,0,0.3333,0.5,,0.5,0.4706,0.6059,0.3724
Felipe Assuncao Garla,1540,1540,1482.5,1497.7,1484.4,1500.0,3,1,2,0.3333,2,1,0,0.5,0.0,,0.3333,0.3333,0.62,0.25
Ivan Sergeyev,1593,1593,1482.5,1500.0,1486.9,1500.0,3,1,2,0.3333,0,3,0,,0.3333,,0.3333,0.3333,0.62,0.25
Antonio Ruiz,,,1482.5,1483.3,1500.0,1500.0,1,0,1,0.0,1,0,0,0.0,,,0.0,0.0,0.62,0.25
Joel Kielbowicz,,,1482.5,1481.9,1500.0,1500.0,1,0,1,0.0,1,0,0,0.0,,,0.0,0.0,0.62,0.25
Omar Suarez,,,1482.5,1483.9,1500.0,1500.0,1,0,1,0.0,1,0,0,0.0,,,0.0,0.0,0.62,0.25
Ricardo Rodriguez,578,359,1482.4,1500.2,1465.1,1500.0,40,18,22,0.45,23,17,0,0.4783,0.4118,,0.3,0.4,0.617,0.4732
Alan Magadan,692,692,1482.4,1493.0,1483.4,1500.0,26,12,14,0.4615,17,9,0,0.4706,0.4444,,0.3,0.4,0.6015,0.4174
Arthur Nagel,462,462,1482.4,1484.0,1489.6,1500.0,7,2,5,0.2857,4,3,0,0.25,0.3333,,0.2857,0.2857,0.62,0.2773
George Houghton,981,978,1482.4,1478.0,1500.0,1500.0,4,1,3,0.25,4,0,0,0.25,,,0.25,0.25,0.62,0.25
Alex Chang,1216,1216,1482.4,1483.1,1500.0,1500.0,1,0,1,0.0,1,0,0,0.0,,,0.0,0.0,0.62,0.25
Kuan Shou Chen,,,1482.4,1484.1,1500.0,1500.0,1,0,1,0.0,1,0,0,0.0,,,0.0,0.0,0.62,0.25
Michele Vianello,,,1482.3,1500.0,1478.1,1500.0,2,0,2,0.0,0,2,0,,0.0,,0.0,0.0,0.62,0.25
Alaa Trifi,1616,1616,1482.3,1485.7,1492.1,1500.0,2,0,2,0.0,1,1,0,0.0,0.0,,0.0,0.0,0.62,0.25
Ivan Kosec,,,1482.3,1500.0,1482.5,1500.0,1,0,1,0.0,0,1,0,,0.0,,0.0,0.0,0.62,0.25
Adil Karimov,,,1482.3,1482.5,1500.0,1500.0,1,0,1,0.0,1,0,0,0.0,,,0.0,0.0,0.62,0.25
Cristian Felipe Sanchez Rojas,,,1482.3,1486.0,1500.0,1500.0,1,0,1,0.0,1,0,0,0.0,,,0.0,0.0,0.62,0.25
Zane Stevens,1454,1454,1482.3,1484.2,1500.0,1500.0,1,0,1,0.0,1,0,0,0.0,,,0.0,0.0,0.62,0.25
N Sriram Balaji,1140,287,1482.2,1440.0,1525.1,1486.0,85,35,50,0.4118,62,22,1,0.3548,0.5909,0.0,0.3,0.4,0.6158,0.5341
Nicolas Meister,360,268,1482.2,1476.0,1500.0,1500.0,53,27,26,0.5094,53,0,0,0.5094,,,0.2,0.35,0.6155,0.4979
James Ibrahim,1403,1398,1482.2,1483.2,1500.0,1500.0,7,3,4,0.4286,7,0,0,0.4286,,,0.4286,0.4286,0.62,0.2773
David Koch Carrillo,,,1482.2,1500.0,1483.5,1500.0,1,0,1,0.0,0,1,0,,0.0,,0.0,0.0,0.62,0.25
Nenad Zimonjic,,,1482.2,1483.3,1500.0,1500.0,1,0,1,0.0,1,0,0,0.0,,,0.0,0.0,0.62,0.25
Rafael Kis Balazs,,,1482.2,1500.0,1486.3,1500.0,1,0,1,0.0,0,1,0,,0.0,,0.0,0.0,0.62,0.25
Leonardo Suarez,1956,1956,1482.2,1500.0,1483.0,1500.0,1,0,1,0.0,0,1,0,,0.0,,0.0,0.0,0.62,0.25
Roman Postolka,1777,1777,1482.2,1500.0,1482.2,1500.0,1,0,1,0.0,0,1,0,,0.0,,0.0,0.0,0.62,0.25
Timo Legout,763,420,1482.1,1477.5,1498.9,1500.0,18,7,11,0.3889,13,5,0,0.3846,0.4,,0.4,0.3889,0.6067,0.3795
Asahi Harazaki,1299,1287,1482.1,1483.0,1500.0,1500.0,5,2,3,0.4,5,0,0,0.4,,,0.4,0.4,0.62,0.25
Daniel Windahl,961,961,1482.1,1489.5,1491.3,1500.0,2,0,2,0.0,1,1,0,0.0,0.0,,0.0,0.0,0.56,0.25
Markus Molder,1148,1148,1482.1,1479.7,1500.0,1500.0,2,0,2,0.0,2,0,0,0.0,,,0.0,0.0,0.62,0.25
Krystof Zapsky,,,1482.1,1500.0,1482.7,1500.0,1,0,1,0.0,0,1,0,,0.0,,0.0,0.0,0.62,0.25
Glenn Smits,1361,1361,1482.1,1482.5,1500.0,1500.0,1,0,1,0.0,1,0,0,0.0,,,0.0,0.0,0.62,0.25
Niels Desein,453,155,1482.0,1539.9,1406.8,1449.6,71,28,43,0.3944,53,14,4,0.4906,0.1429,0.0,0.5,0.45,0.598,0.5064
Nam Hoang Ly,478,234,1481.9,1479.1,1491.2,1500.0,75,34,41,0.4533,70,5,0,0.4571,0.4,,0.3,0.35,0.6184,0.5277
Guillaume Dalmasso,701,676,1481.9,1497.3,1479.5,1500.0,15,7,8,0.4667,12,3,0,0.5,0.3333,,0.5,0.4667,0.62,0.3662
Martin Antonio Vergara Del Puerto,,,1481.9,1500.0,1484.6,1500.0,3,1,2,0.3333,0,3,0,,0.3333,,0.3333,0.3333,0.62,0.25
Boris Fassbender,1586,1551,1481.9,1494.2,1487.1,1500.0,2,0,2,0.0,1,1,0,0.0,0.0,,0.0,0.0,0.56,0.25
Paride Mangiaterra,,,1481.9,1484.2,1500.0,1500.0,1,0,1,0.0,1,0,0,0.0,,,0.0,0.0,0.62,0.25
Filippo Baldi,492,144,1481.8,1495.7,1465.7,1464.8,183,83,100,0.4536,59,121,3,0.4576,0.4628,0.0,0.3,0.4,0.6062,0.5646
Simohamed Hirs,2002,2002,1481.8,1500.0,1482.6,1500.0,3,1,2,0.3333,0,3,0,,0.3333,,0.3333,0.3333,0.62,0.25
Carl Roothman,,,1481.8,1483.2,1500.0,1500.0,3,1,2,0.3333,3,0,0,0.3333,,,0.3333,0.3333,0.62,0.25
Giovanni David,,,1481.8,1500.0,1483.8,1500.0,1,0,1,0.0,0,1,0,,0.0,,0.0,0.0,0.62,0.25
Lucas Yunez,,,1481.8,1500.0,1482.1,1500.0,1,0,1,0.0,0,1,0,,0.0,,0.0,0.0,0.62,0.25
Edan Leshem,678,250,1481.7,1461.2,1489.7,1500.0,150,67,83,0.4467,145,3,2,0.4483,0.3333,0.5,0.3,0.35,0.6144,0.564
Igor Gimenez,565,565,1481.7,1500.0,1485.7,1500.0,55,25,30,0.4545,0,55,0,,0.4545,,0.5,0.5,0.62,0.5047
Diego Matos,,,1481.6,1500.0,1481.6,1500.0,1,0,1,0.0,0,1,0,,0.0,,0.0,0.0,0.62,0.25
Alex Marti Pujolras,423,328,1481.5,1506.3,1465.1,1500.0,83,36,47,0.4337,2,81,0,0.5,0.4321,,0.2,0.35,0.6142,0.5311
Ryan Shane,668,333,1481.5,1484.5,1469.4,1500.0,76,31,45,0.4079,67,9,0,0.4179,0.3333,,0.3,0.35,0.6089,0.5206
Taiyo Yamanaka,821,791,1481.5,1480.2,1500.0,1500.0,9,4,5,0.4444,9,0,0,0.4444,,,0.4444,0.4444,0.62,0.3058
Georgi Georgiev,1309,879,1481.5,1505.6,1471.5,1500.0,7,2,5,0.2857,3,4,0,0.3333,0.25,,0.2857,0.2857,0.5686,0.2543
Fryderyk Lechno Wasiutynski,791,791,1481.5,1490.8,1486.5,1500.0,6,2,4,0.3333,5,1,0,0.4,0.0,,0.3333,0.3333,0.62,0.2605
Saveliy Ivanov,948,928,1481.5,1479.9,1500.0,1500.0,5,2,3,0.4,5,0,0,0.4,,,0.4,0.4,0.62,0.25
Corey Craig,1395,1374,1481.5,1473.9,1500.0,1500.0,2,0,2,0.0,2,0,0,0.0,,,0.0,0.0,0.62,0.25
Iiro Vasa,1841,946,1481.4,1515.7,1460.4,1500.0,6,2,4,0.3333,3,3,0,0.6667,0.0,,0.3333,0.3333,0.62,0.2605
Linus Frost,1390,1390,1481.4,1500.0,1482.6,1500.0,5,2,3,0.4,0,5,0,,0.4,,0.4,0.4,0.62,0.25
Filippo Giorgetti,1850,1850,1481.4,1500.0,1482.7,1500.0,3,1,2,0.3333,0,3,0,,0.3333,,0.3333,0.3333,0.62,0.25
Jerko Brkic,,,1481.4,1500.0,1481.2,1500.0,2,0,2,0.0,0,2,0,,0.0,,0.0,0.0,0.56,0.25
Junior Hakizumwami,,,1481.4,1500.0,1480.9,1500.0,2,0,2,0.0,0,2,0,,0.0,,0.0,0.0,0.62,0.25
Matteo Mura,,,1481.4,1476.8,1500.0,1500.0,2,0,2,0.0,2,0,0,0.0,,,0.0,0.0,0.62,0.25
Ondrej Horak,1471,1471,1481.4,1500.0,1484.3,1500.0,1,0,1,0.0,0,1,0,,0.0,,0.0,0.0,0.62,0.25
Leanid Boika,1291,1291,1481.4,1481.4,1500.0,1500.0,1,0,1,0.0,1,0,0,0.0,,,0.0,0.0,0.62,0.25
Tomas Marin,1882,1882,1481.4,1481.5,1500.0,1500.0,1,0,1,0.0,1,0,0,0.0,,,0.0,0.0,0.62,0.25
Juan Miguel Bolivar Idarraga,,,1481.4,1500.0,1482.6,1500.0,1,0,1,0.0,0,1,0,,0.0,,0.0,0.0,0.62,0.25
Arslanbek Aitkulov,1335,1335,1481.3,1479.0,1500.0,1500.0,4,1,3,0.25,4,0,0,0.25,,,0.25,0.25,0.59,0.25
Fabio Mercuri,1678,1118,1481.3,1496.3,1485.0,1500.0,3,1,2,0.3333,2,1,0,0.5,0.0,,0.3333,0.3333,0.62,0.25
Akanit Pumjit,,,1481.3,1481.9,1500.0,1500.0,1,0,1,0.0,1,0,0,0.0,,,0.0,0.0,0.62,0.25
Luca Pancaldi,691,637,1481.2,1511.4,1470.8,1500.0,9,4,5,0.4444,7,2,0,0.5714,0.0,,0.4444,0.4444,0.62,0.3058
Bruno Soares,,,1481.2,1477.4,1500.0,1500.0,2,0,2,0.0,2,0,0,0.0,,,0.0,0.0,0.5,0.25
Attila Boros,1675,1251,1481.2,1500.0,1481.6,1500.0,2,0,2,0.0,0,2,0,,0.0,,0.0,0.0,0.62,0.25
Jibril Nettles,,,1481.2,1489.4,1490.8,1500.0,2,0,2,0.0,1,1,0,0.0,0.0,,0.0,0.0,0.62,0.25
Bruno Caula,,,1481.2,1500.0,1483.0,1500.0,1,0,1,0.0,0,1,0,,0.0,,0.0,0.0,0.62,0.25
Ilya Snitari,636,506,1481.1,1491.8,1488.6,1500.0,21,9,12,0.4286,7,14,0,0.4286,0.4286,,0.5,0.4,0.62,0.4059
Daniel Lara Salmeron,1800,1800,1481.1,1500.0,1483.1,1500.0,2,0,2,0.0,0,2,0,,0.0,,0.0,0.0,0.62,0.25
Mario Andre Galarraga,,,1481.1,1500.0,1480.4,1500.0,1,0,1,0.0,0,1,0,,0.0,,0.0,0.0,0.62,0.25
Tomas Papik,542,486,1481.0,1508.6,1459.7,1500.0,14,6,8,0.4286,7,7,0,0.5714,0.2857,,0.5,0.4286,0.62,0.358
Xiaofei Wang,885,726,1481.0,1482.3,1500.0,1500.0,13,5,8,0.3846,13,0,0,0.3846,,,0.4,0.3846,0.62,0.3491
Victor Krustev,,,1481.0,1481.0,1500.0,1500.0,3,1,2,0.3333,3,0,0,0.3333,,,0.3333,0.3333,0.62,0.25
Tomas Dummer Macedo,1865,1865,1481.0,1500.0,1481.0,1500.0,1,0,1,0.0,0,1,0,,0.0,,0.0,0.0,0.62,0.25
Tatsuma Ito,830,89,1480.9,1506.9,1399.9,1491.7,344,181,163,0.5262,300,13,31,0.5467,0.0769,0.5161,0.4,0.4,0.5938,0.5711
Joan Torres Espinosa,,,1480.9,1479.3,1500.0,1500.0,2,0,2,0.0,2,0,0,0.0,,,0.0,0.0,0.62,0.25
Besir Durguti,,,1480.9,1500.0,1481.9,1500.0,1,0,1,0.0,0,1,0,,0.0,,0.0,0.0,0.62,0.25
Cristopher Kohl,,,1480.8,1500.0,1481.5,1500.0,3,1,2,0.3333,0,3,0,,0.3333,,0.3333,0.3333,0.62,0.25
Catalin Ionut Gard,1035,1035,1480.8,1481.3,1500.0,1500.0,2,0,2,0.0,2,0,0,0.0,,,0.0,0.0,0.5,0.25
Alexander Zederbauer,,,1480.8,1500.0,1478.7,1500.0,2,0,2,0.0,0,2,0,,0.0,,0.0,0.0,0.62,0.25
Andre Ghem,587,118,1480.7,1525.6,1486.9,1476.3,161,79,82,0.4907,36,123,2,0.5,0.4959,0.0,0.3,0.4,0.6014,0.555
Santiago De La Fuente,646,618,1480.7,1500.0,1483.4,1500.0,51,23,28,0.451,0,51,0,,0.451,,0.5,0.4,0.62,0.4982
Dekel Bar,605,604,1480.7,1480.4,1500.0,1500.0,8,3,5,0.375,8,0,0,0.375,,,0.375,0.375,0.62,0.2923
Chih Chi Huang,1373,1373,1480.7,1476.0,1500.0,1500.0,2,0,2,0.0,2,0,0,0.0,,,0.0,0.0,0.62,0.25
Nicolas Alberto Arreche,616,616,1480.6,1500.0,1481.0,1500.0,11,5,6,0.4545,0,11,0,,0.4545,,0.4,0.4545,0.62,0.3293
Darren K Polkinghorne,991,991,1480.6,1477.6,1500.0,1500.0,8,3,5,0.375,8,0,0,0.375,,,0.375,0.375,0.62,0.2923
Daniel Adeleye,,,1480.6,1482.0,1500.0,1500.0,3,1,2,0.3333,3,0,0,0.3333,,,0.3333,0.3333,0.62,0.25
Peter Polansky,282,110,1480.5,1498.6,1406.0,1469.3,331,163,168,0.4924,260,49,22,0.5346,0.3061,0.4091,0.2,0.3,0.5917,0.5682
Kuan Yi Lee,643,452,1480.5,1476.3,1500.0,1500.0,39,18,21,0.4615,39,0,0,0.4615,,,0.4,0.3,0.62,0.473
Leonardo Rossi,710,616,1480.4,1492.6,1503.7,1485.7,10,4,6,0.4,7,2,1,0.4286,0.5,0.0,0.4,0.4,0.62,0.3181
Hantao Liu,,,1480.4,1497.3,1484.9,1500.0,5,2,3,0.4,2,3,0,0.5,0.3333,,0.4,0.4,0.62,0.25
Patrick Grigoriu,,,1480.4,1498.4,1485.5,1500.0,3,1,2,0.3333,2,1,0,0.5,0.0,,0.3333,0.3333,0.62,0.25
Matt Kleiman,1766,1766,1480.4,1500.0,1480.6,1500.0,1,0,1,0.0,0,1,0,,0.0,,0.0,0.0,0.62,0.25
Fredrik Ask,1544,1544,1480.3,1482.4,1498.1,1500.0,5,2,3,0.4,3,2,0,0.3333,0.5,,0.4,0.4,0.62,0.25
Gregoire Jacq,412,348,1480.2,1483.8,1480.2,1500.0,62,28,34,0.4516,32,30,0,0.4375,0.4667,,0.2,0.4,0.6181,0.513
Damon Gooch,1882,867,1480.2,1478.3,1500.1,1500.0,20,9,11,0.45,18,2,0,0.4444,0.5,,0.4,0.45,0.614,0.3963
Panu Virtanen,1604,1604,1480.2,1500.0,1479.4,1500.0,2,0,2,0.0,0,2,0,,0.0,,0.0,0.0,0.62,0.25
Omar Jasika,463,177,1480.1,1470.8,1436.9,1423.9,246,110,136,0.4472,224,13,9,0.4777,0.1538,0.1111,0.3,0.3,0.6073,0.5755
Andrew Fenty,388,388,1480.1,1487.2,1476.2,1500.0,53,19,34,0.3585,49,4,0,0.3673,0.25,,0.2,0.4,0.6064,0.4905
David Rice,522,420,1480.1,1486.1,1500.0,1489.2,6,2,4,0.3333,3,0,3,0.3333,,0.3333,0.3333,0.3333,0.6,0.2521
Adam Moundir,461,461,1480.1,1486.9,1493.7,1500.0,2,0,2,0.0,1,1,0,0.0,0.0,,0.0,0.0,0.56,0.25
Gabor Mathe,,,1480.1,1500.0,1480.8,1500.0,1,0,1,0.0,0,1,0,,0.0,,0.0,0.0,0.62,0.25
Gonzalo Lama,517,160,1480.0,1425.6,1489.4,1486.5,219,101,118,0.4612,18,200,1,0.2778,0.48,0.0,0.3,0.5,0.6112,0.5755
Lewie Lane,865,865,1480.0,1500.0,1477.4,1500.0,4,1,3,0.25,0,4,0,,0.25,,0.25,0.25,0.59,0.25
Linus Lagerbohm,,,1480.0,1491.2,1487.9,1500.0,2,0,2,0.0,1,1,0,0.0,0.0,,0.0,0.0,0.62,0.25
Marcos Lee Chan Baratau,1333,1333,1479.9,1500.0,1477.1,1500.0,4,1,3,0.25,0,4,0,,0.25,,0.25,0.25,0.62,0.25
Ronit Karki,953,953,1479.9,1490.0,1484.8,1500.0,4,1,3,0.25,1,3,0,0.0,0.3333,,0.25,0.25,0.62,0.25
Hans Podlipnik Castillo,1087,157,1479.8,1454.0,1500.2,1477.3,105,45,60,0.4286,14,89,2,0.2857,0.4607,0.0,0.3,0.5,0.604,0.5367
Michal Krajci,584,584,1479.8,1478.8,1482.2,1500.0,12,4,8,0.3333,10,2,0,0.4,0.0,,0.4,0.3333,0.62,0.3396
Kristijan Mesaros,252,227,1479.8,1487.1,1491.9,1500.0,7,2,5,0.2857,1,6,0,0.0,0.3333,,0.2857,0.2857,0.5514,0.25
Samuele Ramazzotti,609,609,1479.8,1505.4,1475.8,1500.0,6,2,4,0.3333,4,2,0,0.5,0.0,,0.3333,0.3333,0.62,0.2605
Chirag Duhan,933,933,1479.8,1479.7,1500.0,1500.0,4,1,3,0.25,4,0,0,0.25,,,0.25,0.25,0.62,0.25
Benjamin Hannestad,1164,1007,1479.8,1485.0,1489.8,1500.0,2,0,2,0.0,1,1,0,0.0,0.0,,0.0,0.0,0.62,0.25
Jamie Davis,,,1479.8,1473.3,1500.0,1500.0,2,0,2,0.0,2,0,0,0.0,,,0.0,0.0,0.62,0.25
Adrien Bossel,558,266,1479.7,1510.2,1444.4,1512.7,80,36,44,0.45,52,17,11,0.4615,0.3529,0.5455,0.3,0.4,0.599,0.5155
Matthew Kandath,,,1479.7,1478.9,1500.0,1500.0,4,1,3,0.25,4,0,0,0.25,,,0.25,0.25,0.62,0.25
Jabor Al Mutawa,,,1479.7,1475.5,1500.0,1500.0,3,0,3,0.0,3,0,0,0.0,,,0.0,0.0,0.5,0.25
Pietro Romeo Scomparin,1038,1038,1479.7,1500.0,1480.3,1500.0,2,0,2,0.0,0,2,0,,0.0,,0.0,0.0,0.62,0.25
Amaury Raynel,707,687,1479.6,1500.8,1477.0,1500.0,11,4,7,0.3636,2,9,0,0.5,0.3333,,0.4,0.3636,0.62,0.3293
Juan Ignacio Batalla,1471,1437,1479.6,1478.7,1500.0,1500.0,4,1,3,0.25,4,0,0,0.25,,,0.25,0.25,0.59,0.25
Dong Hak Sin,1699,1379,1479.6,1477.7,1500.0,1500.0,2,0,2,0.0,2,0,0,0.0,,,0.0,0.0,0.62,0.25
Elyas Abdulnabi,,,1479.6,1479.2,1500.0,1500.0,2,0,2,0.0,2,0,0,0.0,,,0.0,0.0,0.62,0.25
Atharva Sharma,2227,2227,1479.6,1481.5,1500.0,1500.0,1,0,1,0.0,1,0,0,0.0,,,0.0,0.0,0.62,0.25
Jacopo Stefanini,848,615,1479.5,1500.0,1479.7,1500.0,6,2,4,0.3333,0,6,0,,0.3333,,0.3333,0.3333,0.62,0.2605
Alex Santino Nunez Vera,1819,1819,1479.5,1500.0,1479.0,1500.0,2,0,2,0.0,0,2,0,,0.0,,0.0,0.0,0.62,0.25
Gabrielius Guzauskas,1682,1682,1479.5,1479.4,1500.0,1500.0,1,0,1,0.0,1,0,0,0.0,,,0.0,0.0,0.62,0.25
Akram El Sallaly,2001,1245,1479.4,1489.6,1494.2,1500.0,5,2,3,0.4,1,4,0,0.0,0.5,,0.4,0.4,0.62,0.25
Jeffrey Hsu,,,1479.4,1482.1,1500.0,1500.0,1,0,1,0.0,1,0,0,0.0,,,0.0,0.0,0.62,0.25
Zack Vialla,1612,1397,1479.3,1477.9,1500.0,1500.0,4,1,3,0.25,4,0,0,0.25,,,0.25,0.25,0.62,0.25
Lukas Hellum Lilleengen,1753,1753,1479.3,1500.0,1481.0,1500.0,1,0,1,0.0,0,1,0,,0.0,,0.0,0.0,0.62,0.25
Oskar Brostrom Poulsen,780,780,1479.2,1482.1,1500.0,1500.0,5,2,3,0.4,5,0,0,0.4,,,0.4,0.4,0.62,0.25
Jose Fernandez,,,1479.2,1500.0,1479.7,1500.0,1,0,1,0.0,0,1,0,,0.0,,0.0,0.0,0.62,0.25
Benjamin Lock,337,314,1479.1,1471.6,1454.6,1487.3,171,67,104,0.3918,128,42,1,0.4062,0.3571,0.0,0.4,0.45,0.6158,0.5708
Alejandro Gomez Gb42,511,352,1479.1,1465.8,1501.9,1500.0,86,40,46,0.4651,47,39,0,0.4681,0.4615,,0.4,0.45,0.6158,0.5349
Aziz Dadabaev,,,1479.1,1478.1,1500.0,1500.0,5,2,3,0.4,5,0,0,0.4,,,0.4,0.4,0.62,0.25
Valentin Lapalu,1387,1358,1479.1,1479.7,1500.0,1500.0,2,0,2,0.0,2,0,0,0.0,,,0.0,0.0,0.62,0.25
Fabrizio Karol Pio Osti,2113,2113,1479.1,1500.0,1479.0,1500.0,2,0,2,0.0,0,2,0,,0.0,,0.0,0.0,0.62,0.25
Teymuraz Gabashvili,267,50,1479.0,1555.9,1399.7,1509.6,277,137,140,0.4946,186,88,3,0.5215,0.4318,0.6667,0.4,0.4,0.6035,0.5752
Antal Van Der Duim,223,219,1479.0,1473.2,1497.4,1500.0,17,6,11,0.3529,7,10,0,0.2857,0.4,,0.3,0.3529,0.5988,0.3681
Christos Antonopoulos,1986,1643,1479.0,1477.8,1500.0,1500.0,2,0,2,0.0,2,0,0,0.0,,,0.0,0.0,0.62,0.25
Roy Hobbs,1424,1424,1478.9,1478.3,1500.0,1500.0,2,0,2,0.0,2,0,0,0.0,,,0.0,0.0,0.5,0.25
Leonardo Mazzucchelli,,,1478.9,1477.1,1500.0,1500.0,2,0,2,0.0,2,0,0,0.0,,,0.0,0.0,0.62,0.25
Alessio Vasquez Gehrke,1213,1213,1478.9,1500.0,1478.3,1500.0,2,0,2,0.0,0,2,0,,0.0,,0.0,0.0,0.62,0.25
Isade Juneau,1393,1393,1478.8,1477.4,1500.0,1500.0,2,0,2,0.0,2,0,0,0.0,,,0.0,0.0,0.56,0.25
Richard Zusman,1663,1663,1478.8,1485.9,1487.8,1500.0,2,0,2,0.0,1,1,0,0.0,0.0,,0.0,0.0,0.62,0.25
Arthur Bonnaud,1162,1162,1478.8,1491.4,1488.0,1500.0,2,0,2,0.0,1,1,0,0.0,0.0,,0.0,0.0,0.62,0.25
Michael Mathayomchand,,,1478.7,1477.9,1500.0,1500.0,2,0,2,0.0,2,0,0,0.0,,,0.0,0.0,0.62,0.25
Bohua Dong,1532,1530,1478.7,1478.8,1500.0,1500.0,2,0,2,0.0,2,0,0,0.0,,,0.0,0.0,0.56,0.25
Walter Trusendi,623,374,1478.6,1484.1,1498.4,1500.0,52,25,27,0.4808,9,43,0,0.4444,0.4884,,0.5,0.4,0.6177,0.498
Theo Papamalamis,596,596,1478.6,1471.2,1499.4,1500.0,18,7,11,0.3889,13,5,0,0.3846,0.4,,0.4,0.3889,0.6,0.3753
Andreas Mies,1206,1088,1478.6,1471.5,1509.7,1500.0,13,6,7,0.4615,2,11,0,0.0,0.5455,,0.3,0.4615,0.62,0.3491
Martin Vaisse,600,313,1478.6,1463.5,1515.1,1500.0,8,3,5,0.375,5,3,0,0.2,0.6667,,0.375,0.375,0.605,0.2852
Chengze Lu,,,1478.6,1489.9,1489.7,1500.0,4,1,3,0.25,3,1,0,0.3333,0.0,,0.25,0.25,0.62,0.25
Andrea Trapani,1622,1622,1478.6,1500.0,1478.0,1500.0,2,0,2,0.0,0,2,0,,0.0,,0.0,0.0,0.62,0.25
Matyas Fuele,554,554,1478.6,1500.0,1477.4,1500.0,2,0,2,0.0,0,2,0,,0.0,,0.0,0.0,0.62,0.25
Sven Lah,1945,1799,1478.5,1478.5,1500.0,1500.0,4,1,3,0.25,4,0,0,0.25,,,0.25,0.25,0.62,0.25
Miguel Garcia,1263,1259,1478.5,1472.2,1500.0,1500.0,2,0,2,0.0,2,0,0,0.0,,,0.0,0.0,0.62,0.25
Federico Campana,1236,1055,1478.5,1500.0,1478.3,1500.0,2,0,2,0.0,0,2,0,,0.0,,0.0,0.0,0.62,0.25
Dimitris Sakellaridis,677,677,1478.4,1472.5,1500.0,1500.0,6,2,4,0.3333,6,0,0,0.3333,,,0.3333,0.3333,0.62,0.2605
Christian Seraphim,1092,1092,1478.4,1483.3,1484.6,1500.0,5,1,4,0.2,4,1,0,0.25,0.0,,0.2,0.2,0.596,0.25
Shahbaaz Khan,1365,1365,1478.4,1478.1,1500.0,1500.0,4,1,3,0.25,4,0,0,0.25,,,0.25,0.25,0.59,0.25
Lukas Vejvara,1348,1348,1478.4,1500.0,1479.6,1500.0,2,0,2,0.0,0,2,0,,0.0,,0.0,0.0,0.62,0.25
Norbert Tadyszak,,,1478.4,1500.0,1477.4,1500.0,2,0,2,0.0,0,2,0,,0.0,,0.0,0.0,0.62,0.25
Isaiah Strode,720,720,1478.3,1486.4,1485.2,1500.0,17,7,10,0.4118,10,7,0,0.4,0.4286,,0.3,0.4118,0.6129,0.3767
Jorge Hernando Ruano,1277,747,1478.3,1480.8,1500.0,1500.0,6,2,4,0.3333,6,0,0,0.3333,,,0.3333,0.3333,0.62,0.2605
Giulio Colacioppo,,,1478.3,1500.0,1475.3,1500.0,2,0,2,0.0,0,2,0,,0.0,,0.0,0.0,0.62,0.25
Aleksandre Bakshi,538,448,1478.2,1482.2,1486.6,1500.0,42,22,20,0.5238,41,1,0,0.5366,0.0,,0.2,0.4,0.62,0.4802
Daniel Appelgren,994,719,1478.2,1484.1,1486.0,1500.0,9,3,6,0.3333,1,8,0,0.0,0.375,,0.3333,0.3333,0.5933,0.2926
Sven Lemstra,,,1478.2,1476.5,1500.0,1500.0,2,0,2,0.0,2,0,0,0.0,,,0.0,0.0,0.62,0.25
Daniel Cukierman,1446,357,1478.1,1470.9,1499.6,1485.4,104,46,58,0.4423,58,45,1,0.4138,0.4889,0.0,0.3,0.35,0.6188,0.5493
Alan Wazny,1768,1702,1478.1,1500.0,1475.4,1500.0,3,0,3,0.0,0,3,0,,0.0,,0.0,0.0,0.62,0.25
Evan Burnett,1514,1514,1478.1,1474.8,1500.0,1500.0,2,0,2,0.0,2,0,0,0.0,,,0.0,0.0,0.62,0.25
Rodrigo Varillas,,,1478.1,1500.0,1477.0,1500.0,2,0,2,0.0,0,2,0,,0.0,,0.0,0.0,0.62,0.25
Alexander Stater,852,757,1478.0,1500.0,1479.7,1500.0,14,6,8,0.4286,0,14,0,,0.4286,,0.5,0.4286,0.62,0.358
Arda Azkara,574,561,1478.0,1478.6,1500.0,1500.0,11,5,6,0.4545,11,0,0,0.4545,,,0.4,0.4545,0.62,0.3293
Piotr Galus,,,1478.0,1500.0,1477.6,1500.0,4,1,3,0.25,0,4,0,,0.25,,0.25,0.25,0.62,0.25
Alejandro Turriziani Alvarez,1031,1031,1478.0,1484.8,1487.2,1500.0,4,1,3,0.25,3,1,0,0.3333,0.0,,0.25,0.25,0.62,0.25
Luca Parenti,1712,1712,1478.0,1500.0,1473.8,1500.0,3,0,3,0.0,0,3,0,,0.0,,0.0,0.0,0.62,0.25
Keivon Tabrizi,1472,1472,1478.0,1477.9,1500.0,1500.0,2,0,2,0.0,2,0,0,0.0,,,0.0,0.0,0.56,0.25
Matthias Haim,500,488,1478.0,1500.0,1475.1,1500.0,2,0,2,0.0,0,2,0,,0.0,,0.0,0.0,0.56,0.25
James Hopper,1351,1351,1478.0,1478.6,1500.0,1500.0,2,0,2,0.0,2,0,0,0.0,,,0.0,0.0,0.62,0.25
Rafael Izquierdo Luque,866,866,1478.0,1500.0,1475.5,1500.0,2,0,2,0.0,0,2,0,,0.0,,0.0,0.0,0.62,0.25
Victor Barrere,,,1478.0,1477.9,1500.0,1500.0,2,0,2,0.0,2,0,0,0.0,,,0.0,0.0,0.62,0.25
Eduardo Struvay,388,158,1477.9,1455.6,1547.9,1458.9,75,31,44,0.4133,41,30,4,0.3659,0.5333,0.0,0.4,0.35,0.6008,0.5127
Alec Deckers,596,507,1477.9,1476.8,1499.0,1488.0,17,6,11,0.3529,7,9,1,0.2857,0.4444,0.0,0.3,0.3529,0.6059,0.3724
Danilo Petrovic,292,144,1477.8,1522.5,1493.0,1464.4,228,108,120,0.4737,114,111,3,0.4561,0.5045,0.0,0.1,0.25,0.6032,0.5692
Sebastien Boltz,700,287,1477.8,1474.6,1500.0,1500.0,20,8,12,0.4,20,0,0,0.4,,,0.4,0.4,0.62,0.4002
Henrik Wiersholm,843,843,1477.8,1477.4,1500.0,1500.0,6,2,4,0.3333,6,0,0,0.3333,,,0.3333,0.3333,0.62,0.2605
Nicholas Monroe,1175,1175,1477.8,1495.8,1475.6,1500.0,5,1,4,0.2,1,2,2,0.0,0.0,0.5,0.2,0.2,0.5,0.25
Matt Halpin,,,1477.8,1477.3,1500.0,1500.0,4,1,3,0.25,4,0,0,0.25,,,0.25,0.25,0.62,0.25
Jagger Leach,1360,1360,1477.8,1479.7,1492.0,1500.0,3,0,3,0.0,2,1,0,0.0,0.0,,0.0,0.0,0.58,0.25
Hicham Khaddari,1595,1564,1477.8,1500.0,1477.8,1500.0,2,0,2,0.0,0,2,0,,0.0,,0.0,0.0,0.62,0.25
Cooper Errey,,,1477.8,1471.1,1500.0,1500.0,2,0,2,0.0,2,0,0,0.0,,,0.0,0.0,0.62,0.25
Naoki Nakagawa,668,335,1477.7,1472.8,1445.7,1500.0,149,63,86,0.4228,123,26,0,0.4309,0.3846,,0.5,0.4,0.6184,0.5674
Yannick Jankovits,359,227,1477.7,1483.2,1461.0,1500.0,52,21,31,0.4038,46,6,0,0.4348,0.1667,,0.5,0.45,0.6062,0.4887
Chris Guccione,983,983,1477.7,1488.1,1488.0,1500.0,4,1,3,0.25,3,1,0,0.3333,0.0,,0.25,0.25,0.5,0.25
Rocco Savin,2026,1956,1477.7,1500.0,1477.5,1500.0,2,0,2,0.0,0,2,0,,0.0,,0.0,0.0,0.56,0.25
Martim Simoes,1920,1920,1477.7,1476.5,1500.0,1500.0,2,0,2,0.0,2,0,0,0.0,,,0.0,0.0,0.62,0.25
Joao Pedro Didoni Bonini,1948,1940,1477.7,1500.0,1477.9,1500.0,2,0,2,0.0,0,2,0,,0.0,,0.0,0.0,0.62,0.25
Ilija Vucic,1166,719,1477.6,1490.7,1481.0,1500.0,20,9,11,0.45,7,13,0,0.4286,0.4615,,0.5,0.45,0.62,0.4002
Wesley Koolhof,852,774,1477.6,1488.2,1495.9,1487.8,9,3,6,0.3333,6,2,1,0.3333,0.5,0.0,0.3333,0.3333,0.5933,0.2926
Robin Thour,1444,1444,1477.6,1486.6,1487.4,1500.0,4,1,3,0.25,1,3,0,0.0,0.3333,,0.25,0.25,0.62,0.25
Brian Battistone,,,1477.6,1477.4,1500.0,1500.0,2,0,2,0.0,2,0,0,0.0,,,0.0,0.0,0.62,0.25
Boris Butulija,760,760,1477.6,1484.4,1491.2,1500.0,2,0,2,0.0,1,1,0,0.0,0.0,,0.0,0.0,0.62,0.25
Alexander Bernard,990,677,1477.5,1476.5,1500.0,1500.0,17,7,10,0.4118,17,0,0,0.4118,,,0.4,0.4118,0.62,0.3811
Harrison Scott,1520,1516,1477.5,1477.8,1500.0,1500.0,2,0,2,0.0,2,0,0,0.0,,,0.0,0.0,0.62,0.25
Fletcher Scott,1378,1378,1477.5,1486.0,1490.1,1500.0,2,0,2,0.0,1,1,0,0.0,0.0,,0.0,0.0,0.62,0.25
Oskari Eerola,1524,1524,1477.5,1486.8,1487.0,1500.0,2,0,2,0.0,1,1,0,0.0,0.0,,0.0,0.0,0.62,0.25
Daniel Smethurst,548,292,1477.4,1493.5,1500.0,1477.0,19,8,11,0.4211,9,0,10,0.4444,,0.4,0.4,0.4211,0.5821,0.3701
Alexander Zgirovsky,588,588,1477.4,1508.6,1472.4,1500.0,11,5,6,0.4545,9,2,0,0.5556,0.0,,0.5,0.4545,0.62,0.3293
Timofei Derepasko,668,668,1477.4,1476.7,1500.0,1500.0,6,2,4,0.3333,6,0,0,0.3333,,,0.3333,0.3333,0.62,0.2605
Daniel Bagnolini,1257,873,1477.4,1482.9,1486.7,1500.0,4,1,3,0.25,1,3,0,0.0,0.3333,,0.25,0.25,0.62,0.25
Jose Juarez Caro,,,1477.4,1475.0,1500.0,1500.0,2,0,2,0.0,2,0,0,0.0,,,0.0,0.0,0.62,0.25
Marco Speronello,,,1477.4,1500.0,1476.8,1500.0,2,0,2,0.0,0,2,0,,0.0,,0.0,0.0,0.62,0.25
Hermanni Tiainen,,,1477.4,1500.0,1477.3,1500.0,2,0,2,0.0,0,2,0,,0.0,,0.0,0.0,0.62,0.25
Lorenzo Lorusso,1039,1039,1477.4,1500.0,1488.4,1485.5,2,0,2,0.0,0,1,1,,0.0,0.0,0.0,0.0,0.62,0.25
Sami Reinwein,710,488,1477.3,1495.5,1471.2,1500.0,16,6,10,0.375,11,5,0,0.4545,0.2,,0.4,0.375,0.62,0.3739
Georgi Rumenov Payakov,479,399,1477.3,1499.5,1474.4,1500.0,4,1,3,0.25,2,2,0,0.5,0.0,,0.25,0.25,0.59,0.25
Patrick Prader,,,1477.3,1469.0,1500.0,1500.0,2,0,2,0.0,2,0,0,0.0,,,0.0,0.0,0.62,0.25
Eneko Rios Perez,,,1477.3,1500.0,1476.5,1500.0,2,0,2,0.0,0,2,0,,0.0,,0.0,0.0,0.62,0.25
Luke Saville,499,152,1477.2,1476.1,1393.5,1455.5,341,155,186,0.4545,280,18,43,0.4643,0.2222,0.4884,0.2,0.3,0.6017,0.5784
Skander Mansouri,1580,239,1477.2,1434.9,1467.2,1503.8,125,48,77,0.384,98,23,4,0.3776,0.3913,0.5,0.4,0.35,0.6104,0.5517
Samuel Monette,488,448,1477.2,1478.2,1500.0,1500.0,26,11,15,0.4231,26,0,0,0.4231,,,0.4,0.45,0.6154,0.427
Fritz Wolmarans,428,425,1477.2,1476.6,1500.0,1500.0,6,2,4,0.3333,6,0,0,0.3333,,,0.3333,0.3333,0.6,0.2521
Dimitriy Voronin,602,602,1477.2,1472.9,1503.0,1500.0,6,2,4,0.3333,2,4,0,0.0,0.5,,0.3333,0.3333,0.62,0.2605
Aryan Shah,414,386,1477.1,1482.6,1477.2,1500.0,37,16,21,0.4324,33,4,0,0.4545,0.25,,0.2,0.3,0.62,0.4678
Christopher Bulus,1127,1127,1477.1,1488.4,1485.9,1500.0,4,1,3,0.25,1,3,0,0.0,0.3333,,0.25,0.25,0.62,0.25
Aaron Cohen,,,1477.1,1489.0,1485.0,1500.0,2,0,2,0.0,1,1,0,0.0,0.0,,0.0,0.0,0.62,0.25
Albert Pedrico Kravtsov,696,696,1477.0,1480.4,1500.0,1500.0,5,2,3,0.4,5,0,0,0.4,,,0.4,0.4,0.62,0.25
Calin Manda,631,631,1477.0,1500.0,1474.6,1500.0,4,1,3,0.25,0,4,0,,0.25,,0.25,0.25,0.62,0.25
Mateusz Kowalczyk,1374,1374,1477.0,1484.6,1492.5,1500.0,2,0,2,0.0,1,1,0,0.0,0.0,,0.0,0.0,0.62,0.25
Mathieu Scaglia,815,776,1477.0,1491.4,1485.5,1500.0,2,0,2,0.0,1,1,0,0.0,0.0,,0.0,0.0,0.62,0.25
Miguel Larrea Sicco,,,1477.0,1485.4,1488.9,1500.0,2,0,2,0.0,1,1,0,0.0,0.0,,0.0,0.0,0.62,0.25
Alex Finkelstein,1610,1542,1477.0,1491.8,1500.0,1486.0,2,0,2,0.0,1,0,1,0.0,,0.0,0.0,0.0,0.56,0.25
Piet Luis Pinter,1101,1101,1477.0,1500.0,1476.6,1500.0,2,0,2,0.0,0,2,0,,0.0,,0.0,0.0,0.62,0.25
Yanaki Milev,749,443,1476.9,1484.2,1467.2,1500.0,39,14,25,0.359,4,35,0,0.25,0.3714,,0.5,0.45,0.6169,0.4707
Sherzodbek Radjabov,,,1476.9,1500.0,1471.7,1500.0,2,0,2,0.0,0,2,0,,0.0,,0.0,0.0,0.62,0.25
Brandon Murphy,,,1476.9,1486.8,1500.0,1486.6,2,0,2,0.0,1,0,1,0.0,,0.0,0.0,0.0,0.62,0.25
Joaquim Almeida,1395,1395,1476.9,1500.0,1470.7,1500.0,2,0,2,0.0,0,2,0,,0.0,,0.0,0.0,0.62,0.25
Matthew Forbes,904,904,1476.9,1475.4,1500.0,1500.0,2,0,2,0.0,2,0,0,0.0,,,0.0,0.0,0.62,0.25
Vasil Kirkov,439,439,1476.8,1491.3,1483.8,1500.0,17,6,11,0.3529,16,1,0,0.375,0.0,,0.4,0.3529,0.6059,0.3724
Daniil Zarichanskyy,911,911,1476.8,1485.5,1500.0,1485.1,2,0,2,0.0,1,0,1,0.0,,0.0,0.0,0.0,0.62,0.25
Robbie Arends,1653,1653,1476.8,1476.3,1500.0,1500.0,2,0,2,0.0,2,0,0,0.0,,,0.0,0.0,0.62,0.25
Adrien Puget,364,323,1476.7,1487.2,1486.6,1500.0,8,3,5,0.375,1,7,0,0.0,0.4286,,0.375,0.375,0.62,0.2923
Mohamed Adnaoui,1695,1513,1476.7,1488.0,1488.0,1500.0,2,0,2,0.0,1,1,0,0.0,0.0,,0.0,0.0,0.5,0.25
Jakub Novak,,,1476.7,1500.0,1475.1,1500.0,2,0,2,0.0,0,2,0,,0.0,,0.0,0.0,0.62,0.25
Alessandro Dragoni,1768,1768,1476.7,1483.7,1489.7,1500.0,2,0,2,0.0,1,1,0,0.0,0.0,,0.0,0.0,0.62,0.25
Matt Kuhar,749,749,1476.6,1475.8,1484.8,1500.0,27,12,15,0.4444,24,1,2,0.4583,0.0,0.5,0.4,0.45,0.62,0.4344
Daniel Hobart,1163,1018,1476.6,1475.2,1500.0,1500.0,8,3,5,0.375,8,0,0,0.375,,,0.375,0.375,0.62,0.2923
Sungbeen Sim,1131,1131,1476.6,1478.3,1500.0,1500.0,5,2,3,0.4,5,0,0,0.4,,,0.4,0.4,0.62,0.25
Dusan Lojda,413,294,1476.6,1500.0,1477.5,1500.0,4,1,3,0.25,0,4,0,,0.25,,0.25,0.25,0.62,0.25
Farzin Danny Amiri,1180,1180,1476.6,1475.5,1500.0,1500.0,2,0,2,0.0,2,0,0,0.0,,,0.0,0.0,0.62,0.25
Santiago Gonzalez,,,1476.5,1494.1,1473.4,1500.0,9,3,6,0.3333,7,2,0,0.4286,0.0,,0.3333,0.3333,0.5667,0.2795
Dalwinder Singh,1700,1001,1476.5,1477.3,1500.0,1500.0,8,3,5,0.375,8,0,0,0.375,,,0.375,0.375,0.62,0.2923
Charly Zick,1472,1472,1476.5,1485.0,1490.9,1500.0,2,0,2,0.0,1,1,0,0.0,0.0,,0.0,0.0,0.56,0.25
Oliver Ojakaar,946,917,1476.5,1489.1,1483.4,1500.0,2,0,2,0.0,1,1,0,0.0,0.0,,0.0,0.0,0.62,0.25
Vicente Freda,,,1476.5,1500.0,1476.1,1500.0,2,0,2,0.0,0,2,0,,0.0,,0.0,0.0,0.62,0.25
Yannick Maden,495,97,1476.4,1492.0,1536.8,1492.8,263,141,122,0.5361,164,83,16,0.5427,0.5422,0.4375,0.2,0.15,0.5908,0.5617
Oleksandr Ovcharenko,544,296,1476.4,1452.0,1504.9,1500.0,36,13,23,0.3611,18,18,0,0.2778,0.4444,,0.3,0.35,0.62,0.465
Massimo Giunta,573,573,1476.4,1503.2,1445.2,1500.0,24,9,15,0.375,15,9,0,0.4667,0.2222,,0.6,0.45,0.62,0.4212
Tomas Liska,1261,961,1476.4,1474.0,1494.9,1500.0,10,3,7,0.3,3,7,0,0.0,0.4286,,0.3,0.3,0.62,0.3181
Tom Hands,1544,1378,1476.4,1458.4,1500.0,1511.3,6,2,4,0.3333,3,0,3,0.0,,0.6667,0.3333,0.3333,0.62,0.2605
Arvid Nordquist,1034,992,1476.4,1500.0,1477.8,1500.0,4,1,3,0.25,0,4,0,,0.25,,0.25,0.25,0.62,0.25
Tadas Babelis,,,1476.4,1476.1,1500.0,1500.0,2,0,2,0.0,2,0,0,0.0,,,0.0,0.0,0.62,0.25
David Hough,,,1476.4,1475.1,1500.0,1500.0,2,0,2,0.0,2,0,0,0.0,,,0.0,0.0,0.62,0.25
Thomas Nicholas Gadecki,,,1476.4,1474.9,1500.0,1500.0,2,0,2,0.0,2,0,0,0.0,,,0.0,0.0,0.62,0.25
Maxwell Exsted,1353,1353,1476.4,1475.3,1500.0,1500.0,2,0,2,0.0,2,0,0,0.0,,,0.0,0.0,0.62,0.25
Ivan Lopez Martos,,,1476.4,1500.0,1477.2,1500.0,2,0,2,0.0,0,2,0,,0.0,,0.0,0.0,0.62,0.25
Minhtuan Pham,,,1476.3,1474.8,1500.0,1500.0,2,0,2,0.0,2,0,0,0.0,,,0.0,0.0,0.62,0.25
Valentin Vanta,1939,1939,1476.3,1500.0,1476.5,1500.0,2,0,2,0.0,0,2,0,,0.0,,0.0,0.0,0.62,0.25
Jacob Adaktusson,797,797,1476.2,1487.5,1488.4,1500.0,2,0,2,0.0,1,1,0,0.0,0.0,,0.0,0.0,0.5,0.25
Ewen Lumsden,651,651,1476.2,1474.1,1500.0,1500.0,2,0,2,0.0,2,0,0,0.0,,,0.0,0.0,0.62,0.25
Juan Sebastian Gomez,582,469,1476.1,1419.2,1513.4,1500.0,96,41,55,0.4271,17,79,0,0.2941,0.4557,,0.6,0.45,0.6137,0.54
Ryan Colby,768,768,1476.1,1494.0,1477.2,1500.0,5,1,4,0.2,1,4,0,0.0,0.25,,0.2,0.2,0.596,0.25
Clement Larriere,931,931,1476.1,1475.9,1500.0,1500.0,2,0,2,0.0,2,0,0,0.0,,,0.0,0.0,0.56,0.25
Paolo Dagnino,1842,1842,1476.1,1500.0,1476.5,1500.0,2,0,2,0.0,0,2,0,,0.0,,0.0,0.0,0.62,0.25
Linh Giang Trinh,1299,1299,1476.1,1474.1,1500.0,1500.0,2,0,2,0.0,2,0,0,0.0,,,0.0,0.0,0.62,0.25
Patrik Fabian,602,559,1476.0,1512.0,1463.4,1500.0,10,4,6,0.4,5,5,0,0.6,0.2,,0.4,0.4,0.62,0.3181
Noah Brownrigg,1576,1572,1476.0,1475.5,1500.0,1500.0,2,0,2,0.0,2,0,0,0.0,,,0.0,0.0,0.62,0.25
Max Wiskandt,686,377,1475.9,1473.1,1470.9,1488.0,97,42,55,0.433,72,24,1,0.4583,0.375,0.0,0.4,0.35,0.6175,0.544
Pedro Vives Marcos,530,468,1475.8,1500.1,1458.1,1500.0,29,12,17,0.4138,26,3,0,0.4615,0.0,,0.5,0.45,0.62,0.4422
Julian Cundom,1068,1068,1475.8,1500.0,1476.2,1500.0,7,3,4,0.4286,0,7,0,,0.4286,,0.4286,0.4286,0.62,0.2773
Mikhail Fufygin,593,575,1475.8,1475.6,1501.0,1500.0,6,2,4,0.3333,4,2,0,0.25,0.5,,0.3333,0.3333,0.62,0.2605
Treat Conrad Huey,,,1475.8,1473.0,1500.0,1500.0,5,1,4,0.2,5,0,0,0.2,,,0.2,0.2,0.5,0.25
Jonas Ciechi,,,1475.8,1472.5,1500.0,1500.0,2,0,2,0.0,2,0,0,0.0,,,0.0,0.0,0.62,0.25
Aleksandre Shvangiradze,,,1475.8,1475.2,1500.0,1500.0,2,0,2,0.0,2,0,0,0.0,,,0.0,0.0,0.62,0.25
Ha Minh Duc Vu,1758,1758,1475.8,1473.7,1500.0,1500.0,2,0,2,0.0,2,0,0,0.0,,,0.0,0.0,0.62,0.25
Jacob Bradshaw,823,479,1475.7,1467.9,1500.0,1500.0,26,10,16,0.3846,26,0,0,0.3846,,,0.4,0.4,0.5969,0.4142
Spencer Johnson,979,935,1475.7,1473.7,1500.0,1500.0,12,5,7,0.4167,12,0,0,0.4167,,,0.4,0.4167,0.62,0.3396
Leonardo Lopez Linquet,1619,1619,1475.7,1500.0,1475.7,1500.0,4,1,3,0.25,0,4,0,,0.25,,0.25,0.25,0.62,0.25
David Juras,,,1475.7,1488.3,1484.4,1500.0,2,0,2,0.0,1,1,0,0.0,0.0,,0.0,0.0,0.62,0.25
Noel Larwig,1579,1579,1475.7,1473.5,1500.0,1500.0,2,0,2,0.0,2,0,0,0.0,,,0.0,0.0,0.62,0.25
Marcel Kamrowski,1692,1692,1475.7,1473.0,1500.0,1500.0,2,0,2,0.0,2,0,0,0.0,,,0.0,0.0,0.62,0.25
Lautaro Agustin Corthey,1426,1418,1475.7,1500.0,1475.7,1500.0,2,0,2,0.0,0,2,0,,0.0,,0.0,0.0,0.62,0.25
Gabriel Decamps,661,264,1475.6,1478.5,1479.3,1500.0,83,40,43,0.4819,59,24,0,0.5085,0.4167,,0.4,0.35,0.62,0.5361
Robert Farah,,,1475.6,1486.8,1488.0,1500.0,2,0,2,0.0,1,1,0,0.0,0.0,,0.0,0.0,0.5,0.25
Ivan Perez Martin,2056,2056,1475.6,1477.2,1500.0,1500.0,2,0,2,0.0,2,0,0,0.0,,,0.0,0.0,0.62,0.25
Tsung Hao Huang,492,474,1475.5,1462.1,1500.0,1500.0,57,24,33,0.4211,57,0,0,0.4211,,,0.2,0.35,0.62,0.5077
Scott Lipsky,,,1475.5,1476.5,1500.0,1500.0,3,0,3,0.0,3,0,0,0.0,,,0.0,0.0,0.5,0.25
Louk Sorensen,215,215,1475.5,1475.5,1500.0,1500.0,2,0,2,0.0,2,0,0,0.0,,,0.0,0.0,0.56,0.25
Nemanja Malesevic,,,1475.5,1500.0,1475.7,1500.0,2,0,2,0.0,0,2,0,,0.0,,0.0,0.0,0.62,0.25
Leny Mitjana,534,534,1475.5,1473.0,1500.0,1500.0,2,0,2,0.0,2,0,0,0.0,,,0.0,0.0,0.62,0.25
Vito Antonio Darderi,,,1475.5,1500.0,1475.5,1500.0,2,0,2,0.0,0,2,0,,0.0,,0.0,0.0,0.62,0.25
Miguel Cejudo,,,1475.5,1473.1,1500.0,1500.0,2,0,2,0.0,2,0,0,0.0,,,0.0,0.0,0.62,0.25
Ruben Alberts,1752,1752,1475.4,1475.5,1500.0,1500.0,2,0,2,0.0,2,0,0,0.0,,,0.0,0.0,0.62,0.25
Sumit Sarkar,895,895,1475.4,1474.7,1500.0,1500.0,2,0,2,0.0,2,0,0,0.0,,,0.0,0.0,0.62,0.25
Miguel Angel Cabrera,1637,1637,1475.4,1484.4,1485.1,1500.0,2,0,2,0.0,1,1,0,0.0,0.0,,0.0,0.0,0.62,0.25
Mariano Tammaro,1852,644,1475.3,1500.0,1473.5,1500.0,7,2,5,0.2857,0,7,0,,0.2857,,0.2857,0.2857,0.62,0.2773
George Botezan,1150,1150,1475.3,1500.0,1475.8,1500.0,6,2,4,0.3333,0,6,0,,0.3333,,0.3333,0.3333,0.62,0.2605
Antonioni Fasano,1640,1640,1475.3,1500.0,1475.3,1500.0,2,0,2,0.0,0,2,0,,0.0,,0.0,0.0,0.56,0.25
Nicolas Eli,1703,1703,1475.3,1500.0,1475.3,1500.0,2,0,2,0.0,0,2,0,,0.0,,0.0,0.0,0.62,0.25
Christopher Diaz Figueroa,620,466,1475.2,1513.2,1459.1,1500.0,15,6,9,0.4,5,10,0,0.6,0.3,,0.5,0.4,0.62,0.3662
Haitong Xia,2084,2054,1475.2,1476.5,1500.0,1500.0,10,4,6,0.4,10,0,0,0.4,,,0.4,0.4,0.596,0.3057
Corrado Summaria,925,925,1475.2,1473.1,1497.1,1500.0,10,4,6,0.4,2,8,0,0.0,0.5,,0.4,0.4,0.62,0.3181
Christian Hirschmueller,999,684,1475.2,1498.3,1473.3,1500.0,4,1,3,0.25,2,2,0,0.5,0.0,,0.25,0.25,0.62,0.25
Fabian Lara,,,1475.2,1475.1,1500.0,1500.0,2,0,2,0.0,2,0,0,0.0,,,0.0,0.0,0.62,0.25
Ivan Saveljic,,,1475.2,1474.9,1500.0,1500.0,2,0,2,0.0,2,0,0,0.0,,,0.0,0.0,0.62,0.25
Joshua Dous Karpenschif,,,1475.2,1500.0,1474.9,1500.0,2,0,2,0.0,0,2,0,,0.0,,0.0,0.0,0.62,0.25
Diego Bustamante,,,1475.2,1500.0,1471.7,1500.0,2,0,2,0.0,0,2,0,,0.0,,0.0,0.0,0.62,0.25
Natthayut Nithithananont,2136,1722,1475.2,1474.6,1500.0,1500.0,2,0,2,0.0,2,0,0,0.0,,,0.0,0.0,0.62,0.25
Christos Glavas,,,1475.2,1476.8,1500.0,1500.0,2,0,2,0.0,2,0,0,0.0,,,0.0,0.0,0.62,0.25
Alexandre Penaud,1835,1172,1475.1,1472.3,1500.5,1500.0,12,5,7,0.4167,10,2,0,0.4,0.5,,0.4,0.4167,0.62,0.3396
Juan Manuel Matute,1086,1060,1475.1,1500.0,1475.9,1500.0,6,2,4,0.3333,0,6,0,,0.3333,,0.3333,0.3333,0.6,0.2521
Noah Regas Luis,1629,1629,1475.1,1500.0,1474.9,1500.0,3,0,3,0.0,0,3,0,,0.0,,0.0,0.0,0.62,0.25
Thibaud Berland,1133,1133,1475.1,1475.1,1500.0,1500.0,2,0,2,0.0,2,0,0,0.0,,,0.0,0.0,0.62,0.25
Keelan Oakley,1097,1097,1475.1,1500.0,1500.0,1472.7,2,0,2,0.0,0,0,2,,,0.0,0.0,0.0,0.62,0.25
Osman Torski,,,1475.1,1474.6,1500.0,1500.0,2,0,2,0.0,2,0,0,0.0,,,0.0,0.0,0.62,0.25
Zijiang Yang,,,1475.1,1473.8,1500.0,1500.0,2,0,2,0.0,2,0,0,0.0,,,0.0,0.0,0.62,0.25
Hugh Winter,,,1475.1,1474.9,1500.0,1500.0,2,0,2,0.0,2,0,0,0.0,,,0.0,0.0,0.62,0.25
Shion Motoyama,,,1475.1,1473.8,1500.0,1500.0,2,0,2,0.0,2,0,0,0.0,,,0.0,0.0,0.62,0.25
Tom Zeuch,1048,1048,1475.1,1486.6,1490.3,1500.0,2,0,2,0.0,1,1,0,0.0,0.0,,0.0,0.0,0.62,0.25
Renzo Olivo,523,78,1475.0,1496.8,1451.8,1489.1,530,254,276,0.4792,86,434,10,0.4186,0.4931,0.4,0.2,0.3,0.5983,0.5831
Bryce Nakashima,1404,1404,1475.0,1473.7,1500.0,1500.0,4,1,3,0.25,4,0,0,0.25,,,0.25,0.25,0.62,0.25
Joan Nadal Vives,1915,1912,1475.0,1500.0,1486.0,1476.7,3,0,3,0.0,0,1,2,,0.0,0.0,0.0,0.0,0.54,0.25
Edison Ambarzumjan,1129,1129,1474.9,1489.3,1485.6,1500.0,4,1,3,0.25,3,1,0,0.3333,0.0,,0.25,0.25,0.62,0.25
Gustavo Albieri,1470,1470,1474.9,1500.0,1473.6,1500.0,2,0,2,0.0,0,2,0,,0.0,,0.0,0.0,0.62,0.25
Marlon Vankan,622,592,1474.8,1502.6,1467.2,1500.0,9,3,6,0.3333,2,7,0,0.5,0.2857,,0.3333,0.3333,0.62,0.3058
Johann Willems,914,914,1474.8,1487.5,1486.5,1500.0,2,0,2,0.0,1,1,0,0.0,0.0,,0.0,0.0,0.62,0.25
Tiran Sanghera,1791,1773,1474.8,1486.0,1500.0,1485.6,2,0,2,0.0,1,0,1,0.0,,0.0,0.0,0.0,0.62,0.25
Kaza Vinayak Sharma,1438,720,1474.7,1472.6,1500.0,1500.0,16,7,9,0.4375,16,0,0,0.4375,,,0.3,0.4375,0.5975,0.3603
Thomas Schoorel,1085,1085,1474.7,1500.0,1473.5,1499.5,4,1,3,0.25,0,2,2,,0.0,0.5,0.25,0.25,0.56,0.25
Michal Bisko,,,1474.7,1500.0,1473.7,1500.0,2,0,2,0.0,0,2,0,,0.0,,0.0,0.0,0.62,0.25
Ali Habib,1161,985,1474.7,1473.7,1500.0,1500.0,2,0,2,0.0,2,0,0,0.0,,,0.0,0.0,0.62,0.25
Gokberk Saritas,1413,1208,1474.7,1475.2,1500.0,1500.0,2,0,2,0.0,2,0,0,0.0,,,0.0,0.0,0.62,0.25
Jeri Lassila,,,1474.6,1475.2,1500.0,1500.0,2,0,2,0.0,2,0,0,0.0,,,0.0,0.0,0.62,0.25
Gianmarco Ferrari,484,390,1474.5,1448.1,1504.1,1500.0,72,28,44,0.3889,22,50,0,0.3182,0.42,,0.4,0.35,0.6117,0.519
Jonathan Kanar,601,491,1474.5,1508.5,1465.3,1500.0,16,6,10,0.375,8,8,0,0.5,0.25,,0.4,0.375,0.62,0.3739
Benedikt Henning,1630,1538,1474.5,1487.2,1485.9,1500.0,4,1,3,0.25,1,3,0,0.0,0.3333,,0.25,0.25,0.62,0.25
Amadatus Admiraal,,,1474.5,1500.0,1473.6,1500.0,2,0,2,0.0,0,2,0,,0.0,,0.0,0.0,0.62,0.25
Austin Rapp,689,689,1474.5,1474.8,1500.0,1500.0,2,0,2,0.0,2,0,0,0.0,,,0.0,0.0,0.62,0.25
Alejandro Lopez Escribano,1695,1695,1474.5,1471.6,1500.0,1500.0,2,0,2,0.0,2,0,0,0.0,,,0.0,0.0,0.62,0.25
Nikolay Sysoev,,,1474.5,1469.8,1500.0,1500.0,2,0,2,0.0,2,0,0,0.0,,,0.0,0.0,0.62,0.25
Alejandro Juan Mano,721,721,1474.5,1500.0,1473.7,1500.0,2,0,2,0.0,0,2,0,,0.0,,0.0,0.0,0.62,0.25
Giovanni Oradini,655,352,1474.4,1435.0,1503.2,1500.0,94,40,54,0.4255,37,57,0,0.3514,0.4737,,0.5,0.35,0.6174,0.542
Andres Molteni,1001,261,1474.4,1474.1,1492.4,1489.8,81,37,44,0.4568,16,64,1,0.4375,0.4688,0.0,0.2,0.3,0.6037,0.5204
Dhruv Sunish,1040,1040,1474.4,1473.5,1500.0,1500.0,6,2,4,0.3333,6,0,0,0.3333,,,0.3333,0.3333,0.62,0.2605
Chih Jen Ho,920,920,1474.4,1474.4,1500.0,1500.0,2,0,2,0.0,2,0,0,0.0,,,0.0,0.0,0.62,0.25
Amine Chadli,1866,1866,1474.4,1500.0,1474.5,1500.0,2,0,2,0.0,0,2,0,,0.0,,0.0,0.0,0.62,0.25
Levente Godry,1551,1270,1474.4,1475.7,1500.0,1500.0,2,0,2,0.0,2,0,0,0.0,,,0.0,0.0,0.62,0.25
Eloi Roux,,,1474.4,1473.0,1500.0,1500.0,2,0,2,0.0,2,0,0,0.0,,,0.0,0.0,0.62,0.25
Chun Chien Hou,1726,1726,1474.4,1471.6,1500.0,1500.0,2,0,2,0.0,2,0,0,0.0,,,0.0,0.0,0.62,0.25
Alexander Wagner,1279,1279,1474.4,1500.0,1474.7,1500.0,2,0,2,0.0,0,2,0,,0.0,,0.0,0.0,0.62,0.25
Arata Onozawa,1567,603,1474.2,1474.3,1500.0,1500.0,8,3,5,0.375,8,0,0,0.375,,,0.375,0.375,0.62,0.2923
Martin Fekiac,1559,1559,1474.2,1471.3,1500.0,1500.0,2,0,2,0.0,2,0,0,0.0,,,0.0,0.0,0.62,0.25
Edoardo Zanada,1349,1349,1474.2,1500.0,1474.2,1500.0,2,0,2,0.0,0,2,0,,0.0,,0.0,0.0,0.62,0.25
Fabrizio Andaloro,351,296,1474.1,1522.6,1422.6,1500.0,37,16,21,0.4324,28,9,0,0.5357,0.1111,,0.3,0.4,0.62,0.4678
Collin Johns,991,991,1474.1,1497.4,1475.5,1500.0,4,1,3,0.25,2,2,0,0.5,0.0,,0.25,0.25,0.62,0.25
Julien Obry,306,305,1474.1,1487.6,1486.0,1500.0,2,0,2,0.0,1,1,0,0.0,0.0,,0.0,0.0,0.56,0.25
Pavel Filin,1043,1043,1474.1,1487.1,1487.5,1500.0,2,0,2,0.0,1,1,0,0.0,0.0,,0.0,0.0,0.62,0.25
Yunseok Jang,1015,778,1474.1,1473.3,1500.0,1500.0,2,0,2,0.0,2,0,0,0.0,,,0.0,0.0,0.62,0.25
Wenfu Li,1847,1790,1474.1,1473.3,1500.0,1500.0,2,0,2,0.0,2,0,0,0.0,,,0.0,0.0,0.56,0.25
Tsung Hua Yang,401,204,1474.0,1491.6,1447.8,1476.3,192,81,111,0.4219,151,39,2,0.4371,0.3846,0.0,0.1,0.3,0.6175,0.5769
Igor Sijsling,349,83,1474.0,1452.3,1522.2,1533.2,162,81,81,0.5,87,62,13,0.4828,0.5,0.6154,0.4,0.4,0.6022,0.5561
Stefan Popovic,552,417,1474.0,1500.0,1471.9,1500.0,17,7,10,0.4118,0,17,0,,0.4118,,0.5,0.4118,0.62,0.3811
Frantisek Cermak,,,1474.0,1488.0,1486.7,1500.0,2,0,2,0.0,1,1,0,0.0,0.0,,0.0,0.0,0.5,0.25
Alen Rogic Hadzalic,1073,1073,1474.0,1500.0,1473.9,1500.0,2,0,2,0.0,0,2,0,,0.0,,0.0,0.0,0.62,0.25
Kentaro Otsuka,,,1474.0,1474.2,1500.0,1500.0,2,0,2,0.0,2,0,0,0.0,,,0.0,0.0,0.62,0.25
Robin Stanek,681,261,1473.9,1526.0,1470.2,1500.0,75,34,41,0.4533,24,51,0,0.5417,0.4118,,0.4,0.5,0.6184,0.5277
Zangar Nurlanuly,1634,1634,1473.9,1490.2,1475.5,1500.0,3,0,3,0.0,1,2,0,0.0,0.0,,0.0,0.0,0.62,0.25
Alan Nunez Aguilera,1676,1661,1473.9,1473.9,1500.0,1500.0,2,0,2,0.0,2,0,0,0.0,,,0.0,0.0,0.56,0.25
Luca Prevosto,1030,1030,1473.9,1500.0,1473.7,1500.0,2,0,2,0.0,0,2,0,,0.0,,0.0,0.0,0.62,0.25
Andre Biro,1122,1028,1473.9,1486.8,1486.0,1500.0,2,0,2,0.0,1,1,0,0.0,0.0,,0.0,0.0,0.62,0.25
Victor Mugurel Anagnastopol,1859,1859,1473.9,1500.0,1474.3,1500.0,2,0,2,0.0,0,2,0,,0.0,,0.0,0.0,0.62,0.25
Alexis Gurmendi,1384,1384,1473.9,1500.0,1473.3,1500.0,2,0,2,0.0,0,2,0,,0.0,,0.0,0.0,0.62,0.25
Erik Grevelius,1565,1565,1473.9,1473.0,1500.0,1500.0,2,0,2,0.0,2,0,0,0.0,,,0.0,0.0,0.62,0.25
Seydina Andre,912,911,1473.9,1473.9,1500.0,1500.0,2,0,2,0.0,2,0,0,0.0,,,0.0,0.0,0.62,0.25
Matei Varbanciu,2011,1999,1473.9,1500.0,1474.6,1500.0,2,0,2,0.0,0,2,0,,0.0,,0.0,0.0,0.62,0.25
Jonas Eriksson Ziverts,1458,1458,1473.8,1477.3,1497.7,1500.0,6,2,4,0.3333,2,4,0,0.0,0.5,,0.3333,0.3333,0.62,0.2605
Lukas Dlouhy,,,1473.8,1500.0,1473.9,1500.0,4,1,3,0.25,0,4,0,,0.25,,0.25,0.25,0.62,0.25
Felipe Cunha Silva,1178,1178,1473.8,1500.0,1474.3,1500.0,2,0,2,0.0,0,2,0,,0.0,,0.0,0.0,0.56,0.25
Ryan Goetz,,,1473.8,1473.0,1500.0,1500.0,2,0,2,0.0,2,0,0,0.0,,,0.0,0.0,0.56,0.25
Ernest Habiyambere,,,1473.8,1500.0,1470.3,1500.0,2,0,2,0.0,0,2,0,,0.0,,0.0,0.0,0.62,0.25
Marc Giner,459,343,1473.7,1480.4,1480.8,1500.0,29,11,18,0.3793,8,21,0,0.375,0.381,,0.4,0.5,0.6076,0.4334
Andrej Glvac,1433,994,1473.7,1461.4,1502.8,1500.0,9,3,6,0.3333,7,2,0,0.2857,0.5,,0.3333,0.3333,0.62,0.3058
Ken Cavrak,994,994,1473.7,1473.8,1500.0,1500.0,4,1,3,0.25,4,0,0,0.25,,,0.25,0.25,0.62,0.25
Andrea Falgheri,,,1473.7,1473.5,1500.0,1500.0,2,0,2,0.0,2,0,0,0.0,,,0.0,0.0,0.62,0.25
Sherif Sabry,955,657,1473.7,1500.0,1473.5,1500.0,2,0,2,0.0,0,2,0,,0.0,,0.0,0.0,0.56,0.25
Tudor Stefan Gheorghita,,,1473.7,1500.0,1473.5,1500.0,2,0,2,0.0,0,2,0,,0.0,,0.0,0.0,0.62,0.25
Mustapha El Natour,,,1473.7,1500.0,1478.1,1500.0,2,0,2,0.0,0,2,0,,0.0,,0.0,0.0,0.62,0.25
Luigi Sorrentino,791,641,1473.6,1486.0,1473.5,1500.0,10,3,7,0.3,1,9,0,0.0,0.3333,,0.3,0.3,0.62,0.3181
Kai Breitbach,,,1473.6,1500.0,1476.4,1500.0,6,2,4,0.3333,0,6,0,,0.3333,,0.3333,0.3333,0.62,0.2605
Franco Moral,1925,1752,1473.6,1500.0,1474.4,1500.0,4,1,3,0.25,0,4,0,,0.25,,0.25,0.25,0.62,0.25
Hugo Schott,1963,1079,1473.6,1469.4,1500.0,1500.0,3,0,3,0.0,3,0,0,0.0,,,0.0,0.0,0.5,0.25
Aleksei Khomich,2092,2092,1473.6,1487.5,1486.0,1500.0,2,0,2,0.0,1,1,0,0.0,0.0,,0.0,0.0,0.56,0.25
Blazo N Djurovic,,,1473.6,1472.7,1500.0,1500.0,2,0,2,0.0,2,0,0,0.0,,,0.0,0.0,0.62,0.25
Sanam Singh,608,268,1473.5,1475.9,1501.0,1500.0,41,19,22,0.4634,37,4,0,0.4595,0.5,,0.4,0.35,0.6083,0.4689
Alexander Crnokrak,652,652,1473.5,1470.0,1500.0,1500.0,14,5,9,0.3571,14,0,0,0.3571,,,0.3,0.3571,0.6114,0.353
Dorian Descloix,1592,1196,1473.5,1476.8,1496.1,1500.0,8,3,5,0.375,2,6,0,0.0,0.5,,0.375,0.375,0.605,0.2852
Ranjeet Virali Murugesan,972,589,1473.5,1472.9,1500.0,1500.0,8,3,5,0.375,8,0,0,0.375,,,0.375,0.375,0.62,0.2923
Kareem Allaf,786,766,1473.5,1471.3,1500.0,1500.0,3,0,3,0.0,3,0,0,0.0,,,0.0,0.0,0.58,0.25
Jared Thompkins,,,1473.5,1488.9,1484.9,1500.0,2,0,2,0.0,1,1,0,0.0,0.0,,0.0,0.0,0.62,0.25
Ivan Randjelovic,,,1473.5,1500.0,1471.8,1500.0,2,0,2,0.0,0,2,0,,0.0,,0.0,0.0,0.62,0.25
Tomas Vanko,,,1473.5,1500.0,1474.5,1500.0,2,0,2,0.0,0,2,0,,0.0,,0.0,0.0,0.62,0.25
Emiliano Troche,,,1473.5,1500.0,1473.2,1500.0,2,0,2,0.0,0,2,0,,0.0,,0.0,0.0,0.62,0.25
Woohyuk Sim,,,1473.5,1473.4,1500.0,1500.0,2,0,2,0.0,2,0,0,0.0,,,0.0,0.0,0.62,0.25
Damir Zhalgasbay,,,1473.5,1500.0,1473.2,1500.0,2,0,2,0.0,0,2,0,,0.0,,0.0,0.0,0.62,0.25
Juan Lizariturry,870,471,1473.4,1509.3,1461.9,1500.0,8,3,5,0.375,3,5,0,0.6667,0.2,,0.375,0.375,0.605,0.2852
Louis Chaix,1398,1398,1473.4,1471.0,1502.1,1500.0,4,1,3,0.25,2,2,0,0.0,0.5,,0.25,0.25,0.62,0.25
Reda Karakhi,,,1473.4,1500.0,1474.4,1500.0,4,1,3,0.25,0,4,0,,0.25,,0.25,0.25,0.62,0.25
Mihai Razvan Marinescu,875,875,1473.4,1500.0,1474.1,1500.0,4,1,3,0.25,0,4,0,,0.25,,0.25,0.25,0.62,0.25
Goran Radanovic,,,1473.4,1500.0,1472.0,1500.0,2,0,2,0.0,0,2,0,,0.0,,0.0,0.0,0.62,0.25
Alen Avidzba,478,380,1473.3,1492.8,1456.3,1500.0,49,18,31,0.3673,19,30,0,0.3684,0.3667,,0.3,0.3,0.6127,0.4887
Dino Marcan,1206,549,1473.3,1473.8,1486.8,1500.0,29,13,16,0.4483,12,17,0,0.4167,0.4706,,0.5,0.55,0.6159,0.4393
Jeremy Beale,1210,461,1473.3,1465.9,1500.0,1500.0,18,7,11,0.3889,18,0,0,0.3889,,,0.3,0.3889,0.62,0.3878
Sefa Suluoglu,1473,1356,1473.3,1475.8,1500.0,1500.0,6,2,4,0.3333,6,0,0,0.3333,,,0.3333,0.3333,0.62,0.2605
Pierre Faivre,846,846,1473.3,1487.0,1487.0,1500.0,4,1,3,0.25,1,3,0,0.0,0.3333,,0.25,0.25,0.62,0.25
Michael Grant Gd13,916,900,1473.3,1485.9,1500.0,1487.6,2,0,2,0.0,1,0,1,0.0,,0.0,0.0,0.0,0.56,0.25
Marco Di Prima,1347,1347,1473.3,1500.0,1471.9,1500.0,2,0,2,0.0,0,2,0,,0.0,,0.0,0.0,0.62,0.25
Grega Boh,2036,2036,1473.3,1473.8,1500.0,1500.0,2,0,2,0.0,2,0,0,0.0,,,0.0,0.0,0.62,0.25
Mohamed Nazim Makhlouf,2137,1484,1473.3,1486.3,1487.5,1500.0,2,0,2,0.0,1,1,0,0.0,0.0,,0.0,0.0,0.62,0.25
Gonzalo Ariel Karakachian,,,1473.3,1500.0,1473.7,1500.0,2,0,2,0.0,0,2,0,,0.0,,0.0,0.0,0.62,0.25
Nicolas Alvarez,319,288,1473.2,1432.2,1486.9,1500.0,122,50,72,0.4098,15,107,0,0.2667,0.4299,,0.2,0.3,0.617,0.5565
Juan Cruz Martin Manzano,572,572,1473.2,1500.0,1475.9,1500.0,7,2,5,0.2857,0,7,0,,0.2857,,0.2857,0.2857,0.62,0.2773
Jakob Amilon,,,1473.2,1473.4,1500.0,1500.0,2,0,2,0.0,2,0,0,0.0,,,0.0,0.0,0.62,0.25
Georgyi Malyshev,,,1473.2,1472.5,1500.0,1500.0,2,0,2,0.0,2,0,0,0.0,,,0.0,0.0,0.62,0.25
Paul Oosterbaan,888,888,1473.2,1486.5,1486.0,1500.0,2,0,2,0.0,1,1,0,0.0,0.0,,0.0,0.0,0.62,0.25
Nil Regas Luis,1929,1929,1473.2,1500.0,1474.0,1500.0,2,0,2,0.0,0,2,0,,0.0,,0.0,0.0,0.62,0.25
Lucca Guercio,2052,2052,1473.2,1500.0,1472.9,1500.0,2,0,2,0.0,0,2,0,,0.0,,0.0,0.0,0.62,0.25
Calin Teodor Stirbu,2095,1229,1473.2,1484.9,1488.0,1500.0,2,0,2,0.0,1,1,0,0.0,0.0,,0.0,0.0,0.62,0.25
Davide Pontoglio,1519,973,1473.1,1486.8,1489.2,1500.0,8,3,5,0.375,1,7,0,0.0,0.4286,,0.375,0.375,0.62,0.2923
Riccardo Maiga,1236,1108,1473.1,1473.0,1501.9,1500.0,6,2,4,0.3333,4,2,0,0.25,0.5,,0.3333,0.3333,0.62,0.2605
Henrik Sillanpaa,1864,503,1473.1,1500.0,1473.3,1500.0,4,1,3,0.25,0,4,0,,0.25,,0.25,0.25,0.62,0.25
Konstantinos Economidis,1133,1133,1473.1,1473.4,1500.0,1500.0,4,1,3,0.25,4,0,0,0.25,,,0.25,0.25,0.62,0.25
Gary Kushnirovich,1083,1083,1473.1,1470.9,1500.0,1500.0,3,0,3,0.0,3,0,0,0.0,,,0.0,0.0,0.54,0.25
Honghan Wang,,,1473.1,1500.0,1476.5,1500.0,2,0,2,0.0,0,2,0,,0.0,,0.0,0.0,0.62,0.25
Fares Ghasya,1006,820,1473.1,1473.2,1500.0,1500.0,2,0,2,0.0,2,0,0,0.0,,,0.0,0.0,0.62,0.25
Timur Sottimov,,,1473.1,1474.9,1500.0,1500.0,2,0,2,0.0,2,0,0,0.0,,,0.0,0.0,0.62,0.25
Nico Mostardi,,,1473.1,1472.7,1500.0,1500.0,2,0,2,0.0,2,0,0,0.0,,,0.0,0.0,0.62,0.25
Amar Huseinovic,,,1473.1,1500.0,1475.0,1500.0,2,0,2,0.0,0,2,0,,0.0,,0.0,0.0,0.62,0.25
Caio Silva,936,761,1473.0,1515.5,1460.9,1500.0,8,3,5,0.375,3,5,0,0.6667,0.2,,0.375,0.375,0.605,0.2852
Kirill Komarov,2122,2122,1473.0,1472.4,1500.0,1500.0,6,2,4,0.3333,4,2,0,0.25,0.5,,0.3333,0.3333,0.62,0.2605
Ryota Kishi,1576,889,1473.0,1473.4,1500.0,1500.0,4,1,3,0.25,4,0,0,0.25,,,0.25,0.25,0.62,0.25
Riccardo Sinicropi,543,507,1473.0,1500.0,1473.2,1500.0,2,0,2,0.0,0,2,0,,0.0,,0.0,0.0,0.62,0.25
Eros Siringo,905,905,1473.0,1500.0,1474.6,1500.0,2,0,2,0.0,0,2,0,,0.0,,0.0,0.0,0.62,0.25
Jiri Jenicek,1551,1551,1473.0,1500.0,1473.1,1500.0,2,0,2,0.0,0,2,0,,0.0,,0.0,0.0,0.62,0.25
Riku Takahata,1464,1464,1473.0,1474.2,1500.0,1500.0,2,0,2,0.0,2,0,0,0.0,,,0.0,0.0,0.62,0.25
David Eichenseher,1230,1230,1473.0,1471.9,1500.0,1500.0,2,0,2,0.0,2,0,0,0.0,,,0.0,0.0,0.62,0.25
Luka Bojicic Ono,1948,1940,1473.0,1500.0,1473.3,1500.0,2,0,2,0.0,0,2,0,,0.0,,0.0,0.0,0.62,0.25
Masaya Kobayashi,1182,1182,1472.9,1473.6,1500.0,1500.0,4,1,3,0.25,4,0,0,0.25,,,0.25,0.25,0.62,0.25
Colin Van Beem,826,826,1472.9,1500.0,1473.7,1500.0,4,1,3,0.25,0,4,0,,0.25,,0.25,0.25,0.62,0.25
Stephan Fransen,764,756,1472.9,1500.0,1472.3,1500.0,2,0,2,0.0,0,2,0,,0.0,,0.0,0.0,0.62,0.25
Niccolo Inserra,1609,1609,1472.9,1500.0,1471.8,1500.0,2,0,2,0.0,0,2,0,,0.0,,0.0,0.0,0.62,0.25
Timur Mukhtarulin,,,1472.9,1485.7,1484.9,1500.0,2,0,2,0.0,1,1,0,0.0,0.0,,0.0,0.0,0.62,0.25
Marin Draganja,,,1472.8,1486.9,1483.4,1500.0,6,2,4,0.3333,3,3,0,0.3333,0.3333,,0.3333,0.3333,0.62,0.2605
Ivan Goluza,1550,1550,1472.8,1472.9,1500.0,1500.0,2,0,2,0.0,2,0,0,0.0,,,0.0,0.0,0.62,0.25
Matthew Segura,,,1472.8,1500.0,1472.9,1500.0,2,0,2,0.0,0,2,0,,0.0,,0.0,0.0,0.62,0.25
Yassine Dlimi,573,563,1472.8,1474.6,1500.0,1500.0,2,0,2,0.0,2,0,0,0.0,,,0.0,0.0,0.62,0.25
Rodrigo Sanchez,1709,1543,1472.7,1500.0,1474.2,1500.0,4,1,3,0.25,0,4,0,,0.25,,0.25,0.25,0.62,0.25
Mariano Dedura Palomero,1142,964,1472.7,1485.3,1481.1,1500.0,3,0,3,0.0,1,2,0,0.0,0.0,,0.0,0.0,0.62,0.25
Francesco Borgo,933,921,1472.7,1474.8,1500.0,1500.0,2,0,2,0.0,2,0,0,0.0,,,0.0,0.0,0.62,0.25
Ignasi De Rueda De Genover,1056,1028,1472.7,1486.5,1486.3,1500.0,2,0,2,0.0,1,1,0,0.0,0.0,,0.0,0.0,0.62,0.25
Nicolas Oliveira,1697,1697,1472.7,1486.0,1486.6,1500.0,2,0,2,0.0,1,1,0,0.0,0.0,,0.0,0.0,0.62,0.25
Naoya Honda,985,747,1472.6,1476.0,1481.2,1500.0,21,6,15,0.2857,19,2,0,0.3158,0.0,,0.4,0.3,0.62,0.4059
Berk Bugarikj,1726,1726,1472.6,1500.0,1472.7,1500.0,3,0,3,0.0,0,3,0,,0.0,,0.0,0.0,0.62,0.25
Jakub Hadrava,,,1472.6,1472.6,1500.0,1500.0,2,0,2,0.0,2,0,0,0.0,,,0.0,0.0,0.62,0.25
Aditya Deswal,1837,1837,1472.6,1472.6,1500.0,1500.0,2,0,2,0.0,2,0,0,0.0,,,0.0,0.0,0.62,0.25
Rafal Teurer,,,1472.6,1500.0,1472.6,1500.0,2,0,2,0.0,0,2,0,,0.0,,0.0,0.0,0.62,0.25
Lucian Gheorghe,,,1472.6,1500.0,1472.6,1500.0,2,0,2,0.0,0,2,0,,0.0,,0.0,0.0,0.62,0.25
Vullnet Tashi,861,858,1472.6,1486.0,1486.0,1500.0,2,0,2,0.0,1,1,0,0.0,0.0,,0.0,0.0,0.62,0.25
Cheik Pandzou Ekoume,,,1472.6,1500.0,1472.6,1500.0,2,0,2,0.0,0,2,0,,0.0,,0.0,0.0,0.62,0.25
Somdev Devvarman,279,136,1472.5,1480.8,1500.0,1476.4,58,28,30,0.4828,42,14,2,0.5,0.5,0.0,0.3,0.3,0.5766,0.4735
Su Hao Zhong,1064,1064,1472.5,1469.7,1500.0,1500.0,4,1,3,0.25,4,0,0,0.25,,,0.25,0.25,0.59,0.25
Tae Woo Lee,754,751,1472.5,1471.3,1500.0,1500.0,4,1,3,0.25,4,0,0,0.25,,,0.25,0.25,0.62,0.25
Martim Leote Prata,1297,1297,1472.5,1488.2,1487.4,1500.0,4,1,3,0.25,1,3,0,0.0,0.3333,,0.25,0.25,0.62,0.25
Gabriele Vulpitta,1169,1169,1472.5,1500.0,1472.8,1500.0,4,1,3,0.25,0,4,0,,0.25,,0.25,0.25,0.62,0.25
Radovan Michalik,1305,1295,1472.5,1489.2,1479.7,1500.0,3,0,3,0.0,1,2,0,0.0,0.0,,0.0,0.0,0.62,0.25
Alexander Day,994,994,1472.5,1472.3,1500.0,1500.0,2,0,2,0.0,2,0,0,0.0,,,0.0,0.0,0.62,0.25
Anapat Timangkul,,,1472.5,1473.1,1500.0,1500.0,2,0,2,0.0,2,0,0,0.0,,,0.0,0.0,0.62,0.25
Scott Duncan,1368,1368,1472.4,1474.0,1500.0,1500.0,4,1,3,0.25,4,0,0,0.25,,,0.25,0.25,0.62,0.25
Lucio Carnevalle,1230,1230,1472.4,1500.0,1472.2,1500.0,4,1,3,0.25,0,4,0,,0.25,,0.25,0.25,0.62,0.25
Simon Baudry,2084,2084,1472.4,1472.6,1500.0,1500.0,2,0,2,0.0,2,0,0,0.0,,,0.0,0.0,0.62,0.25
Jarred Wynan,,,1472.4,1469.0,1500.0,1500.0,2,0,2,0.0,2,0,0,0.0,,,0.0,0.0,0.62,0.25
Michele Cappellacci,,,1472.4,1500.0,1473.8,1500.0,2,0,2,0.0,0,2,0,,0.0,,0.0,0.0,0.62,0.25
Matteo Fondriest,1428,1279,1472.3,1497.6,1468.0,1500.0,9,3,6,0.3333,6,3,0,0.5,0.0,,0.3333,0.3333,0.62,0.3058
Juan Ignacio Iliev,1608,1608,1472.3,1484.0,1487.9,1500.0,2,0,2,0.0,1,1,0,0.0,0.0,,0.0,0.0,0.56,0.25
Masakatsu Noguchi,,,1472.3,1471.9,1500.0,1500.0,2,0,2,0.0,2,0,0,0.0,,,0.0,0.0,0.62,0.25
Aswin Lizen,1846,1846,1472.3,1471.5,1500.0,1500.0,2,0,2,0.0,2,0,0,0.0,,,0.0,0.0,0.62,0.25
Christopher Li,1017,1017,1472.2,1500.0,1476.5,1500.0,9,3,6,0.3333,0,9,0,,0.3333,,0.3333,0.3333,0.62,0.3058
Pedro Bernardi,1416,953,1472.2,1500.0,1471.8,1500.0,6,2,4,0.3333,0,6,0,,0.3333,,0.3333,0.3333,0.6,0.2521
Vincent Thierry Schneider,,,1472.2,1485.4,1484.6,1500.0,2,0,2,0.0,1,1,0,0.0,0.0,,0.0,0.0,0.62,0.25
Jan Kobierski,1316,1316,1472.2,1500.0,1471.7,1500.0,2,0,2,0.0,0,2,0,,0.0,,0.0,0.0,0.62,0.25
Alexey Nesterov,1497,1497,1472.2,1500.0,1472.8,1500.0,2,0,2,0.0,0,2,0,,0.0,,0.0,0.0,0.62,0.25
Mark Verryth,,,1472.1,1480.5,1485.9,1500.0,16,7,9,0.4375,15,1,0,0.4667,0.0,,0.3,0.4375,0.62,0.3739
Gengo Kikuchi,658,652,1472.1,1471.5,1500.0,1500.0,8,3,5,0.375,8,0,0,0.375,,,0.375,0.375,0.62,0.2923
Abror Isakov,,,1472.1,1472.1,1500.0,1500.0,4,1,3,0.25,4,0,0,0.25,,,0.25,0.25,0.62,0.25
Ivan Davydov,938,938,1472.1,1485.5,1485.4,1500.0,2,0,2,0.0,1,1,0,0.0,0.0,,0.0,0.0,0.62,0.25
Patrick Rynsaardt,,,1472.1,1472.7,1500.0,1500.0,2,0,2,0.0,2,0,0,0.0,,,0.0,0.0,0.62,0.25
Luc Fomba,1817,1576,1472.1,1472.4,1500.0,1500.0,2,0,2,0.0,2,0,0,0.0,,,0.0,0.0,0.62,0.25
Essa Qabazard,2173,2007,1472.1,1471.9,1500.0,1500.0,2,0,2,0.0,2,0,0,0.0,,,0.0,0.0,0.62,0.25
Seung Min Lee,,,1472.1,1471.5,1500.0,1500.0,2,0,2,0.0,2,0,0,0.0,,,0.0,0.0,0.62,0.25
Rafael Segado Esteve,,,1472.1,1471.9,1500.0,1500.0,2,0,2,0.0,2,0,0,0.0,,,0.0,0.0,0.62,0.25
Marouane Wasfy,1924,1924,1472.0,1500.0,1472.0,1500.0,2,0,2,0.0,0,2,0,,0.0,,0.0,0.0,0.62,0.25
Sung Jun Park,,,1472.0,1471.4,1500.0,1500.0,2,0,2,0.0,2,0,0,0.0,,,0.0,0.0,0.62,0.25
Brian Brogan,,,1472.0,1472.4,1500.0,1500.0,2,0,2,0.0,2,0,0,0.0,,,0.0,0.0,0.62,0.25
Alberto Odiseo Alvarado Berrospi,1318,1270,1472.0,1500.0,1472.2,1500.0,2,0,2,0.0,0,2,0,,0.0,,0.0,0.0,0.62,0.25
Alan Bojarski,1126,1126,1472.0,1484.3,1488.4,1500.0,2,0,2,0.0,1,1,0,0.0,0.0,,0.0,0.0,0.62,0.25
Rrezart Cungu,623,623,1471.9,1500.5,1471.4,1500.0,4,1,3,0.25,2,2,0,0.5,0.0,,0.25,0.25,0.62,0.25
Robbie Mudge,1268,1268,1471.9,1474.1,1500.0,1500.0,2,0,2,0.0,2,0,0,0.0,,,0.0,0.0,0.62,0.25
Michele Longo,,,1471.9,1500.0,1470.8,1500.0,2,0,2,0.0,0,2,0,,0.0,,0.0,0.0,0.62,0.25
Yerassyl Yerdilda,1970,1970,1471.9,1471.9,1500.0,1500.0,2,0,2,0.0,2,0,0,0.0,,,0.0,0.0,0.62,0.25
Dakotah Bobo,2046,2046,1471.9,1500.0,1471.5,1500.0,2,0,2,0.0,0,2,0,,0.0,,0.0,0.0,0.62,0.25
Benjamin Torrealba,717,717,1471.8,1486.6,1480.3,1500.0,28,11,17,0.3929,1,27,0,0.0,0.4074,,0.5,0.4,0.6157,0.4354
Leo Vithoontien,655,655,1471.8,1505.3,1465.9,1500.0,27,12,15,0.4444,25,2,0,0.48,0.0,,0.4,0.5,0.62,0.4344
Nicolas Xiviller,1077,1077,1471.8,1500.0,1472.3,1500.0,4,1,3,0.25,0,4,0,,0.25,,0.25,0.25,0.62,0.25
Catalin Mateas,,,1471.8,1471.8,1500.0,1500.0,2,0,2,0.0,2,0,0,0.0,,,0.0,0.0,0.62,0.25
Adam Nagoudi,,,1471.8,1500.0,1468.6,1500.0,2,0,2,0.0,0,2,0,,0.0,,0.0,0.0,0.62,0.25
Michael Vrbensky,593,278,1471.7,1473.8,1468.3,1500.0,210,96,114,0.4571,53,157,0,0.4151,0.4713,,0.2,0.45,0.6183,0.5808
Matt Reid,512,249,1471.7,1448.9,1466.5,1515.9,61,24,37,0.3934,43,5,13,0.3721,0.2,0.5385,0.4,0.4,0.5944,0.4921
Yuri Andrade,2232,2232,1471.7,1500.0,1471.8,1500.0,2,0,2,0.0,0,2,0,,0.0,,0.0,0.0,0.62,0.25
Valentin Garay,1493,1477,1471.7,1500.0,1471.5,1500.0,2,0,2,0.0,0,2,0,,0.0,,0.0,0.0,0.62,0.25
Kamil Gajewski,1779,1143,1471.6,1486.1,1486.0,1500.0,2,0,2,0.0,1,1,0,0.0,0.0,,0.0,0.0,0.62,0.25
Shoma Kato,1764,1764,1471.6,1471.6,1500.0,1500.0,2,0,2,0.0,2,0,0,0.0,,,0.0,0.0,0.62,0.25
Werapath Sirijariyaporn,,,1471.6,1471.7,1500.0,1500.0,2,0,2,0.0,2,0,0,0.0,,,0.0,0.0,0.62,0.25
Henry Barrett,,,1471.6,1500.0,1487.3,1486.0,2,0,2,0.0,0,1,1,,0.0,0.0,0.0,0.0,0.62,0.25
Alexander Kudryavtsev,373,124,1471.5,1497.9,1390.4,1512.3,145,71,74,0.4897,128,12,5,0.5234,0.0833,0.6,0.3,0.25,0.596,0.5456
Valery Rudnev,942,929,1471.5,1487.7,1485.4,1500.0,6,2,4,0.3333,5,1,0,0.4,0.0,,0.3333,0.3333,0.54,0.25
Nino Portales,1633,1484,1471.5,1473.9,1500.0,1500.0,2,0,2,0.0,2,0,0,0.0,,,0.0,0.0,0.62,0.25
Nicolas Ngodrela,,,1471.5,1471.7,1500.0,1500.0,2,0,2,0.0,2,0,0,0.0,,,0.0,0.0,0.62,0.25
Lance Amaury Lage Castelan,,,1471.5,1471.3,1500.0,1500.0,2,0,2,0.0,2,0,0,0.0,,,0.0,0.0,0.62,0.25
Allan Gatoto,,,1471.5,1500.0,1470.4,1500.0,2,0,2,0.0,0,2,0,,0.0,,0.0,0.0,0.62,0.25
Hugo Pontico,917,917,1471.4,1483.5,1484.5,1500.0,4,1,3,0.25,1,3,0,0.0,0.3333,,0.25,0.25,0.62,0.25
Kevin Jack Carpenter,1369,1369,1471.4,1468.4,1500.0,1500.0,3,0,3,0.0,3,0,0,0.0,,,0.0,0.0,0.58,0.25
Ji Ha Kim,1763,1763,1471.4,1472.5,1500.0,1500.0,2,0,2,0.0,2,0,0,0.0,,,0.0,0.0,0.62,0.25
Juan Carlos Manuel Aguilar,1311,1311,1471.4,1472.4,1500.0,1500.0,2,0,2,0.0,2,0,0,0.0,,,0.0,0.0,0.62,0.25
Eric Ahren Moonga,,,1471.4,1500.0,1471.9,1500.0,2,0,2,0.0,0,2,0,,0.0,,0.0,0.0,0.62,0.25
Luca Gelhardt,849,849,1471.4,1484.8,1486.0,1500.0,2,0,2,0.0,1,1,0,0.0,0.0,,0.0,0.0,0.62,0.25
Cesar Bouchelaghem,609,609,1471.3,1492.3,1469.7,1500.0,6,1,5,0.1667,3,3,0,0.3333,0.0,,0.1667,0.1667,0.62,0.2605
Lorenzo Abbruciati,,,1471.3,1500.0,1471.2,1500.0,2,0,2,0.0,0,2,0,,0.0,,0.0,0.0,0.62,0.25
Leonard Von Hindte,1414,1414,1471.3,1500.0,1471.1,1500.0,2,0,2,0.0,0,2,0,,0.0,,0.0,0.0,0.62,0.25
Kuzey Cekirge,981,981,1471.3,1484.0,1486.0,1500.0,2,0,2,0.0,1,1,0,0.0,0.0,,0.0,0.0,0.62,0.25
Radu David Turcanu,895,895,1471.3,1500.0,1471.6,1500.0,2,0,2,0.0,0,2,0,,0.0,,0.0,0.0,0.62,0.25
Pablo Robledo Hoyos,1903,1882,1471.3,1484.5,1488.1,1500.0,2,0,2,0.0,1,1,0,0.0,0.0,,0.0,0.0,0.62,0.25
Darius Florin Pop,1778,1770,1471.3,1500.0,1471.5,1500.0,2,0,2,0.0,0,2,0,,0.0,,0.0,0.0,0.62,0.25
Guy Stokman,,,1471.2,1500.0,1471.2,1500.0,2,0,2,0.0,0,2,0,,0.0,,0.0,0.0,0.62,0.25
Anas Chakrouni,,,1471.2,1500.0,1471.4,1500.0,2,0,2,0.0,0,2,0,,0.0,,0.0,0.0,0.62,0.25
Emilio Bowen,,,1471.2,1500.0,1471.3,1500.0,2,0,2,0.0,0,2,0,,0.0,,0.0,0.0,0.62,0.25
Sebastian Dominko,1040,988,1471.1,1516.2,1445.6,1500.0,12,4,8,0.3333,3,9,0,0.6667,0.2222,,0.4,0.3333,0.62,0.3396
Federico Aguilar Cardozo,1175,1152,1471.1,1500.0,1470.5,1500.0,11,3,8,0.2727,0,11,0,,0.2727,,0.3,0.2727,0.62,0.3293
Alexandre Girotto,1867,1867,1471.1,1485.4,1485.1,1500.0,4,1,3,0.25,1,3,0,0.0,0.3333,,0.25,0.25,0.62,0.25
Dino Molokova Ferreira,,,1471.1,1489.4,1475.4,1500.0,3,0,3,0.0,1,2,0,0.0,0.0,,0.0,0.0,0.62,0.25
Armando Gandini,,,1471.1,1500.0,1472.1,1500.0,2,0,2,0.0,0,2,0,,0.0,,0.0,0.0,0.62,0.25
Valentin Sansonetti,,,1471.1,1486.1,1485.1,1500.0,2,0,2,0.0,1,1,0,0.0,0.0,,0.0,0.0,0.62,0.25
Richard Solberg,,,1471.1,1471.5,1500.0,1500.0,2,0,2,0.0,2,0,0,0.0,,,0.0,0.0,0.62,0.25
Mathis Debru,,,1471.1,1471.4,1500.0,1500.0,2,0,2,0.0,2,0,0,0.0,,,0.0,0.0,0.62,0.25
Cezar Stefan Bentzel,,,1471.1,1500.0,1471.3,1500.0,2,0,2,0.0,0,2,0,,0.0,,0.0,0.0,0.62,0.25
Joao Pedro Sorgi,658,256,1471.0,1483.7,1470.2,1500.0,119,59,60,0.4958,6,113,0,0.3333,0.5044,,0.5,0.4,0.615,0.5533
Jose Olivares,648,648,1471.0,1503.9,1467.2,1500.0,16,6,10,0.375,4,12,0,0.5,0.3333,,0.4,0.375,0.62,0.3739
Ryan Fishback,646,629,1471.0,1475.5,1489.9,1500.0,11,4,7,0.3636,10,1,0,0.4,0.0,,0.4,0.3636,0.6091,0.3235
Ivo Minar,1474,1474,1471.0,1500.0,1473.8,1500.0,10,4,6,0.4,0,10,0,,0.4,,0.4,0.4,0.62,0.3181
Jan Klimas,1338,1338,1471.0,1500.0,1470.3,1500.0,5,1,4,0.2,0,5,0,,0.2,,0.2,0.2,0.62,0.25
Chase Wood,,,1471.0,1467.4,1500.0,1500.0,3,0,3,0.0,3,0,0,0.0,,,0.0,0.0,0.62,0.25
Oscar Torres,2029,2029,1471.0,1500.0,1469.8,1500.0,2,0,2,0.0,0,2,0,,0.0,,0.0,0.0,0.62,0.25
Shogo Sanada,,,1471.0,1471.3,1500.0,1500.0,2,0,2,0.0,2,0,0,0.0,,,0.0,0.0,0.62,0.25
Elyas Abduljalil,,,1471.0,1470.6,1500.0,1500.0,2,0,2,0.0,2,0,0,0.0,,,0.0,0.0,0.62,0.25
Marco De Rossi,1291,1258,1470.9,1500.0,1465.5,1500.0,5,1,4,0.2,0,5,0,,0.2,,0.2,0.2,0.62,0.25
Jiri Cizek,1850,1431,1470.9,1500.0,1470.9,1500.0,3,0,3,0.0,0,3,0,,0.0,,0.0,0.0,0.62,0.25
Gaston Arturo Grimolizzi,926,926,1470.9,1500.0,1470.3,1500.0,2,0,2,0.0,0,2,0,,0.0,,0.0,0.0,0.62,0.25
Stefan Vujic,2037,2037,1470.9,1470.9,1500.0,1500.0,2,0,2,0.0,2,0,0,0.0,,,0.0,0.0,0.62,0.25
Ramazan Nureev,,,1470.9,1482.7,1486.8,1500.0,2,0,2,0.0,1,1,0,0.0,0.0,,0.0,0.0,0.62,0.25
Jordan Iturra,,,1470.9,1500.0,1471.1,1500.0,2,0,2,0.0,0,2,0,,0.0,,0.0,0.0,0.62,0.25
Youlian Iakovlev,,,1470.8,1500.0,1471.8,1500.0,2,0,2,0.0,0,2,0,,0.0,,0.0,0.0,0.62,0.25
Abdoulaziz Bationo,,,1470.8,1470.6,1500.0,1500.0,2,0,2,0.0,2,0,0,0.0,,,0.0,0.0,0.62,0.25
Natan Rodrigues,836,836,1470.7,1526.3,1451.4,1500.0,14,6,8,0.4286,4,10,0,0.75,0.3,,0.5,0.4286,0.6114,0.353
Tomas Vaise,,,1470.7,1471.9,1500.0,1500.0,3,0,3,0.0,3,0,0,0.0,,,0.0,0.0,0.62,0.25
Alessandro Cortegiani,1753,1692,1470.7,1500.0,1471.2,1500.0,2,0,2,0.0,0,2,0,,0.0,,0.0,0.0,0.62,0.25
Saul Verdugo Vicente,,,1470.7,1472.1,1500.0,1500.0,2,0,2,0.0,2,0,0,0.0,,,0.0,0.0,0.62,0.25
Igor Saveljic,1757,1757,1470.7,1470.4,1500.0,1500.0,2,0,2,0.0,2,0,0,0.0,,,0.0,0.0,0.62,0.25
Fabian Fallert,,,1470.7,1485.4,1486.7,1500.0,2,0,2,0.0,1,1,0,0.0,0.0,,0.0,0.0,0.62,0.25
Wally Thayne,1966,1966,1470.7,1484.9,1500.0,1486.0,2,0,2,0.0,1,0,1,0.0,,0.0,0.0,0.0,0.62,0.25
Mikail Alimli,1454,1143,1470.6,1468.5,1500.0,1500.0,5,1,4,0.2,5,0,0,0.2,,,0.2,0.2,0.62,0.25
Matias Rojas,,,1470.6,1500.0,1470.7,1500.0,2,0,2,0.0,0,2,0,,0.0,,0.0,0.0,0.62,0.25
Aljaz Jakob Kaplja,,,1470.5,1471.4,1500.0,1500.0,4,1,3,0.25,4,0,0,0.25,,,0.25,0.25,0.62,0.25
Gabriel Ghetu,728,728,1470.5,1500.0,1469.9,1500.0,3,0,3,0.0,0,3,0,,0.0,,0.0,0.0,0.58,0.25
Ivan Marrero Curbelo,495,495,1470.4,1465.5,1465.0,1500.0,47,18,29,0.383,27,20,0,0.4074,0.35,,0.6,0.5,0.62,0.4908
James Frawley,1049,897,1470.4,1470.7,1500.0,1500.0,26,12,14,0.4615,26,0,0,0.4615,,,0.2,0.45,0.62,0.4302
Rishab Agarwal,1068,947,1470.4,1472.9,1500.0,1500.0,6,2,4,0.3333,6,0,0,0.3333,,,0.3333,0.3333,0.62,0.2605
Alejandro Mateo Berge Nourescu,,,1470.4,1500.0,1470.0,1500.0,4,1,3,0.25,0,4,0,,0.25,,0.25,0.25,0.62,0.25
Kento Tanaka Tamaki,,,1470.4,1470.4,1500.0,1500.0,2,0,2,0.0,2,0,0,0.0,,,0.0,0.0,0.62,0.25
Diogo Lourenco,1617,1617,1470.4,1500.0,1471.2,1500.0,2,0,2,0.0,0,2,0,,0.0,,0.0,0.0,0.62,0.25
Andres Ariel Fernandez Lopez,,,1470.4,1500.0,1471.6,1500.0,2,0,2,0.0,0,2,0,,0.0,,0.0,0.0,0.62,0.25
Juan Esteban Trujillo Hernandez,,,1470.4,1500.0,1472.5,1500.0,2,0,2,0.0,0,2,0,,0.0,,0.0,0.0,0.62,0.25
Adrien Burdet,2202,1784,1470.4,1486.0,1483.4,1500.0,2,0,2,0.0,1,1,0,0.0,0.0,,0.0,0.0,0.62,0.25
Artur Kukasian,801,801,1470.4,1471.6,1500.0,1500.0,2,0,2,0.0,2,0,0,0.0,,,0.0,0.0,0.62,0.25
Vaughn Hunter,1184,1184,1470.3,1467.2,1500.0,1500.0,3,0,3,0.0,3,0,0,0.0,,,0.0,0.0,0.62,0.25
Thien Nguyen Hoang,2002,2002,1470.3,1470.4,1500.0,1500.0,2,0,2,0.0,2,0,0,0.0,,,0.0,0.0,0.62,0.25
Facundo Jofre,1550,1550,1470.3,1500.0,1471.1,1500.0,2,0,2,0.0,0,2,0,,0.0,,0.0,0.0,0.62,0.25
Iznaur Akhmaev,1876,1835,1470.3,1500.0,1471.5,1500.0,2,0,2,0.0,0,2,0,,0.0,,0.0,0.0,0.62,0.25
Masaki Osafune,1341,1341,1470.3,1470.1,1500.0,1500.0,2,0,2,0.0,2,0,0,0.0,,,0.0,0.0,0.62,0.25
Nicolas Herrero Cuesta,,,1470.3,1469.6,1500.0,1500.0,2,0,2,0.0,2,0,0,0.0,,,0.0,0.0,0.62,0.25
Anthony Popyrin,,,1470.3,1472.1,1500.0,1500.0,2,0,2,0.0,2,0,0,0.0,,,0.0,0.0,0.62,0.25
Carlos Diaz Ruiz,,,1470.3,1473.0,1500.0,1500.0,2,0,2,0.0,2,0,0,0.0,,,0.0,0.0,0.62,0.25
Sergi Fita Juan,1208,1208,1470.2,1485.5,1483.1,1500.0,3,0,3,0.0,1,2,0,0.0,0.0,,0.0,0.0,0.62,0.25
James Hignett,,,1470.2,1471.0,1500.0,1500.0,2,0,2,0.0,2,0,0,0.0,,,0.0,0.0,0.62,0.25
Julius Tverijonas,,,1470.2,1469.1,1500.0,1500.0,2,0,2,0.0,2,0,0,0.0,,,0.0,0.0,0.62,0.25
Alejo Lorenzo Lingua Lavallen,937,382,1470.1,1500.0,1469.0,1500.0,53,25,28,0.4717,0,53,0,,0.4717,,0.2,0.3,0.62,0.5015
Yusuf Ebrahim Ahmed Abdulla Qaed,,,1470.1,1464.3,1500.0,1500.0,3,0,3,0.0,3,0,0,0.0,,,0.0,0.0,0.62,0.25
Andrea Militi Ribaldi,,,1470.1,1500.0,1470.9,1500.0,2,0,2,0.0,0,2,0,,0.0,,0.0,0.0,0.62,0.25
Zhao Cai,1946,1946,1470.1,1470.3,1500.0,1500.0,2,0,2,0.0,2,0,0,0.0,,,0.0,0.0,0.62,0.25
Anurag Nenwani,1254,1254,1470.1,1470.1,1500.0,1500.0,2,0,2,0.0,2,0,0,0.0,,,0.0,0.0,0.62,0.25
Lohithaksha Bathrinath,,,1470.1,1470.6,1500.0,1500.0,2,0,2,0.0,2,0,0,0.0,,,0.0,0.0,0.62,0.25
Gianluca Naso,468,187,1470.0,1506.4,1464.2,1500.0,43,19,24,0.4419,5,38,0,0.4,0.4474,,0.3,0.4,0.6088,0.4738
Tymur Bieldiugin,1002,998,1470.0,1500.0,1469.7,1500.0,3,0,3,0.0,0,3,0,,0.0,,0.0,0.0,0.62,0.25
Jose Rene Mejia,,,1470.0,1500.0,1470.5,1500.0,2,0,2,0.0,0,2,0,,0.0,,0.0,0.0,0.62,0.25
Jesse Huta Galung,464,194,1469.9,1484.9,1484.5,1487.0,30,12,18,0.4,14,15,1,0.4286,0.4,0.0,0.4,0.35,0.58,0.4171
Matt Hulme,1187,781,1469.9,1466.6,1500.0,1500.0,28,12,16,0.4286,28,0,0,0.4286,,,0.3,0.45,0.62,0.4384
Raphael Baltensperger,735,695,1469.9,1485.9,1481.4,1500.0,7,2,5,0.2857,3,4,0,0.3333,0.25,,0.2857,0.2857,0.5857,0.2619
Rached Rihani,,,1469.9,1471.2,1500.0,1500.0,4,1,3,0.25,4,0,0,0.25,,,0.25,0.25,0.62,0.25
Lofo Ramiaramanana,2216,2216,1469.9,1500.0,1470.1,1500.0,2,0,2,0.0,0,2,0,,0.0,,0.0,0.0,0.62,0.25
Oezen Usakli,,,1469.9,1470.5,1500.0,1500.0,2,0,2,0.0,2,0,0,0.0,,,0.0,0.0,0.62,0.25
Kunal Anand,1047,879,1469.8,1471.0,1499.2,1500.0,8,3,5,0.375,6,2,0,0.3333,0.5,,0.375,0.375,0.62,0.2923
Nicolas Garcia Longo,1128,1128,1469.8,1500.0,1471.8,1500.0,4,1,3,0.25,0,4,0,,0.25,,0.25,0.25,0.62,0.25
Roy Stepanov,,,1469.8,1484.3,1485.4,1500.0,2,0,2,0.0,1,1,0,0.0,0.0,,0.0,0.0,0.62,0.25
Dimitri Morogiannis,,,1469.7,1470.5,1500.0,1500.0,4,1,3,0.25,4,0,0,0.25,,,0.25,0.25,0.62,0.25
Marcelo Tebet Filho,,,1469.7,1500.0,1471.0,1500.0,2,0,2,0.0,0,2,0,,0.0,,0.0,0.0,0.62,0.25
Andrea Baldoni,,,1469.7,1500.0,1471.1,1500.0,2,0,2,0.0,0,2,0,,0.0,,0.0,0.0,0.62,0.25
Azizbek Lukmanov,,,1469.7,1484.9,1484.3,1500.0,2,0,2,0.0,1,1,0,0.0,0.0,,0.0,0.0,0.62,0.25
Oges Theyjo Jaya Prakash,,,1469.7,1470.4,1500.0,1500.0,2,0,2,0.0,2,0,0,0.0,,,0.0,0.0,0.62,0.25
Oren Vasser,1402,1402,1469.7,1486.6,1484.9,1500.0,2,0,2,0.0,1,1,0,0.0,0.0,,0.0,0.0,0.62,0.25
Sebastian Serrano,1476,1476,1469.6,1500.0,1470.5,1500.0,8,3,5,0.375,0,8,0,,0.375,,0.375,0.375,0.62,0.2923
Pascal Meis,547,532,1469.6,1472.0,1497.7,1500.0,8,3,5,0.375,6,2,0,0.3333,0.5,,0.375,0.375,0.62,0.2923
Joel Vincent Link,,,1469.5,1500.0,1472.1,1500.0,4,1,3,0.25,0,4,0,,0.25,,0.25,0.25,0.62,0.25
Jake Douglas,1364,1364,1469.5,1471.3,1500.0,1500.0,4,1,3,0.25,4,0,0,0.25,,,0.25,0.25,0.62,0.25
Drazen Petrovic,1860,1860,1469.5,1500.0,1469.6,1500.0,2,0,2,0.0,0,2,0,,0.0,,0.0,0.0,0.62,0.25
Pavle Daljev,1305,1305,1469.3,1500.0,1469.5,1500.0,2,0,2,0.0,0,2,0,,0.0,,0.0,0.0,0.62,0.25
Jack Vance,,,1469.3,1468.6,1500.0,1500.0,2,0,2,0.0,2,0,0,0.0,,,0.0,0.0,0.62,0.25
Keerthivassan Suresh,,,1469.3,1469.8,1500.0,1500.0,2,0,2,0.0,2,0,0,0.0,,,0.0,0.0,0.62,0.25
Tsz Fu Wong,2210,2208,1469.3,1500.0,1470.1,1500.0,2,0,2,0.0,0,2,0,,0.0,,0.0,0.0,0.62,0.25
Sho Katayama,1467,584,1469.2,1465.7,1500.0,1500.0,16,6,10,0.375,16,0,0,0.375,,,0.2,0.375,0.62,0.3739
Jiaqi Duan,,,1469.2,1471.3,1498.7,1500.0,6,2,4,0.3333,4,2,0,0.25,0.5,,0.3333,0.3333,0.62,0.2605
Jonathan Ho,1561,1550,1469.2,1468.6,1500.0,1500.0,5,1,4,0.2,5,0,0,0.2,,,0.2,0.2,0.596,0.25
Jan Hrazdil,1584,1110,1469.2,1500.0,1482.8,1484.8,5,1,4,0.2,0,4,1,,0.25,0.0,0.2,0.2,0.62,0.25
Naru Shirafuji,1155,1155,1469.2,1470.3,1500.0,1500.0,4,1,3,0.25,4,0,0,0.25,,,0.25,0.25,0.62,0.25
Abduvoris Saitmukhamedov,2060,2060,1469.2,1484.1,1486.0,1500.0,2,0,2,0.0,1,1,0,0.0,0.0,,0.0,0.0,0.62,0.25
Diego Gomez,,,1469.2,1500.0,1469.5,1500.0,2,0,2,0.0,0,2,0,,0.0,,0.0,0.0,0.62,0.25
Igor Zelenay,1223,1223,1469.1,1490.2,1481.2,1500.0,14,6,8,0.4286,6,8,0,0.5,0.375,,0.3,0.4286,0.6114,0.353
Mert Naci Turker,853,853,1469.1,1464.2,1500.0,1500.0,10,3,7,0.3,10,0,0,0.3,,,0.3,0.3,0.596,0.3057
Cristian Carli,487,485,1469.1,1487.2,1480.4,1500.0,5,1,4,0.2,1,4,0,0.0,0.25,,0.2,0.2,0.62,0.25
Zach Itzstein,1567,1567,1469.1,1470.6,1500.0,1500.0,4,1,3,0.25,4,0,0,0.25,,,0.25,0.25,0.59,0.25
Sebastien Collard,,,1469.1,1468.8,1500.0,1500.0,2,0,2,0.0,2,0,0,0.0,,,0.0,0.0,0.62,0.25
Yair Sarouk,,,1469.1,1471.7,1500.0,1500.0,2,0,2,0.0,2,0,0,0.0,,,0.0,0.0,0.62,0.25
Santiago Navarro,,,1469.1,1500.0,1468.1,1500.0,2,0,2,0.0,0,2,0,,0.0,,0.0,0.0,0.62,0.25
Filip Veger,575,485,1469.0,1440.3,1520.1,1500.0,27,11,16,0.4074,22,5,0,0.3636,0.6,,0.4,0.4,0.5933,0.4157
Pedro Uribe,,,1469.0,1500.0,1470.2,1500.0,4,1,3,0.25,0,4,0,,0.25,,0.25,0.25,0.62,0.25
Omni Kumar,391,355,1468.9,1456.9,1500.0,1500.0,64,23,41,0.3594,64,0,0,0.3594,,,0.4,0.4,0.6069,0.5062
Mario Nicosia,,,1468.9,1486.0,1485.6,1500.0,2,0,2,0.0,1,1,0,0.0,0.0,,0.0,0.0,0.62,0.25
Diego Eloy Mendez Montiel,,,1468.9,1470.3,1500.0,1500.0,2,0,2,0.0,2,0,0,0.0,,,0.0,0.0,0.62,0.25
Alonso Alejandro Delgado,,,1468.8,1484.9,1484.9,1500.0,2,0,2,0.0,1,1,0,0.0,0.0,,0.0,0.0,0.62,0.25
Blu Baker,697,697,1468.7,1494.1,1480.4,1500.0,14,6,8,0.4286,4,10,0,0.5,0.4,,0.4,0.4286,0.62,0.358
Lubomir Majsajdr,,,1468.7,1500.0,1469.9,1500.0,4,1,3,0.25,0,4,0,,0.25,,0.25,0.25,0.62,0.25
Leevi Saatela,1737,1737,1468.7,1464.9,1500.0,1500.0,3,0,3,0.0,3,0,0,0.0,,,0.0,0.0,0.62,0.25
Naoto Kai,,,1468.7,1468.5,1500.0,1500.0,2,0,2,0.0,2,0,0,0.0,,,0.0,0.0,0.62,0.25
Glauco Pinheiro Da Cruz Junior,2147,1986,1468.7,1500.0,1468.5,1500.0,2,0,2,0.0,0,2,0,,0.0,,0.0,0.0,0.62,0.25
Youssef Labbene,,,1468.6,1500.0,1471.4,1500.0,2,0,2,0.0,0,2,0,,0.0,,0.0,0.0,0.62,0.25
Krzysztof Plewa,,,1468.6,1500.0,1468.9,1500.0,2,0,2,0.0,0,2,0,,0.0,,0.0,0.0,0.62,0.25
Gustavo Ribeiro De Almeida,891,891,1468.4,1500.0,1465.6,1500.0,8,2,6,0.25,0,8,0,,0.25,,0.25,0.25,0.62,0.2923
Riccardo Bellotti,592,199,1468.3,1464.7,1466.8,1489.2,82,31,51,0.378,20,59,3,0.4,0.3729,0.3333,0.3,0.35,0.6054,0.5227
Caio Zampieri,348,247,1468.3,1474.9,1495.0,1500.0,80,36,44,0.45,26,54,0,0.4615,0.4444,,0.3,0.25,0.614,0.5284
Aditya Vishal Balsekar,1199,1199,1468.3,1467.1,1500.0,1500.0,10,3,7,0.3,10,0,0,0.3,,,0.3,0.3,0.608,0.3119
Martin Blasko,776,607,1468.2,1490.6,1475.0,1500.0,11,4,7,0.3636,1,10,0,0.0,0.4,,0.4,0.3636,0.62,0.3293
Enzo Kohlmann De Freitas,909,909,1468.2,1479.9,1480.8,1500.0,7,2,5,0.2857,3,4,0,0.3333,0.25,,0.2857,0.2857,0.62,0.2773
Hudson Rivera,1368,1129,1468.2,1466.5,1500.0,1500.0,3,0,3,0.0,3,0,0,0.0,,,0.0,0.0,0.58,0.25
Minseob Lim,,,1468.2,1469.7,1500.0,1500.0,2,0,2,0.0,2,0,0,0.0,,,0.0,0.0,0.62,0.25
Yan Cheng Chen,1437,1437,1468.2,1467.7,1500.0,1500.0,2,0,2,0.0,2,0,0,0.0,,,0.0,0.0,0.62,0.25
Donald Young,727,48,1468.1,1477.4,1478.4,1498.2,185,91,94,0.4919,146,29,10,0.4932,0.4828,0.5,0.2,0.25,0.585,0.5452
Ruben Ramirez Hidalgo,341,140,1468.1,1543.1,1451.6,1488.7,135,65,70,0.4815,18,114,3,0.5556,0.4737,0.3333,0.3,0.25,0.6111,0.5562
Mousa Shanan Zayed,2085,2085,1468.1,1456.8,1500.0,1500.0,6,0,6,0.0,6,0,0,0.0,,,0.0,0.0,0.5,0.25
Iouri Sant Syromolotov Netrebin,1181,1181,1468.1,1483.6,1486.0,1500.0,4,1,3,0.25,1,3,0,0.0,0.3333,,0.25,0.25,0.62,0.25
Filip Gabriel Bara,1984,1984,1468.1,1500.0,1468.0,1500.0,2,0,2,0.0,0,2,0,,0.0,,0.0,0.0,0.62,0.25
Karim Mohamed Maamoun,1341,234,1468.0,1466.8,1471.8,1500.0,67,26,41,0.3881,34,33,0,0.3824,0.3939,,0.3,0.35,0.6128,0.5147
Lukas Mugevicius,406,406,1468.0,1476.9,1487.5,1500.0,11,4,7,0.3636,6,5,0,0.3333,0.4,,0.3,0.3636,0.62,0.3293
Nicolas Hollender,1602,1602,1468.0,1500.0,1469.0,1500.0,2,0,2,0.0,0,2,0,,0.0,,0.0,0.0,0.62,0.25
Leonardo Aboian,860,469,1467.9,1500.0,1468.6,1500.0,63,28,35,0.4444,0,63,0,,0.4444,,0.5,0.3,0.62,0.5159
Omar Giacalone,713,327,1467.9,1500.0,1455.8,1500.0,39,15,24,0.3846,0,39,0,,0.3846,,0.5,0.4,0.6169,0.4707
Alberto Brizzi,708,708,1467.9,1500.0,1472.9,1500.0,8,3,5,0.375,0,8,0,,0.375,,0.375,0.375,0.62,0.2923
Abel Hernandez Aguila,,,1467.9,1500.0,1466.3,1500.0,3,0,3,0.0,0,3,0,,0.0,,0.0,0.0,0.62,0.25
Caleb Chakravarthi,,,1467.8,1468.1,1500.0,1500.0,2,0,2,0.0,2,0,0,0.0,,,0.0,0.0,0.62,0.25
Shohei Chikami,1150,1150,1467.8,1467.6,1500.0,1500.0,2,0,2,0.0,2,0,0,0.0,,,0.0,0.0,0.62,0.25
Adrian Arcon,,,1467.8,1469.5,1500.0,1500.0,2,0,2,0.0,2,0,0,0.0,,,0.0,0.0,0.62,0.25
Kirill Saplin,,,1467.7,1471.9,1500.0,1500.0,2,0,2,0.0,2,0,0,0.0,,,0.0,0.0,0.62,0.25
Matej Sabanov,1126,790,1467.6,1457.4,1475.5,1500.0,48,21,27,0.4375,29,19,0,0.4483,0.4211,,0.4,0.45,0.62,0.4927
Thomas Bosancic,1724,1724,1467.6,1469.9,1500.0,1500.0,6,2,4,0.3333,6,0,0,0.3333,,,0.3333,0.3333,0.62,0.2605
Masaki Sasai,1219,1219,1467.6,1467.8,1500.0,1500.0,2,0,2,0.0,2,0,0,0.0,,,0.0,0.0,0.62,0.25
Isaac Nortey,1806,1806,1467.6,1500.0,1469.6,1500.0,2,0,2,0.0,0,2,0,,0.0,,0.0,0.0,0.62,0.25
Bruno Oliveira,,,1467.6,1486.0,1482.1,1500.0,2,0,2,0.0,1,1,0,0.0,0.0,,0.0,0.0,0.62,0.25
Matteo Viola,411,185,1467.5,1508.7,1412.1,1498.0,291,120,171,0.4124,159,122,10,0.4717,0.3279,0.5,0.2,0.25,0.6023,0.5752
Justin Roberts,1265,800,1467.5,1499.4,1474.8,1500.0,15,7,8,0.4667,6,9,0,0.5,0.4444,,0.4,0.4667,0.62,0.3662
Kristian Lozan,544,542,1467.5,1478.0,1485.5,1500.0,7,2,5,0.2857,6,1,0,0.3333,0.0,,0.2857,0.2857,0.62,0.2773
Adam Jurajda,1281,1281,1467.5,1500.0,1466.6,1500.0,3,0,3,0.0,0,3,0,,0.0,,0.0,0.0,0.62,0.25
Chien Hsun Lo,867,403,1467.4,1479.2,1483.6,1500.0,26,11,15,0.4231,25,1,0,0.44,0.0,,0.3,0.4,0.62,0.4302
Curtis Clarke,,,1467.4,1475.6,1500.0,1486.6,3,0,3,0.0,2,0,1,0.0,,0.0,0.0,0.0,0.62,0.25
Cooper Kose,,,1467.4,1468.0,1500.0,1500.0,2,0,2,0.0,2,0,0,0.0,,,0.0,0.0,0.62,0.25
Andres Artunedo Martinavarro,390,306,1467.3,1464.6,1500.0,1485.5,36,13,23,0.3611,35,0,1,0.3714,,0.0,0.4,0.35,0.6133,0.46
Victor Ouvrard,1439,1173,1467.3,1468.3,1500.0,1500.0,4,1,3,0.25,4,0,0,0.25,,,0.25,0.25,0.62,0.25
Hong Lin Fu,1982,1523,1467.3,1469.1,1500.0,1500.0,2,0,2,0.0,2,0,0,0.0,,,0.0,0.0,0.62,0.25
Elijah Strode,941,941,1467.2,1479.4,1485.2,1500.0,7,2,5,0.2857,6,1,0,0.3333,0.0,,0.2857,0.2857,0.6029,0.2696
Vesa Ahti,1142,1142,1467.2,1488.9,1475.5,1500.0,5,1,4,0.2,1,4,0,0.0,0.25,,0.2,0.2,0.62,0.25
Lukas Krainer,645,593,1467.2,1500.0,1467.2,1500.0,3,0,3,0.0,0,3,0,,0.0,,0.0,0.0,0.62,0.25
Alp Horoz,1325,1279,1467.2,1467.5,1500.0,1500.0,2,0,2,0.0,2,0,0,0.0,,,0.0,0.0,0.62,0.25
Peter Nagy,608,413,1467.1,1468.4,1485.3,1500.0,28,12,16,0.4286,4,24,0,0.0,0.5,,0.2,0.4,0.6114,0.4323
Jarryd Woog,1834,1834,1467.1,1478.4,1487.4,1500.0,3,0,3,0.0,2,1,0,0.0,0.0,,0.0,0.0,0.54,0.25
Rocco Valente,1621,1621,1467.1,1500.0,1467.2,1500.0,2,0,2,0.0,0,2,0,,0.0,,0.0,0.0,0.62,0.25
Lucas Bouquet,650,504,1467.0,1432.3,1500.9,1500.0,26,11,15,0.4231,5,21,0,0.0,0.5238,,0.2,0.4,0.62,0.4302
Tobias Sonne,2165,2165,1467.0,1486.0,1482.7,1500.0,2,0,2,0.0,1,1,0,0.0,0.0,,0.0,0.0,0.62,0.25
Manuel Pena Lopez,454,454,1466.9,1475.8,1480.9,1500.0,24,8,16,0.3333,2,22,0,0.0,0.3636,,0.4,0.4,0.61,0.4144
Juan Martin Fumeaux,,,1466.9,1500.0,1466.9,1500.0,3,0,3,0.0,0,3,0,,0.0,,0.0,0.0,0.62,0.25
Alejandro Arcila,1215,1215,1466.9,1482.3,1486.0,1500.0,2,0,2,0.0,1,1,0,0.0,0.0,,0.0,0.0,0.62,0.25
Jean Thirouin,714,626,1466.8,1487.9,1476.3,1500.0,11,4,7,0.3636,5,6,0,0.4,0.3333,,0.3,0.3636,0.62,0.3293
Daniel Jade,1854,1709,1466.8,1477.7,1479.2,1500.0,5,0,5,0.0,3,2,0,0.0,0.0,,0.0,0.0,0.62,0.25
Ricardo Ortiz,,,1466.8,1470.1,1500.0,1500.0,4,1,3,0.25,4,0,0,0.25,,,0.25,0.25,0.62,0.25
Pierre Antoine Tailleu,1793,1505,1466.8,1466.3,1500.0,1500.0,3,0,3,0.0,3,0,0,0.0,,,0.0,0.0,0.62,0.25
Cing Yang Meng,1982,894,1466.7,1465.1,1500.0,1500.0,7,2,5,0.2857,7,0,0,0.2857,,,0.2857,0.2857,0.62,0.2773
Michael Weindl,1639,1639,1466.7,1464.4,1500.0,1500.0,3,0,3,0.0,3,0,0,0.0,,,0.0,0.0,0.62,0.25
Parth Aggarwal,1850,1455,1466.7,1463.0,1500.0,1500.0,3,0,3,0.0,3,0,0,0.0,,,0.0,0.0,0.62,0.25
Lucas Vuradin,846,846,1466.6,1465.5,1500.0,1500.0,7,2,5,0.2857,7,0,0,0.2857,,,0.2857,0.2857,0.62,0.2773
Manish Ganesh,1652,1645,1466.6,1460.1,1500.0,1500.0,3,0,3,0.0,3,0,0,0.0,,,0.0,0.0,0.62,0.25
Denis Petak,1126,1126,1466.6,1500.0,1467.1,1500.0,2,0,2,0.0,0,2,0,,0.0,,0.0,0.0,0.62,0.25
Yanais Laurent,842,834,1466.5,1500.0,1460.3,1500.0,3,0,3,0.0,0,3,0,,0.0,,0.0,0.0,0.62,0.25
Samuel Sanchez,1747,1747,1466.5,1484.5,1482.3,1500.0,2,0,2,0.0,1,1,0,0.0,0.0,,0.0,0.0,0.62,0.25
Hikaru Shiraishi,469,424,1466.4,1456.4,1500.0,1500.0,42,17,25,0.4048,42,0,0,0.4048,,,0.4,0.4,0.62,0.4802
Julien Cagnina,824,266,1466.4,1447.3,1497.2,1500.0,34,12,22,0.3529,7,27,0,0.1429,0.4074,,0.2,0.35,0.62,0.4591
Mykhailo Mossur,1663,1663,1466.4,1485.4,1482.9,1500.0,2,0,2,0.0,1,1,0,0.0,0.0,,0.0,0.0,0.62,0.25
Zhaoyi Cao,1128,914,1466.3,1479.1,1486.0,1500.0,7,2,5,0.2857,6,1,0,0.3333,0.0,,0.2857,0.2857,0.62,0.2773
Bozo Barun,1364,1296,1466.3,1500.0,1463.0,1500.0,6,1,5,0.1667,0,6,0,,0.1667,,0.1667,0.1667,0.62,0.2605
Niklas Waldner,1204,1204,1466.3,1500.0,1466.4,1500.0,3,0,3,0.0,0,3,0,,0.0,,0.0,0.0,0.62,0.25
Ivan Endara,1223,373,1466.2,1499.1,1455.2,1500.0,52,22,30,0.4231,18,34,0,0.5,0.3824,,0.5,0.45,0.6131,0.4943
Julien Dubail,602,384,1466.2,1480.6,1485.7,1500.0,16,6,10,0.375,15,1,0,0.4,0.0,,0.2,0.375,0.6125,0.3694
Dragos Constantin Ignat,1177,1177,1466.2,1482.6,1483.8,1500.0,12,5,7,0.4167,11,1,0,0.4545,0.0,,0.4,0.4167,0.62,0.3396
Maik Steiner,719,656,1466.1,1457.9,1493.4,1500.0,20,8,12,0.4,5,15,0,0.2,0.4667,,0.4,0.4,0.62,0.4002
Kenneth Raisma,719,698,1466.1,1496.5,1464.3,1500.0,7,2,5,0.2857,4,3,0,0.5,0.0,,0.2857,0.2857,0.62,0.2773
David Fix,1066,1066,1466.1,1488.4,1475.5,1500.0,5,1,4,0.2,1,4,0,0.0,0.25,,0.2,0.2,0.62,0.25
Federico Maccari,980,854,1466.0,1474.0,1487.0,1500.0,5,1,4,0.2,2,3,0,0.0,0.3333,,0.2,0.2,0.62,0.25
Krittin Koaykul,1453,1453,1466.0,1465.3,1500.0,1500.0,3,0,3,0.0,3,0,0,0.0,,,0.0,0.0,0.62,0.25
Egor Gerasimov,546,70,1465.9,1456.9,1492.0,1415.1,361,196,165,0.5429,314,37,10,0.5796,0.3514,0.1,0.2,0.3,0.5834,0.562
Denis Istomin,929,51,1465.9,1443.4,1508.9,1451.2,234,117,117,0.5,164,59,11,0.5305,0.4576,0.2727,0.3,0.35,0.5856,0.5535
Loann Massard,605,509,1465.9,1481.8,1459.5,1500.0,24,8,16,0.3333,21,3,0,0.381,0.0,,0.4,0.25,0.62,0.4212
Corey Gaal,1281,1281,1465.9,1468.2,1500.0,1500.0,9,3,6,0.3333,9,0,0,0.3333,,,0.3333,0.3333,0.62,0.3058
Keshav Chopra,1137,986,1465.9,1463.8,1500.0,1500.0,4,0,4,0.0,4,0,0,0.0,,,0.0,0.0,0.59,0.25
Brydan Klein,376,169,1465.8,1464.6,1445.2,1507.3,223,106,117,0.4753,171,11,41,0.4795,0.2727,0.5122,0.3,0.3,0.6049,0.5702
Yuki Mochizuki,569,471,1465.8,1480.1,1474.8,1500.0,94,43,51,0.4574,79,15,0,0.4557,0.4667,,0.3,0.35,0.6187,0.5431
Zhu Guo,,,1465.8,1482.4,1485.2,1500.0,2,0,2,0.0,1,1,0,0.0,0.0,,0.0,0.0,0.62,0.25
Filip Peliwo,486,170,1465.7,1448.0,1453.7,1464.6,244,103,141,0.4221,215,24,5,0.4326,0.375,0.2,0.0,0.4,0.6116,0.5793
Agustin Moreno,,,1465.7,1470.5,1498.0,1500.0,4,1,3,0.25,2,2,0,0.0,0.5,,0.25,0.25,0.62,0.25
Pablo Carretero,1353,1353,1465.7,1474.9,1490.1,1500.0,3,0,3,0.0,2,1,0,0.0,0.0,,0.0,0.0,0.62,0.25
Sam Barry,527,268,1465.6,1464.1,1500.9,1500.0,58,23,35,0.3966,54,4,0,0.3889,0.5,,0.5,0.35,0.6117,0.5024
Peter Benjamin Privara,676,653,1465.6,1467.8,1479.0,1500.0,16,4,12,0.25,3,13,0,0.0,0.3077,,0.4,0.25,0.62,0.3739
Leonardo Borrelli,1334,1334,1465.6,1480.4,1484.8,1500.0,4,1,3,0.25,3,1,0,0.3333,0.0,,0.25,0.25,0.62,0.25
Greg Ouellette,899,656,1465.6,1488.4,1488.0,1488.0,3,0,3,0.0,1,1,1,0.0,0.0,0.0,0.0,0.0,0.5,0.25
Miliaan Niesten,1217,553,1465.5,1464.6,1487.5,1502.5,52,24,28,0.4615,43,7,2,0.4651,0.4286,0.5,0.2,0.35,0.6085,0.4906
Mae Malige,518,431,1465.5,1457.9,1438.6,1500.0,44,13,31,0.2955,36,8,0,0.3333,0.125,,0.1,0.35,0.6145,0.4804
Ryusei Makiguchi,713,513,1465.5,1500.0,1465.8,1500.0,3,0,3,0.0,0,3,0,,0.0,,0.0,0.0,0.58,0.25
Ang Ji,,,1465.5,1466.4,1500.0,1500.0,2,0,2,0.0,2,0,0,0.0,,,0.0,0.0,0.62,0.25
Oliver Bonding,843,843,1465.4,1470.6,1500.0,1472.5,6,1,5,0.1667,2,0,4,0.0,,0.25,0.1667,0.1667,0.58,0.25
Iannis Miletich,744,709,1465.4,1495.7,1470.1,1500.0,6,2,4,0.3333,2,4,0,0.5,0.25,,0.3333,0.3333,0.62,0.2605
Sam Ryan Ziegann,1089,1089,1465.4,1465.9,1500.0,1500.0,4,1,3,0.25,4,0,0,0.25,,,0.25,0.25,0.62,0.25
Alexander Perfilov,901,842,1465.4,1462.4,1500.0,1500.0,3,0,3,0.0,3,0,0,0.0,,,0.0,0.0,0.54,0.25
Pietro Pampanin,1352,1125,1465.3,1500.0,1456.8,1500.0,6,1,5,0.1667,0,6,0,,0.1667,,0.1667,0.1667,0.62,0.2605
Tim Sandkaulen,1015,1015,1465.3,1482.7,1472.8,1500.0,5,1,4,0.2,1,4,0,0.0,0.25,,0.2,0.2,0.62,0.25
Emanuel Ivanisevic,1485,1485,1465.3,1500.0,1464.7,1500.0,3,0,3,0.0,0,3,0,,0.0,,0.0,0.0,0.62,0.25
Lennon Roark Jones,,,1465.2,1464.1,1500.0,1500.0,3,0,3,0.0,3,0,0,0.0,,,0.0,0.0,0.62,0.25
Jordi Munoz Abreu,1412,794,1465.1,1471.2,1497.5,1500.0,8,3,5,0.375,4,4,0,0.25,0.5,,0.375,0.375,0.59,0.2781
Diego Fernandez Flores,673,673,1465.1,1482.2,1474.1,1500.0,8,1,7,0.125,2,6,0,0.0,0.1667,,0.125,0.125,0.62,0.2923
Hong Chung,1249,643,1465.0,1482.2,1481.9,1500.0,20,8,12,0.4,19,1,0,0.4211,0.0,,0.2,0.4,0.62,0.4002
Olimjon Nabiev,,,1465.0,1478.4,1487.1,1500.0,8,3,5,0.375,7,1,0,0.4286,0.0,,0.375,0.375,0.62,0.2923
Nick Stachowiak,,,1465.0,1464.1,1500.0,1500.0,3,0,3,0.0,3,0,0,0.0,,,0.0,0.0,0.62,0.25
Riccardo Ghedin,1189,462,1464.8,1454.2,1465.2,1487.1,65,27,38,0.4154,31,33,1,0.3548,0.4848,0.0,0.5,0.4,0.62,0.5183
Chieh Fu Wang,1046,996,1464.8,1474.7,1486.8,1500.0,3,0,3,0.0,2,1,0,0.0,0.0,,0.0,0.0,0.58,0.25
Marvin Greven,,,1464.8,1500.0,1464.7,1500.0,3,0,3,0.0,0,3,0,,0.0,,0.0,0.0,0.62,0.25
Omar Knani,,,1464.8,1485.8,1477.4,1500.0,3,0,3,0.0,1,2,0,0.0,0.0,,0.0,0.0,0.62,0.25
Vladimir Ivanov,754,333,1464.7,1444.6,1504.6,1500.0,45,19,26,0.4222,18,27,0,0.3333,0.4815,,0.4,0.5,0.612,0.4805
Daniel Salazar Martinez,856,856,1464.7,1485.3,1472.8,1500.0,14,5,9,0.3571,1,13,0,0.0,0.3846,,0.4,0.3571,0.62,0.358
Aryan Goveas,867,698,1464.7,1460.3,1500.0,1500.0,8,2,6,0.25,8,0,0,0.25,,,0.25,0.25,0.62,0.2923
Ljubomir Celebic,773,439,1464.6,1468.3,1494.9,1500.0,16,7,9,0.4375,8,8,0,0.375,0.5,,0.4,0.4375,0.62,0.3739
Ryan Sweeting,,,1464.6,1461.2,1500.0,1500.0,7,2,5,0.2857,5,2,0,0.2,0.5,,0.2857,0.2857,0.5857,0.2619
Kaito Itsusaki,1312,1312,1464.6,1464.5,1500.0,1500.0,5,1,4,0.2,5,0,0,0.2,,,0.2,0.2,0.62,0.25
Andreas Siljestrom,,,1464.6,1468.4,1496.1,1500.0,4,1,3,0.25,2,2,0,0.0,0.5,,0.25,0.25,0.62,0.25
Angel Diaz Jalil,1402,1402,1464.6,1486.1,1474.7,1500.0,3,0,3,0.0,1,2,0,0.0,0.0,,0.0,0.0,0.62,0.25
Mateo Gomez,1014,1014,1464.6,1500.0,1464.6,1500.0,3,0,3,0.0,0,3,0,,0.0,,0.0,0.0,0.62,0.25
Federico Gaston Gonzalez Benitez,,,1464.6,1500.0,1466.1,1500.0,2,0,2,0.0,0,2,0,,0.0,,0.0,0.0,0.62,0.25
Takanyi Garanganga,443,328,1464.5,1467.0,1475.3,1486.0,81,34,47,0.4198,74,2,5,0.4324,0.0,0.4,0.4,0.4,0.6081,0.5243
Shinta Fujii,1194,1146,1464.4,1464.4,1500.0,1500.0,7,2,5,0.2857,7,0,0,0.2857,,,0.2857,0.2857,0.62,0.2773
Pablo Vivero Gonzalez,445,287,1464.3,1480.2,1472.0,1500.0,20,7,13,0.35,18,2,0,0.3889,0.0,,0.5,0.35,0.62,0.4002
Raul Garcia,1615,1615,1464.3,1500.0,1462.1,1500.0,3,0,3,0.0,0,3,0,,0.0,,0.0,0.0,0.62,0.25
Mihai Alexandru Coman,1491,1279,1464.2,1485.2,1476.4,1500.0,6,1,5,0.1667,1,5,0,0.0,0.2,,0.1667,0.1667,0.62,0.2605
Daniel Gimeno Traver,626,62,1464.1,1397.1,1455.3,1489.7,206,103,103,0.5,20,183,3,0.15,0.541,0.3333,0.1,0.3,0.5979,0.561
Cengiz Aksu,822,822,1464.1,1462.7,1500.0,1500.0,12,4,8,0.3333,12,0,0,0.3333,,,0.3,0.3333,0.61,0.3341
Duje Kekez,917,498,1464.1,1488.0,1465.7,1500.0,7,1,6,0.1429,1,6,0,0.0,0.1667,,0.1429,0.1429,0.6029,0.2696
Giacomo Miccini,1282,1142,1464.1,1478.1,1485.1,1500.0,3,0,3,0.0,2,1,0,0.0,0.0,,0.0,0.0,0.62,0.25
Vladan Tadic,1771,1771,1464.1,1500.0,1464.4,1500.0,3,0,3,0.0,0,3,0,,0.0,,0.0,0.0,0.62,0.25
Guillermo Rivera Aranguiz,793,438,1464.0,1500.0,1463.9,1500.0,16,6,10,0.375,0,16,0,,0.375,,0.4,0.375,0.62,0.3739
Jackson J Withrow,,,1464.0,1473.3,1498.1,1484.9,16,6,10,0.375,13,2,1,0.3846,0.5,0.0,0.4,0.375,0.62,0.3739
Tom Schonenberg,1395,694,1464.0,1499.2,1470.3,1488.0,12,4,8,0.3333,4,7,1,0.5,0.2857,0.0,0.3,0.3333,0.59,0.3232
Lorenzo Gagliardo,983,948,1464.0,1500.0,1464.5,1500.0,4,1,3,0.25,0,4,0,,0.25,,0.25,0.25,0.62,0.25
Ho Gi Kang,,,1464.0,1463.4,1500.0,1500.0,3,0,3,0.0,3,0,0,0.0,,,0.0,0.0,0.62,0.25
Maxence Rivet,640,640,1464.0,1473.5,1488.3,1500.0,3,0,3,0.0,2,1,0,0.0,0.0,,0.0,0.0,0.62,0.25
Mateo Nicolas Martinez,675,668,1463.9,1486.6,1474.8,1500.0,9,3,6,0.3333,1,8,0,0.0,0.375,,0.3333,0.3333,0.62,0.3058
Alexander Ovcharov,1331,1258,1463.9,1475.0,1487.5,1500.0,5,1,4,0.2,2,3,0,0.0,0.3333,,0.2,0.2,0.596,0.25
Admir Kalender,1763,1736,1463.9,1500.0,1462.2,1500.0,4,0,4,0.0,0,4,0,,0.0,,0.0,0.0,0.56,0.25
Miguel Fernando Pereira,1915,1413,1463.9,1500.0,1462.5,1500.0,3,0,3,0.0,0,3,0,,0.0,,0.0,0.0,0.62,0.25
Nicolas Esteban Rico Arias,1505,1499,1463.9,1485.9,1481.6,1500.0,2,0,2,0.0,1,1,0,0.0,0.0,,0.0,0.0,0.62,0.25
Emon Van Loben Sels,875,845,1463.8,1464.0,1500.0,1500.0,3,0,3,0.0,3,0,0,0.0,,,0.0,0.0,0.62,0.25
Arthur Weber,406,303,1463.7,1466.7,1434.8,1500.0,64,26,38,0.4062,56,8,0,0.4464,0.125,,0.4,0.35,0.6125,0.5109
Sander Gille,575,575,1463.7,1501.0,1464.1,1500.0,17,7,10,0.4118,10,7,0,0.5,0.2857,,0.4,0.4118,0.62,0.3811
Umut Akkoyun,2005,2005,1463.6,1463.7,1500.0,1500.0,3,0,3,0.0,3,0,0,0.0,,,0.0,0.0,0.58,0.25
San Hui Sin,369,347,1463.5,1446.9,1500.0,1500.0,51,18,33,0.3529,51,0,0,0.3529,,,0.3,0.3,0.62,0.4982
Alexandre Tsuchiya,1171,696,1463.5,1464.1,1488.8,1500.0,12,4,8,0.3333,3,9,0,0.0,0.4444,,0.4,0.3333,0.61,0.3341
Romeo Arcuschin,1945,1945,1463.5,1500.0,1463.5,1500.0,3,0,3,0.0,0,3,0,,0.0,,0.0,0.0,0.62,0.25
Sebastian Eriksson,864,864,1463.4,1465.6,1493.5,1500.0,6,1,5,0.1667,3,3,0,0.0,0.3333,,0.1667,0.1667,0.6,0.2521
Sean Van Rensburg,1676,1676,1463.4,1464.2,1500.0,1500.0,5,1,4,0.2,5,0,0,0.2,,,0.2,0.2,0.62,0.25
Yannik Steinegger,931,929,1463.4,1462.5,1500.0,1500.0,3,0,3,0.0,3,0,0,0.0,,,0.0,0.0,0.62,0.25
Franjo Raspudic,965,829,1463.3,1500.0,1462.0,1500.0,3,0,3,0.0,0,3,0,,0.0,,0.0,0.0,0.62,0.25
Gabor Borsos,552,552,1463.2,1461.2,1488.3,1500.0,21,8,13,0.381,8,13,0,0.25,0.4615,,0.4,0.4,0.62,0.4059
Maxence Broville,873,873,1463.2,1473.5,1489.1,1500.0,5,1,4,0.2,2,3,0,0.0,0.3333,,0.2,0.2,0.62,0.25
Andres Zepeda,,,1463.2,1463.4,1500.0,1500.0,3,0,3,0.0,3,0,0,0.0,,,0.0,0.0,0.58,0.25
Andrew Delgado,965,957,1463.2,1462.6,1500.0,1500.0,3,0,3,0.0,3,0,0,0.0,,,0.0,0.0,0.62,0.25
Alejandro Manzanera Pertusa,644,644,1463.1,1467.6,1487.0,1500.0,7,2,5,0.2857,6,1,0,0.3333,0.0,,0.2857,0.2857,0.62,0.2773
Nicholas Godsick,1333,1255,1463.0,1455.0,1500.0,1500.0,7,2,5,0.2857,7,0,0,0.2857,,,0.2857,0.2857,0.62,0.2773
Gabriel Donev,1000,981,1462.9,1477.7,1483.4,1500.0,3,0,3,0.0,2,1,0,0.0,0.0,,0.0,0.0,0.54,0.25
Yuta Kikuchi,663,592,1462.8,1461.6,1500.0,1500.0,20,9,11,0.45,20,0,0,0.45,,,0.4,0.45,0.62,0.4002
Roko Horvat,1999,779,1462.8,1489.7,1469.1,1500.0,8,2,6,0.25,5,3,0,0.4,0.0,,0.25,0.25,0.62,0.2923
Jakub Filip,809,802,1462.8,1500.0,1459.2,1500.0,6,1,5,0.1667,0,6,0,,0.1667,,0.1667,0.1667,0.62,0.2605
Taketo Takamisawa,1229,1153,1462.8,1462.4,1500.0,1500.0,3,0,3,0.0,3,0,0,0.0,,,0.0,0.0,0.62,0.25
Benjamin Thomas George,940,835,1462.7,1475.3,1480.4,1500.0,21,9,12,0.4286,16,5,0,0.4375,0.4,,0.4,0.4,0.62,0.4059
Takao Suzuki,815,770,1462.7,1462.5,1500.0,1500.0,5,1,4,0.2,5,0,0,0.2,,,0.2,0.2,0.572,0.25
Lachlan James Mcfadzean,1266,1266,1462.7,1461.3,1500.0,1500.0,3,0,3,0.0,3,0,0,0.0,,,0.0,0.0,0.62,0.25
Yaraslav Shyla,1437,308,1462.6,1486.2,1449.0,1500.0,62,29,33,0.4677,56,6,0,0.5,0.1667,,0.4,0.35,0.6142,0.5098
Nicolas Villalon,752,752,1462.6,1474.9,1466.2,1500.0,38,13,25,0.3421,6,32,0,0.3333,0.3438,,0.7,0.5,0.6168,0.4681
Soichiro Moritani,710,710,1462.6,1460.2,1500.0,1500.0,5,1,4,0.2,5,0,0,0.2,,,0.2,0.2,0.62,0.25
Alessandro Bellifemine,951,939,1462.6,1500.0,1464.6,1500.0,5,1,4,0.2,0,5,0,,0.2,,0.2,0.2,0.62,0.25
Robin Kern,712,397,1462.5,1492.5,1469.4,1488.0,30,13,17,0.4333,22,7,1,0.5,0.2857,0.0,0.2,0.4,0.616,0.443
Philip Davydenko,726,397,1462.5,1495.8,1440.8,1500.0,23,8,15,0.3478,9,14,0,0.4444,0.2857,,0.4,0.4,0.573,0.3848
Aidan Kim,553,553,1462.4,1463.5,1486.6,1500.0,11,3,8,0.2727,10,1,0,0.3,0.0,,0.3,0.2727,0.62,0.3293
Maxence Bertimon,722,705,1462.4,1474.1,1485.3,1500.0,5,1,4,0.2,4,1,0,0.25,0.0,,0.2,0.2,0.62,0.25
Daniel Bennett,,,1462.4,1500.0,1500.0,1463.0,3,0,3,0.0,0,0,3,,,0.0,0.0,0.0,0.62,0.25
Dhruva Mulye,,,1462.4,1478.2,1486.0,1500.0,3,0,3,0.0,2,1,0,0.0,0.0,,0.0,0.0,0.62,0.25
Luis Jose Nakamine,,,1462.4,1500.0,1460.6,1500.0,3,0,3,0.0,0,3,0,,0.0,,0.0,0.0,0.62,0.25
Benoit Paire,917,20,1462.3,1456.3,1553.3,1465.4,235,126,109,0.5362,142,90,3,0.5282,0.5667,0.0,0.1,0.2,0.5965,0.5639
Bogdan Pavel,961,704,1462.3,1505.9,1442.5,1500.0,15,5,10,0.3333,8,7,0,0.5,0.1429,,0.4,0.3333,0.612,0.3615
Niels Mcdonald,1035,1035,1462.3,1452.2,1503.8,1500.0,10,2,8,0.2,4,6,0,0.0,0.3333,,0.2,0.2,0.608,0.3119
Yahor Yatsyk,1696,1623,1462.3,1463.3,1500.0,1500.0,3,0,3,0.0,3,0,0,0.0,,,0.0,0.0,0.54,0.25
Francois Arthur Vibert,899,769,1462.2,1500.0,1463.5,1500.0,3,0,3,0.0,0,3,0,,0.0,,0.0,0.0,0.58,0.25
Bastien Presuhn,1153,1153,1462.2,1457.6,1500.0,1500.0,3,0,3,0.0,3,0,0,0.0,,,0.0,0.0,0.62,0.25
Osni Junior,,,1462.1,1500.0,1463.0,1500.0,3,0,3,0.0,0,3,0,,0.0,,0.0,0.0,0.62,0.25
Thanaphat Boosarawongse,2035,1479,1462.1,1459.1,1500.0,1500.0,3,0,3,0.0,3,0,0,0.0,,,0.0,0.0,0.62,0.25
Tadeo Meneo,1492,1285,1462.0,1500.0,1462.1,1500.0,5,1,4,0.2,0,5,0,,0.2,,0.2,0.2,0.62,0.25
Christian Lakoseljac,1493,1493,1462.0,1462.3,1500.0,1500.0,3,0,3,0.0,3,0,0,0.0,,,0.0,0.0,0.58,0.25
Adit Sinha,992,992,1462.0,1463.3,1500.0,1500.0,3,0,3,0.0,3,0,0,0.0,,,0.0,0.0,0.62,0.25
Parikshit Somani,,,1462.0,1500.0,1461.3,1500.0,3,0,3,0.0,0,3,0,,0.0,,0.0,0.0,0.62,0.25
Inigo Cervantes Huegun,1190,59,1461.9,1465.4,1473.8,1498.1,223,116,107,0.5202,39,180,4,0.3846,0.55,0.5,0.3,0.35,0.6022,0.5677
Julian Bradley,1549,1549,1461.9,1473.9,1485.5,1500.0,7,2,5,0.2857,4,3,0,0.25,0.3333,,0.2857,0.2857,0.62,0.2773
Skander Ben Abdallah,,,1461.9,1500.0,1460.8,1500.0,3,0,3,0.0,0,3,0,,0.0,,0.0,0.0,0.62,0.25
Ruslan Tiukaev,1026,959,1461.9,1483.9,1475.2,1500.0,3,0,3,0.0,1,2,0,0.0,0.0,,0.0,0.0,0.62,0.25
Vitalii Shcherba,1409,1395,1461.8,1485.4,1470.7,1500.0,3,0,3,0.0,1,2,0,0.0,0.0,,0.0,0.0,0.62,0.25
Karol Filar,613,604,1461.8,1471.0,1489.7,1500.0,3,0,3,0.0,2,1,0,0.0,0.0,,0.0,0.0,0.62,0.25
Peetu Pohjola,1762,1762,1461.7,1500.0,1460.9,1500.0,3,0,3,0.0,0,3,0,,0.0,,0.0,0.0,0.62,0.25
Rares Andrei Golescu,,,1461.7,1500.0,1463.0,1500.0,3,0,3,0.0,0,3,0,,0.0,,0.0,0.0,0.62,0.25
Saidalo Saidkarimov,2002,1676,1461.6,1463.9,1501.0,1500.0,9,3,6,0.3333,7,2,0,0.2857,0.5,,0.3333,0.3333,0.62,0.3058
Patrick Kaukovalta,1176,781,1461.6,1475.6,1467.1,1500.0,8,1,7,0.125,5,3,0,0.2,0.0,,0.125,0.125,0.62,0.2923
Thomas Brechemier,468,460,1461.6,1489.7,1471.7,1500.0,5,1,4,0.2,3,2,0,0.3333,0.0,,0.2,0.2,0.62,0.25
Luciano Doria,1110,1012,1461.6,1485.2,1475.2,1500.0,3,0,3,0.0,1,2,0,0.0,0.0,,0.0,0.0,0.58,0.25
Rafael Camilo,999,719,1461.6,1485.4,1471.1,1500.0,3,0,3,0.0,1,2,0,0.0,0.0,,0.0,0.0,0.62,0.25
Francesco Bessire,1197,1197,1461.6,1500.0,1461.4,1500.0,3,0,3,0.0,0,3,0,,0.0,,0.0,0.0,0.62,0.25
Mikhail Balmashev,,,1461.6,1500.0,1460.8,1500.0,3,0,3,0.0,0,3,0,,0.0,,0.0,0.0,0.62,0.25
Nicola Rispoli,1356,1356,1461.6,1475.2,1483.4,1500.0,3,0,3,0.0,2,1,0,0.0,0.0,,0.0,0.0,0.62,0.25
Cristian Campese,,,1461.5,1473.5,1483.7,1500.0,3,0,3,0.0,2,1,0,0.0,0.0,,0.0,0.0,0.62,0.25
Raleigh Smith,747,747,1461.4,1494.9,1458.5,1500.0,9,3,6,0.3333,6,3,0,0.5,0.0,,0.3333,0.3333,0.62,0.3058
Fernando Cavallo,879,879,1461.4,1500.0,1461.0,1500.0,7,2,5,0.2857,0,7,0,,0.2857,,0.2857,0.2857,0.62,0.2773
Fons Van Sambeek,2039,959,1461.4,1487.0,1475.3,1500.0,5,1,4,0.2,3,2,0,0.3333,0.0,,0.2,0.2,0.62,0.25
Kacper Knitter,1404,1404,1461.4,1478.9,1478.0,1500.0,4,0,4,0.0,2,2,0,0.0,0.0,,0.0,0.0,0.62,0.25
Federico Bertuccioli,1159,1159,1461.4,1500.0,1458.8,1500.0,3,0,3,0.0,0,3,0,,0.0,,0.0,0.0,0.62,0.25
Jae Hwan Kim,1033,1019,1461.4,1462.5,1500.0,1500.0,3,0,3,0.0,3,0,0,0.0,,,0.0,0.0,0.62,0.25
Bharath Nishok Kumaran,1526,1423,1461.4,1457.3,1500.0,1500.0,3,0,3,0.0,3,0,0,0.0,,,0.0,0.0,0.62,0.25
Philipp Petzschner,1124,346,1461.3,1487.4,1475.6,1476.4,23,8,15,0.3478,19,2,2,0.4211,0.0,0.0,0.4,0.35,0.5626,0.3778
Harrison Adams,456,445,1461.3,1464.8,1492.6,1500.0,22,9,13,0.4091,15,7,0,0.4,0.4286,,0.3,0.35,0.62,0.4113
Peter Vajda,1155,767,1461.3,1498.5,1462.0,1500.0,7,2,5,0.2857,2,5,0,0.5,0.2,,0.2857,0.2857,0.62,0.2773
Mateo Andres Ruiz Naranjo,1340,1216,1461.3,1487.6,1473.6,1500.0,3,0,3,0.0,1,2,0,0.0,0.0,,0.0,0.0,0.58,0.25
Breno Lodis,,,1461.3,1500.0,1462.7,1500.0,3,0,3,0.0,0,3,0,,0.0,,0.0,0.0,0.62,0.25
Danai Udomchoke,552,292,1461.2,1460.8,1500.0,1499.1,8,2,6,0.25,6,0,2,0.1667,,0.5,0.25,0.25,0.515,0.25
William Griffith,1412,907,1461.2,1461.5,1500.0,1500.0,5,1,4,0.2,5,0,0,0.2,,,0.2,0.2,0.62,0.25
Bowen Ouyang,669,615,1461.0,1474.6,1472.1,1500.0,13,4,9,0.3077,7,6,0,0.2857,0.3333,,0.3,0.3077,0.6108,0.3439
Loic Perret,1308,900,1461.0,1461.8,1493.6,1500.0,8,2,6,0.25,3,5,0,0.0,0.4,,0.25,0.25,0.59,0.2781
Chang Lin Tsai,,,1461.0,1459.0,1500.0,1500.0,3,0,3,0.0,3,0,0,0.0,,,0.0,0.0,0.62,0.25
Ricardo Ojeda Lara,593,171,1460.9,1425.5,1516.6,1474.9,94,40,54,0.4255,24,68,2,0.3333,0.4706,0.0,0.4,0.3,0.5957,0.5229
Ben Mclachlan,1541,772,1460.9,1474.7,1484.8,1500.0,5,1,4,0.2,4,1,0,0.25,0.0,,0.2,0.2,0.596,0.25
Bogdan Bobrov,389,388,1460.8,1447.6,1501.4,1500.0,113,48,65,0.4248,31,82,0,0.4194,0.4268,,0.4,0.4,0.62,0.555
Marco Miceli,722,580,1460.8,1476.8,1477.1,1500.0,14,5,9,0.3571,6,8,0,0.3333,0.375,,0.3,0.3571,0.62,0.358
Adrian Andrzejczuk,1136,888,1460.8,1485.3,1472.8,1500.0,6,1,5,0.1667,1,5,0,0.0,0.2,,0.1667,0.1667,0.62,0.2605
Gonzalo Bancalari,,,1460.8,1500.0,1461.1,1500.0,3,0,3,0.0,0,3,0,,0.0,,0.0,0.0,0.62,0.25
Ki Su Jung,,,1460.8,1460.6,1500.0,1500.0,3,0,3,0.0,3,0,0,0.0,,,0.0,0.0,0.62,0.25
Junior Ore,768,768,1460.8,1487.8,1470.2,1500.0,3,0,3,0.0,1,2,0,0.0,0.0,,0.0,0.0,0.62,0.25
Kirill Kivattsev,572,485,1460.7,1510.0,1457.3,1500.0,60,26,34,0.4333,20,40,0,0.5,0.4,,0.4,0.35,0.618,0.5103
Bruno Britez,2013,2013,1460.7,1500.0,1461.0,1500.0,3,0,3,0.0,0,3,0,,0.0,,0.0,0.0,0.62,0.25
Isaac Stoute,865,865,1460.7,1460.8,1500.0,1500.0,3,0,3,0.0,3,0,0,0.0,,,0.0,0.0,0.62,0.25
Richard Becker,502,347,1460.6,1478.2,1477.0,1500.0,14,5,9,0.3571,12,2,0,0.4167,0.0,,0.3,0.3571,0.6029,0.3481
Nico Hipfl,1522,1037,1460.6,1500.0,1458.5,1500.0,6,1,5,0.1667,0,6,0,,0.1667,,0.1667,0.1667,0.6,0.2521
Joao Graa,1226,1226,1460.6,1485.2,1468.3,1500.0,5,0,5,0.0,1,4,0,0.0,0.0,,0.0,0.0,0.62,0.25
Alejandro Jose Gandini,,,1460.6,1500.0,1461.0,1500.0,3,0,3,0.0,0,3,0,,0.0,,0.0,0.0,0.62,0.25
Jose Pereira,741,245,1460.5,1480.4,1459.9,1500.0,157,66,91,0.4204,8,149,0,0.375,0.4228,,0.4,0.35,0.6154,0.5669
Juan Bautista Otegui,1115,398,1460.5,1517.1,1454.4,1500.0,61,26,35,0.4262,3,58,0,0.6667,0.4138,,0.3,0.4,0.618,0.5117
Jia Cheng Zhu,,,1460.5,1460.5,1500.0,1500.0,3,0,3,0.0,3,0,0,0.0,,,0.0,0.0,0.58,0.25
Tomislav Brkic,579,219,1460.4,1398.4,1496.9,1501.8,149,62,87,0.4161,42,105,2,0.2619,0.4762,0.5,0.3,0.3,0.6079,0.5578
Daniel Uta,1751,1571,1460.4,1484.1,1473.9,1500.0,7,2,5,0.2857,1,6,0,0.0,0.3333,,0.2857,0.2857,0.62,0.2773
Dillon Beckles,1588,1318,1460.4,1485.5,1475.2,1500.0,7,2,5,0.2857,1,6,0,0.0,0.3333,,0.2857,0.2857,0.62,0.2773
Manuel Lazic,1916,1870,1460.4,1500.0,1457.5,1500.0,4,0,4,0.0,0,4,0,,0.0,,0.0,0.0,0.62,0.25
Yu Chang Wang,1860,1860,1460.4,1460.3,1500.0,1500.0,3,0,3,0.0,3,0,0,0.0,,,0.0,0.0,0.62,0.25
Daniel Paty,648,648,1460.4,1500.0,1460.2,1500.0,3,0,3,0.0,0,3,0,,0.0,,0.0,0.0,0.62,0.25
Esteban Davila Gasser,1876,1876,1460.4,1500.0,1461.0,1500.0,3,0,3,0.0,0,3,0,,0.0,,0.0,0.0,0.62,0.25
Alexander Babanine,1543,1543,1460.3,1462.2,1500.0,1500.0,17,7,10,0.4118,17,0,0,0.4118,,,0.3,0.4118,0.62,0.3811
Tao Mu,673,577,1460.3,1460.6,1500.0,1500.0,10,3,7,0.3,10,0,0,0.3,,,0.3,0.3,0.608,0.3119
Jack Molloy,,,1460.3,1500.1,1500.0,1460.3,7,2,5,0.2857,2,0,5,0.5,,0.2,0.2857,0.2857,0.62,0.2773
Rodrigo Arus,1257,1257,1460.3,1500.0,1460.6,1500.0,7,2,5,0.2857,0,7,0,,0.2857,,0.2857,0.2857,0.62,0.2773
Benedikt Emesz,2020,2020,1460.3,1500.0,1460.8,1500.0,3,0,3,0.0,0,3,0,,0.0,,0.0,0.0,0.62,0.25
Paul Inchauspe,926,926,1460.3,1482.1,1474.1,1500.0,3,0,3,0.0,1,2,0,0.0,0.0,,0.0,0.0,0.62,0.25
Jeremy Schifris,1355,1208,1460.1,1478.4,1474.3,1500.0,8,2,6,0.25,6,2,0,0.3333,0.0,,0.25,0.25,0.62,0.2923
Santiago Padilla Cote,,,1460.1,1474.3,1484.0,1500.0,3,0,3,0.0,2,1,0,0.0,0.0,,0.0,0.0,0.62,0.25
Aitor Aramburu,1681,1681,1460.0,1475.6,1486.9,1500.0,5,1,4,0.2,4,1,0,0.25,0.0,,0.2,0.2,0.596,0.25
Francisco Dias,1387,1383,1460.0,1485.5,1473.5,1500.0,3,0,3,0.0,1,2,0,0.0,0.0,,0.0,0.0,0.62,0.25
Marvin Bernardo Becker Spiering,1854,1748,1459.9,1486.0,1470.7,1500.0,5,1,4,0.2,1,4,0,0.0,0.25,,0.2,0.2,0.62,0.25
Dmytro Badanov,559,559,1459.9,1459.8,1500.0,1500.0,3,0,3,0.0,3,0,0,0.0,,,0.0,0.0,0.58,0.25
Alec Adamson,718,718,1459.9,1459.9,1500.0,1500.0,3,0,3,0.0,3,0,0,0.0,,,0.0,0.0,0.62,0.25
Robert Strombachs,499,322,1459.8,1464.0,1460.0,1486.0,95,38,57,0.4,49,45,1,0.4082,0.4,0.0,0.2,0.35,0.6187,0.5438
Dragos Dima,1313,284,1459.8,1480.1,1445.8,1500.0,68,28,40,0.4118,2,66,0,0.0,0.4242,,0.2,0.25,0.6094,0.5129
Carlos Eduardo Severino,1069,345,1459.8,1474.6,1474.2,1500.0,27,10,17,0.3704,2,25,0,0.0,0.4,,0.4,0.45,0.6067,0.4251
Petru Alexandru Luncanu,1307,376,1459.8,1484.9,1474.4,1500.0,21,8,13,0.381,6,15,0,0.3333,0.4,,0.3,0.4,0.5971,0.3909
Ruben Gonzales,1667,885,1459.8,1476.7,1480.8,1500.0,21,9,12,0.4286,18,3,0,0.4444,0.3333,,0.3,0.45,0.62,0.4059
Jakob Schnaitter,752,692,1459.8,1477.8,1476.7,1500.0,6,1,5,0.1667,4,2,0,0.25,0.0,,0.1667,0.1667,0.62,0.2605
Mustafa Erdogan,,,1459.8,1460.9,1500.0,1500.0,3,0,3,0.0,3,0,0,0.0,,,0.0,0.0,0.62,0.25
Bruno Mardones,1192,1192,1459.8,1460.2,1500.0,1500.0,3,0,3,0.0,3,0,0,0.0,,,0.0,0.0,0.62,0.25
Daniel Baquero,,,1459.8,1500.0,1460.1,1500.0,3,0,3,0.0,0,3,0,,0.0,,0.0,0.0,0.62,0.25
James Mackinlay,,,1459.8,1473.0,1500.0,1485.4,3,0,3,0.0,2,0,1,0.0,,0.0,0.0,0.0,0.62,0.25
Gian Matias Di Natale,958,934,1459.7,1490.2,1465.5,1500.0,6,1,5,0.1667,1,5,0,0.0,0.2,,0.1667,0.1667,0.62,0.2605
Kuan Yu Chen,1569,1516,1459.6,1473.3,1485.0,1500.0,3,0,3,0.0,2,1,0,0.0,0.0,,0.0,0.0,0.62,0.25
Ronnie Schneider,415,406,1459.5,1461.6,1500.0,1500.0,31,13,18,0.4194,31,0,0,0.4194,,,0.3,0.35,0.62,0.4494
Stijn Slump,666,518,1459.5,1481.3,1470.4,1500.0,20,7,13,0.35,4,16,0,0.25,0.375,,0.3,0.35,0.62,0.4002
Vivien Cabos,,,1459.4,1459.2,1500.0,1500.0,4,0,4,0.0,4,0,0,0.0,,,0.0,0.0,0.62,0.25
Adelchi Virgili,1123,398,1459.2,1475.0,1474.7,1500.0,33,14,19,0.4242,2,31,0,0.0,0.4516,,0.3,0.45,0.62,0.456
Francis Casey Alcantara,768,768,1459.2,1458.3,1500.0,1500.0,5,1,4,0.2,5,0,0,0.2,,,0.2,0.2,0.62,0.25
Asdrubal Gobernate,1798,1798,1459.2,1500.0,1459.3,1500.0,3,0,3,0.0,0,3,0,,0.0,,0.0,0.0,0.62,0.25
Piercarlo Coccio,,,1459.2,1500.0,1459.6,1500.0,3,0,3,0.0,0,3,0,,0.0,,0.0,0.0,0.62,0.25
Santiago Maresca,1027,956,1459.1,1500.0,1456.7,1500.0,4,0,4,0.0,0,4,0,,0.0,,0.0,0.0,0.62,0.25
Kai Wehnelt,751,532,1459.0,1444.8,1482.3,1500.0,56,22,34,0.3929,27,29,0,0.3704,0.4138,,0.5,0.4,0.62,0.5062
Kent Tagashira,2055,2043,1459.0,1485.2,1469.9,1500.0,4,0,4,0.0,1,3,0,0.0,0.0,,0.0,0.0,0.62,0.25
Brian Cernoch,1758,1629,1459.0,1459.0,1500.0,1500.0,3,0,3,0.0,3,0,0,0.0,,,0.0,0.0,0.62,0.25
Strong Kirchheimer,652,375,1458.8,1433.7,1448.9,1500.0,222,97,125,0.4369,194,28,0,0.4485,0.3571,,0.4,0.4,0.6162,0.5807
Scott Puodziunas,1647,891,1458.8,1478.3,1471.3,1500.0,23,10,13,0.4348,21,2,0,0.4762,0.0,,0.4,0.45,0.62,0.4164
Ryan James Storrie,1043,1026,1458.8,1500.0,1500.0,1437.8,7,1,6,0.1429,0,0,7,,,0.1429,0.1429,0.1429,0.5857,0.2619
Danny Thomas,758,724,1458.7,1465.5,1491.1,1500.0,16,6,10,0.375,11,5,0,0.3636,0.4,,0.3,0.375,0.605,0.3648
Jaycer Lyeons,964,964,1458.7,1485.9,1472.9,1500.0,5,1,4,0.2,1,4,0,0.0,0.25,,0.2,0.2,0.62,0.25
Gero Kretschmer,1214,1214,1458.7,1472.4,1486.1,1500.0,3,0,3,0.0,2,1,0,0.0,0.0,,0.0,0.0,0.62,0.25
Ammar Alhogbani,1639,1639,1458.7,1462.3,1500.0,1500.0,3,0,3,0.0,3,0,0,0.0,,,0.0,0.0,0.62,0.25
Matei Cristian Onofrei,1563,1563,1458.7,1500.0,1457.2,1500.0,3,0,3,0.0,0,3,0,,0.0,,0.0,0.0,0.62,0.25
Enmanuel Munoz,1671,1671,1458.7,1485.5,1470.7,1500.0,3,0,3,0.0,1,2,0,0.0,0.0,,0.0,0.0,0.62,0.25
Jaume Pla Malfeito,771,523,1458.6,1491.8,1459.7,1500.0,16,5,11,0.3125,5,11,0,0.4,0.2727,,0.3,0.3125,0.605,0.3648
Jianhui Li,1433,1433,1458.5,1457.0,1500.0,1500.0,5,1,4,0.2,5,0,0,0.2,,,0.2,0.2,0.62,0.25
Jesus Francisco Felix,1768,1756,1458.5,1488.0,1471.5,1500.0,3,0,3,0.0,1,2,0,0.0,0.0,,0.0,0.0,0.58,0.25
Joshua Lapadat,1632,1119,1458.4,1457.5,1500.0,1500.0,10,3,7,0.3,10,0,0,0.3,,,0.3,0.3,0.62,0.3181
Muhammet Haylaz,815,734,1458.4,1453.6,1500.0,1500.0,6,1,5,0.1667,6,0,0,0.1667,,,0.1667,0.1667,0.62,0.2605
Daniel Little,1163,566,1458.4,1486.7,1500.0,1461.5,4,0,4,0.0,1,0,3,0.0,,0.0,0.0,0.0,0.59,0.25
Dane Propoggia,936,295,1458.3,1458.0,1500.0,1500.0,24,9,15,0.375,24,0,0,0.375,,,0.4,0.35,0.6,0.4076
Scott Jones,870,870,1458.3,1456.4,1500.0,1500.0,14,5,9,0.3571,14,0,0,0.3571,,,0.4,0.3571,0.6114,0.353
Pablo Masjuan Ginel,765,765,1458.3,1475.4,1478.9,1500.0,4,0,4,0.0,2,2,0,0.0,0.0,,0.0,0.0,0.62,0.25
Christian Oliveira,1798,1669,1458.3,1500.0,1457.7,1500.0,3,0,3,0.0,0,3,0,,0.0,,0.0,0.0,0.62,0.25
Aleksi Lofman,916,916,1458.2,1455.6,1500.0,1500.0,4,0,4,0.0,4,0,0,0.0,,,0.0,0.0,0.62,0.25
Li Wie Tan,1164,1164,1458.2,1473.6,1485.2,1500.0,3,0,3,0.0,2,1,0,0.0,0.0,,0.0,0.0,0.62,0.25
Edgar Jeanmougin,,,1458.2,1459.7,1500.0,1500.0,3,0,3,0.0,3,0,0,0.0,,,0.0,0.0,0.62,0.25
Edoardo Lavagno,616,223,1458.1,1451.1,1490.6,1500.0,103,45,58,0.4369,4,99,0,0.0,0.4545,,0.0,0.2,0.6165,0.5467
Yan Bondarevskiy,540,414,1458.1,1484.1,1469.9,1500.0,36,15,21,0.4167,19,17,0,0.4211,0.4118,,0.2,0.35,0.6167,0.4625
Antonio Ruiz Rosales,,,1458.1,1457.5,1500.0,1500.0,9,3,6,0.3333,9,0,0,0.3333,,,0.3333,0.3333,0.6067,0.2992
Aldin Setkic,800,165,1458.0,1517.6,1428.6,1424.5,306,131,175,0.4281,210,87,9,0.481,0.3333,0.1111,0.2,0.3,0.6059,0.5799
Otso Martikainen,,,1458.0,1457.2,1500.0,1500.0,4,0,4,0.0,4,0,0,0.0,,,0.0,0.0,0.62,0.25
Tom Evans,1217,1217,1458.0,1457.7,1500.0,1500.0,3,0,3,0.0,3,0,0,0.0,,,0.0,0.0,0.62,0.25
Ristomatti Lanne,1811,1811,1457.9,1500.0,1456.4,1500.0,3,0,3,0.0,0,3,0,,0.0,,0.0,0.0,0.62,0.25
Sebastian Gima,574,436,1457.8,1436.4,1495.1,1500.0,80,32,48,0.4,12,68,0,0.25,0.4265,,0.2,0.3,0.62,0.5336
Mario Matejcek,1654,1654,1457.8,1457.8,1500.0,1500.0,3,0,3,0.0,3,0,0,0.0,,,0.0,0.0,0.62,0.25
Kai I Wang,2053,1786,1457.8,1457.4,1500.0,1500.0,3,0,3,0.0,3,0,0,0.0,,,0.0,0.0,0.62,0.25
Marcel Felder,742,699,1457.7,1464.9,1491.7,1500.0,11,4,7,0.3636,4,7,0,0.25,0.4286,,0.3,0.3636,0.62,0.3293
Washi Gervais,1890,1890,1457.7,1459.7,1500.0,1500.0,9,3,6,0.3333,9,0,0,0.3333,,,0.3333,0.3333,0.62,0.3058
Rodrigo Fernandes,1194,1194,1457.7,1470.5,1482.0,1500.0,6,1,5,0.1667,2,4,0,0.0,0.25,,0.1667,0.1667,0.62,0.2605
Kyle Kang,608,608,1457.6,1448.3,1501.9,1500.0,13,4,9,0.3077,9,4,0,0.2222,0.5,,0.2,0.3077,0.62,0.3491
Ken Onoda,1276,1090,1457.5,1458.1,1500.0,1500.0,5,1,4,0.2,5,0,0,0.2,,,0.2,0.2,0.62,0.25
Hillel Rousseau,1777,1483,1457.5,1486.3,1470.3,1500.0,3,0,3,0.0,1,2,0,0.0,0.0,,0.0,0.0,0.62,0.25
Gonzalo Zeitune,1952,1941,1457.5,1500.0,1457.0,1500.0,3,0,3,0.0,0,3,0,,0.0,,0.0,0.0,0.62,0.25
Josh Hagar Hagar,1958,1945,1457.4,1470.8,1485.4,1500.0,3,0,3,0.0,2,1,0,0.0,0.0,,0.0,0.0,0.62,0.25
Claude Ishimwe,,,1457.4,1500.0,1459.7,1500.0,3,0,3,0.0,0,3,0,,0.0,,0.0,0.0,0.62,0.25
Luciano Tacchi,1115,1115,1457.3,1500.0,1459.9,1500.0,7,2,5,0.2857,0,7,0,,0.2857,,0.2857,0.2857,0.62,0.2773
Gustavo De Oliveira Cruz Cruz,1929,1929,1457.3,1486.0,1470.5,1500.0,5,1,4,0.2,1,4,0,0.0,0.25,,0.2,0.2,0.62,0.25
Filip Malbasic,,,1457.3,1485.5,1471.0,1500.0,3,0,3,0.0,1,2,0,0.0,0.0,,0.0,0.0,0.62,0.25
Alan Gadjiev,942,942,1457.3,1457.2,1500.0,1500.0,3,0,3,0.0,3,0,0,0.0,,,0.0,0.0,0.62,0.25
Romain Barbosa,502,434,1457.2,1485.6,1448.8,1500.0,22,7,15,0.3182,15,7,0,0.4,0.1429,,0.5,0.35,0.6145,0.4076
Oskari Paldanius,974,965,1457.2,1463.7,1487.9,1500.0,5,0,5,0.0,4,1,0,0.0,0.0,,0.0,0.0,0.62,0.25
Alexander Frusina,1284,1284,1457.2,1487.4,1470.2,1500.0,4,0,4,0.0,1,3,0,0.0,0.0,,0.0,0.0,0.62,0.25
Filip Ambrozy,,,1457.1,1500.0,1458.2,1500.0,3,0,3,0.0,0,3,0,,0.0,,0.0,0.0,0.62,0.25
Felipe Hernandez,1211,1211,1457.1,1500.0,1457.0,1500.0,3,0,3,0.0,0,3,0,,0.0,,0.0,0.0,0.62,0.25
Nikita Sidorov,,,1457.1,1486.0,1469.8,1500.0,3,0,3,0.0,1,2,0,0.0,0.0,,0.0,0.0,0.62,0.25
Alexis Gautier,752,334,1457.0,1443.0,1423.5,1500.0,110,40,70,0.3636,62,48,0,0.3226,0.4167,,0.3,0.45,0.6189,0.5526
Gabriel Elicha Navas,1142,1135,1456.9,1486.0,1471.3,1500.0,3,0,3,0.0,1,2,0,0.0,0.0,,0.0,0.0,0.62,0.25
Etienne Niyigena,,,1456.9,1500.0,1457.1,1500.0,3,0,3,0.0,0,3,0,,0.0,,0.0,0.0,0.62,0.25
Gonzalo Urruticoechea,,,1456.8,1500.0,1456.9,1500.0,3,0,3,0.0,0,3,0,,0.0,,0.0,0.0,0.62,0.25
Federico Moreno,1645,1045,1456.8,1486.0,1469.6,1500.0,3,0,3,0.0,1,2,0,0.0,0.0,,0.0,0.0,0.62,0.25
Thomas Statzberger,503,444,1456.7,1459.7,1497.3,1500.0,9,3,6,0.3333,7,2,0,0.2857,0.5,,0.3333,0.3333,0.62,0.3058
David Marrero,,,1456.6,1488.0,1469.5,1500.0,7,2,5,0.2857,1,6,0,0.0,0.3333,,0.2857,0.2857,0.5686,0.2543
Punn Bodhidatta,1788,1788,1456.6,1457.8,1500.0,1500.0,3,0,3,0.0,3,0,0,0.0,,,0.0,0.0,0.62,0.25
Andres Alvarez Cerdan,1738,1738,1456.6,1459.8,1500.0,1500.0,3,0,3,0.0,3,0,0,0.0,,,0.0,0.0,0.62,0.25
Stefano Baldoni,,,1456.6,1500.0,1457.6,1500.0,3,0,3,0.0,0,3,0,,0.0,,0.0,0.0,0.62,0.25
Elio Jose Ribeiro Lago,1148,1138,1456.6,1487.9,1470.1,1500.0,3,0,3,0.0,1,2,0,0.0,0.0,,0.0,0.0,0.62,0.25
Adrian Oetzbach,638,502,1456.5,1433.5,1480.3,1500.0,36,13,23,0.3611,10,26,0,0.2,0.4231,,0.3,0.35,0.62,0.465
Alvin Nicholas Tudorica,434,429,1456.5,1476.2,1452.0,1500.0,21,7,14,0.3333,17,4,0,0.4118,0.0,,0.3,0.35,0.6143,0.4021
Mohit Mayur Jayaprakash,748,579,1456.5,1456.2,1500.0,1500.0,4,0,4,0.0,4,0,0,0.0,,,0.0,0.0,0.59,0.25
Lukas Palovic,979,979,1456.5,1484.6,1467.1,1500.0,4,0,4,0.0,1,3,0,0.0,0.0,,0.0,0.0,0.62,0.25
David Simunek,2107,1626,1456.5,1500.0,1458.5,1500.0,3,0,3,0.0,0,3,0,,0.0,,0.0,0.0,0.62,0.25
Sean Hodkin,1212,1212,1456.5,1471.2,1500.0,1486.0,3,0,3,0.0,2,0,1,0.0,,0.0,0.0,0.0,0.62,0.25
Joshua Muhire,,,1456.5,1500.0,1458.4,1500.0,3,0,3,0.0,0,3,0,,0.0,,0.0,0.0,0.62,0.25
Mark Oljaca,,,1456.4,1500.0,1457.4,1500.0,3,0,3,0.0,0,3,0,,0.0,,0.0,0.0,0.62,0.25
Ross Watson,,,1456.3,1471.2,1500.0,1485.5,3,0,3,0.0,2,0,1,0.0,,0.0,0.0,0.0,0.62,0.25
Michael Alejandro Beltran Rubio,1986,1767,1456.3,1486.0,1470.5,1500.0,3,0,3,0.0,1,2,0,0.0,0.0,,0.0,0.0,0.62,0.25
Jiho Lee,,,1456.2,1457.3,1500.0,1500.0,3,0,3,0.0,3,0,0,0.0,,,0.0,0.0,0.62,0.25
Gillian Osmont,,,1456.2,1456.8,1500.0,1500.0,3,0,3,0.0,3,0,0,0.0,,,0.0,0.0,0.62,0.25
Andriej Kapas,582,326,1456.1,1508.3,1455.0,1500.0,54,25,29,0.463,35,19,0,0.5143,0.3684,,0.2,0.35,0.6178,0.5013
Dante Gennaro,526,506,1456.1,1486.0,1470.3,1500.0,10,3,7,0.3,1,9,0,0.0,0.3333,,0.3,0.3,0.62,0.3181
Emilio Andrea Segarelli,,,1456.1,1500.0,1457.2,1500.0,3,0,3,0.0,0,3,0,,0.0,,0.0,0.0,0.62,0.25
Edward Nguyen,,,1456.1,1456.1,1500.0,1500.0,3,0,3,0.0,3,0,0,0.0,,,0.0,0.0,0.62,0.25
Arjun Mehrotra,1976,1976,1456.1,1455.7,1500.0,1500.0,3,0,3,0.0,3,0,0,0.0,,,0.0,0.0,0.62,0.25
Lorenzo Esquici,1041,1041,1456.1,1487.3,1466.5,1500.0,3,0,3,0.0,1,2,0,0.0,0.0,,0.0,0.0,0.62,0.25
Alexander Erler,1218,323,1456.0,1400.3,1491.1,1500.0,79,28,51,0.3544,37,42,0,0.2973,0.4048,,0.3,0.35,0.5987,0.5145
Johannes Ingildsen,886,650,1456.0,1467.0,1471.6,1500.0,34,13,21,0.3824,4,30,0,0.25,0.4,,0.4,0.5,0.62,0.4591
Mario Mansilla Diez,1672,898,1456.0,1473.2,1477.7,1500.0,6,1,5,0.1667,4,2,0,0.25,0.0,,0.1667,0.1667,0.62,0.2605
Jun Nan Tao,2000,2000,1456.0,1470.9,1486.0,1500.0,3,0,3,0.0,2,1,0,0.0,0.0,,0.0,0.0,0.62,0.25
Adam Farag Cao,1617,1519,1456.0,1457.5,1500.0,1500.0,3,0,3,0.0,3,0,0,0.0,,,0.0,0.0,0.62,0.25
Demetris Azoides,1105,1016,1455.9,1457.8,1500.0,1500.0,14,5,9,0.3571,14,0,0,0.3571,,,0.4,0.3571,0.62,0.358
Emil Reinberg,682,682,1455.9,1480.6,1476.0,1500.0,9,3,6,0.3333,7,2,0,0.4286,0.0,,0.3333,0.3333,0.62,0.3058
Sebastian Exequiel Pini,806,735,1455.9,1500.0,1457.3,1500.0,5,1,4,0.2,0,5,0,,0.2,,0.2,0.2,0.62,0.25
Matt Seeberger,1229,1225,1455.9,1471.0,1485.1,1500.0,5,1,4,0.2,2,3,0,0.0,0.3333,,0.2,0.2,0.62,0.25
Dan Martin,,,1455.8,1421.1,1505.2,1486.1,72,28,44,0.3889,44,27,1,0.3182,0.5185,0.0,0.3,0.3,0.6167,0.5233
Jonathan Gray,593,588,1455.8,1473.6,1500.0,1467.1,7,1,6,0.1429,2,0,5,0.0,,0.2,0.1429,0.1429,0.6029,0.2696
Bruno Pujol Navarro,1650,793,1455.7,1451.8,1500.0,1500.0,7,2,5,0.2857,7,0,0,0.2857,,,0.2857,0.2857,0.62,0.2773
Changwei Peng,1867,1867,1455.7,1457.9,1500.0,1500.0,3,0,3,0.0,3,0,0,0.0,,,0.0,0.0,0.62,0.25
Karl Kiur Saar,,,1455.7,1455.8,1500.0,1500.0,3,0,3,0.0,3,0,0,0.0,,,0.0,0.0,0.62,0.25
Chandril Sood,1700,921,1455.6,1456.5,1500.0,1500.0,8,2,6,0.25,8,0,0,0.25,,,0.25,0.25,0.605,0.2852
Lucca Pinto,1301,1301,1455.6,1500.0,1456.4,1500.0,3,0,3,0.0,0,3,0,,0.0,,0.0,0.0,0.62,0.25
Laurent Rochette,656,441,1455.5,1463.5,1478.2,1500.0,35,13,22,0.3714,29,6,0,0.3793,0.3333,,0.3,0.35,0.6097,0.4545
Yurii Dzhavakian,625,490,1455.5,1460.1,1475.2,1500.0,25,9,16,0.36,21,4,0,0.381,0.25,,0.3,0.4,0.62,0.4258
Dinko Dinev,833,757,1455.5,1486.3,1480.2,1486.0,16,6,10,0.375,7,8,1,0.4286,0.375,0.0,0.3,0.375,0.62,0.3739
Jules Okala,496,349,1455.4,1472.6,1471.2,1500.0,21,8,13,0.381,3,18,0,0.0,0.4444,,0.2,0.35,0.62,0.4059
Stefano Reitano,1009,911,1455.4,1483.2,1468.7,1500.0,4,0,4,0.0,1,3,0,0.0,0.0,,0.0,0.0,0.62,0.25
Petr Iamachkine,1446,1275,1455.4,1500.0,1458.3,1500.0,3,0,3,0.0,0,3,0,,0.0,,0.0,0.0,0.62,0.25
Jan Mertl,515,201,1455.3,1434.8,1467.4,1500.1,78,29,49,0.3718,33,41,4,0.3636,0.3659,0.5,0.5,0.4,0.5892,0.5055
Younes Lalami Laaroussi,906,906,1455.3,1460.5,1490.2,1500.0,8,2,6,0.25,7,1,0,0.2857,0.0,,0.25,0.25,0.605,0.2852
Gabriele Bosio,967,967,1455.3,1483.1,1469.1,1500.0,6,1,5,0.1667,1,5,0,0.0,0.2,,0.1667,0.1667,0.62,0.2605
Giorgio Portaluri,1594,1567,1455.2,1486.0,1472.4,1500.0,9,3,6,0.3333,1,8,0,0.0,0.375,,0.3333,0.3333,0.62,0.3058
Woong Sun Jun,1210,1193,1455.2,1452.2,1500.0,1500.0,4,0,4,0.0,4,0,0,0.0,,,0.0,0.0,0.56,0.25
Gray Voelzke,1339,1339,1455.1,1500.0,1456.7,1500.0,5,1,4,0.2,0,5,0,,0.2,,0.2,0.2,0.62,0.25
Mark Whitehouse,1315,540,1455.0,1473.1,1461.8,1473.9,42,16,26,0.381,20,5,17,0.4,0.2,0.4118,0.3,0.35,0.6143,0.4758
Dusan Obradovic,480,480,1455.0,1500.0,1453.0,1500.0,13,4,9,0.3077,0,13,0,,0.3077,,0.1,0.3077,0.62,0.3491
Patrick Daciek,986,941,1455.0,1454.1,1500.0,1500.0,8,2,6,0.25,8,0,0,0.25,,,0.25,0.25,0.59,0.2781
Hugo Di Feo,1528,1359,1455.0,1453.2,1500.0,1500.0,8,2,6,0.25,8,0,0,0.25,,,0.25,0.25,0.62,0.2923
Yuta Kawahashi,743,743,1455.0,1455.6,1500.0,1500.0,5,1,4,0.2,5,0,0,0.2,,,0.2,0.2,0.62,0.25
Javier Nunez,1753,1753,1455.0,1500.0,1455.2,1500.0,3,0,3,0.0,0,3,0,,0.0,,0.0,0.0,0.62,0.25
David Lucas Ambrozic,,,1455.0,1470.2,1487.7,1500.0,3,0,3,0.0,2,1,0,0.0,0.0,,0.0,0.0,0.62,0.25
Maximiliano Estevez,1035,276,1454.8,1472.6,1476.1,1500.0,38,18,20,0.4737,2,36,0,0.0,0.5,,0.2,0.25,0.62,0.4704
Rameez Junaid,,,1454.8,1463.8,1489.5,1500.0,10,3,7,0.3,3,7,0,0.0,0.4286,,0.3,0.3,0.608,0.3119
Felipe Escobar,1141,870,1454.8,1500.0,1456.2,1500.0,5,1,4,0.2,0,5,0,,0.2,,0.2,0.2,0.62,0.25
Michael Genender,1996,1924,1454.8,1455.7,1500.0,1500.0,3,0,3,0.0,3,0,0,0.0,,,0.0,0.0,0.62,0.25
Yshai Oliel,426,320,1454.7,1422.7,1497.3,1500.0,80,34,46,0.425,28,52,0,0.3214,0.4808,,0.2,0.35,0.62,0.5336
Thomaz Bellucci,889,52,1454.6,1501.9,1457.0,1500.0,173,88,85,0.5087,49,124,0,0.4286,0.5403,,0.3,0.35,0.6047,0.561
Liang Yu Richard Lin,,,1454.6,1454.7,1500.0,1500.0,5,1,4,0.2,5,0,0,0.2,,,0.2,0.2,0.62,0.25
Tony Bourcet,1666,1666,1454.5,1464.0,1486.6,1500.0,6,1,5,0.1667,5,1,0,0.2,0.0,,0.1667,0.1667,0.62,0.2605
Zaharije Zak Talic,1129,1129,1454.5,1454.2,1500.0,1500.0,3,0,3,0.0,3,0,0,0.0,,,0.0,0.0,0.62,0.25
Shunsuke Nakagawa,938,846,1454.4,1452.5,1500.0,1500.0,16,5,11,0.3125,16,0,0,0.3125,,,0.4,0.3125,0.62,0.3739
Tuncay Duran,1056,891,1454.3,1453.8,1500.0,1500.0,4,0,4,0.0,4,0,0,0.0,,,0.0,0.0,0.62,0.25
Vadim Alekseenko,869,651,1454.2,1488.0,1462.6,1500.0,4,0,4,0.0,1,3,0,0.0,0.0,,0.0,0.0,0.56,0.25
Mauricio Rivera Caballero,,,1454.2,1468.3,1486.0,1500.0,3,0,3,0.0,2,1,0,0.0,0.0,,0.0,0.0,0.62,0.25
Filip Jeff Planinsek,623,570,1454.1,1487.4,1460.9,1500.0,9,1,8,0.1111,1,8,0,0.0,0.125,,0.1111,0.1111,0.62,0.3058
Pascal Brunner,550,434,1453.8,1500.0,1453.0,1500.0,12,4,8,0.3333,0,12,0,,0.3333,,0.3,0.3333,0.59,0.3232
Alberto Bronzetti,1077,940,1453.8,1489.1,1460.5,1500.0,6,1,5,0.1667,3,3,0,0.3333,0.0,,0.1667,0.1667,0.62,0.2605
Younes Rachidi,1498,1224,1453.7,1500.0,1454.5,1500.0,4,0,4,0.0,0,4,0,,0.0,,0.0,0.0,0.59,0.25
Tom Fawcett,476,476,1453.6,1444.9,1500.0,1500.0,42,16,26,0.381,42,0,0,0.381,,,0.3,0.35,0.6171,0.478
Jumpei Yamasaki,893,455,1453.6,1458.3,1485.0,1500.0,40,16,24,0.4,39,1,0,0.4103,0.0,,0.4,0.45,0.62,0.4755
Juan Pablo Paz,609,284,1453.5,1485.2,1441.9,1500.0,144,67,77,0.4653,15,129,0,0.4,0.4729,,0.4,0.35,0.6167,0.5642
Wei De Lin,1095,1095,1453.5,1455.0,1500.0,1500.0,9,3,6,0.3333,9,0,0,0.3333,,,0.3333,0.3333,0.62,0.3058
Jose Fco Vidal Azorin,574,445,1453.4,1479.5,1463.6,1500.0,27,10,17,0.3704,11,16,0,0.4545,0.3125,,0.4,0.3,0.62,0.4344
Omar Salman,603,491,1453.4,1500.0,1454.5,1500.0,17,6,11,0.3529,0,17,0,,0.3529,,0.3,0.3529,0.62,0.3811
Joshua Paris,1102,898,1453.4,1486.1,1500.0,1462.4,6,1,5,0.1667,3,0,3,0.3333,,0.0,0.1667,0.1667,0.62,0.2605
Roni Rikkonen,,,1453.4,1500.0,1453.4,1500.0,3,0,3,0.0,0,3,0,,0.0,,0.0,0.0,0.62,0.25
Adhithya Ganesan,571,562,1453.3,1453.2,1500.0,1486.1,12,3,9,0.25,11,0,1,0.2727,,0.0,0.3,0.25,0.6,0.3286
Jacob Grills,440,369,1453.2,1447.2,1499.5,1500.0,87,35,52,0.4023,74,13,0,0.3919,0.4615,,0.3,0.25,0.6145,0.5345
Harri Heliovaara,1017,319,1453.2,1473.7,1435.5,1500.0,62,26,36,0.4194,47,15,0,0.4468,0.3333,,0.2,0.35,0.6084,0.505
Luke Bambridge,699,486,1453.1,1471.5,1467.0,1467.3,76,33,43,0.4342,58,5,13,0.4655,0.2,0.3846,0.2,0.35,0.6121,0.5233
Maxime Teixeira,435,277,1453.1,1489.5,1457.6,1500.0,55,24,31,0.4364,31,24,0,0.4516,0.4167,,0.3,0.35,0.5916,0.4816
Frane Nincevic,1180,1009,1453.1,1500.0,1447.8,1500.0,9,2,7,0.2222,0,9,0,,0.2222,,0.2222,0.2222,0.62,0.3058
Roy Sarut De Valk,1476,1073,1453.1,1490.8,1462.8,1500.0,6,1,5,0.1667,1,5,0,0.0,0.2,,0.1667,0.1667,0.6,0.2521
Daniel Batista,1515,1287,1452.9,1457.3,1480.6,1500.0,9,2,7,0.2222,4,5,0,0.0,0.4,,0.2222,0.2222,0.62,0.3058
Huixin Wang,1075,1075,1452.9,1482.2,1470.4,1500.0,5,1,4,0.2,3,2,0,0.3333,0.0,,0.2,0.2,0.62,0.25
Max Benaim,,,1452.9,1500.0,1487.3,1458.3,4,0,4,0.0,0,1,3,,0.0,0.0,0.0,0.0,0.62,0.25
Patrik Nema,592,570,1452.8,1468.6,1481.9,1500.0,15,5,10,0.3333,10,5,0,0.3,0.4,,0.3,0.3333,0.62,0.3662
Warit Sornbutnark,1234,1131,1452.8,1451.8,1500.0,1500.0,4,0,4,0.0,4,0,0,0.0,,,0.0,0.0,0.62,0.25
Patcharapol Kawin,1905,1645,1452.7,1447.9,1500.0,1500.0,4,0,4,0.0,4,0,0,0.0,,,0.0,0.0,0.62,0.25
Rhett Purcell,901,901,1452.4,1464.6,1486.1,1500.0,4,0,4,0.0,3,1,0,0.0,0.0,,0.0,0.0,0.56,0.25
Carlos Gomez Herrera,806,271,1452.2,1458.5,1466.8,1499.5,147,65,82,0.4422,46,97,4,0.4348,0.4433,0.5,0.3,0.3,0.6094,0.5585
Jung Woong Na,1270,522,1452.2,1450.8,1500.0,1500.0,14,5,9,0.3571,14,0,0,0.3571,,,0.3,0.3571,0.62,0.358
Yuga Tashiro,1726,1726,1452.2,1452.9,1500.0,1500.0,6,1,5,0.1667,6,0,0,0.1667,,,0.1667,0.1667,0.62,0.2605
Pablo Trochu,1202,889,1452.2,1450.5,1500.0,1500.0,4,0,4,0.0,4,0,0,0.0,,,0.0,0.0,0.62,0.25
Djordje Djokovic,1502,1490,1452.1,1476.4,1472.6,1500.0,4,0,4,0.0,2,2,0,0.0,0.0,,0.0,0.0,0.56,0.25
Florian Fallert,823,416,1451.9,1460.1,1488.1,1500.0,6,1,5,0.1667,3,3,0,0.0,0.3333,,0.1667,0.1667,0.6,0.2521
Maciej Smola,937,782,1451.9,1500.0,1454.3,1500.0,5,1,4,0.2,0,5,0,,0.2,,0.2,0.2,0.62,0.25
Peter Nad,1697,1619,1451.9,1462.3,1488.7,1500.0,4,0,4,0.0,3,1,0,0.0,0.0,,0.0,0.0,0.62,0.25
Jorge Montero,1274,659,1451.8,1478.6,1476.0,1500.0,31,13,18,0.4194,9,22,0,0.4444,0.4091,,0.3,0.4,0.62,0.4494
Eduardo Dischinger,832,790,1451.8,1487.2,1463.9,1500.0,18,7,11,0.3889,1,17,0,0.0,0.4118,,0.4,0.3889,0.62,0.3878
Jake Delaney,487,459,1451.7,1464.2,1471.1,1500.0,78,29,49,0.3718,76,2,0,0.3816,0.0,,0.3,0.3,0.6169,0.5292
Daniel Glancy,1605,865,1451.7,1470.7,1476.5,1500.0,6,1,5,0.1667,2,4,0,0.0,0.25,,0.1667,0.1667,0.6,0.2521
Noah Lopez,1237,927,1451.7,1465.0,1486.7,1500.0,4,0,4,0.0,3,1,0,0.0,0.0,,0.0,0.0,0.62,0.25
Felipe Mantilla,483,478,1451.6,1493.6,1445.9,1500.0,60,26,34,0.4333,18,42,0,0.5,0.4048,,0.3,0.45,0.62,0.5119
Puriwat Chatpatcharoen,1587,827,1451.6,1460.3,1485.1,1500.0,16,5,11,0.3125,15,1,0,0.3333,0.0,,0.3,0.3125,0.6125,0.3694
Gianni Ross,1040,1040,1451.6,1452.6,1500.0,1500.0,4,0,4,0.0,4,0,0,0.0,,,0.0,0.0,0.62,0.25
Marco Brugnerotto,644,644,1451.6,1478.0,1471.8,1500.0,4,0,4,0.0,2,2,0,0.0,0.0,,0.0,0.0,0.62,0.25
Alessandro Ceppellini,916,916,1451.6,1500.0,1451.5,1500.0,3,0,3,0.0,0,3,0,,0.0,,0.0,0.0,0.62,0.25
Nattan Benjasupawan,1985,1985,1451.5,1452.2,1500.0,1500.0,4,0,4,0.0,4,0,0,0.0,,,0.0,0.0,0.62,0.25
Ethan Cook,1286,1232,1451.4,1450.8,1500.0,1500.0,12,4,8,0.3333,12,0,0,0.3333,,,0.4,0.3333,0.62,0.3396
Daniel Garza,1064,484,1451.4,1479.9,1471.3,1500.0,8,2,6,0.25,6,2,0,0.3333,0.0,,0.25,0.25,0.605,0.2852
Pavel Nejedly,848,460,1451.3,1441.0,1477.5,1500.0,54,24,30,0.4444,7,47,0,0.1429,0.4894,,0.3,0.25,0.62,0.5031
Lorenzo Frigerio,867,401,1451.3,1473.1,1440.7,1500.0,29,10,19,0.3448,24,5,0,0.4167,0.0,,0.4,0.35,0.62,0.4422
Niklas Guttau,1337,907,1451.3,1480.0,1454.9,1500.0,11,2,9,0.1818,4,7,0,0.25,0.1429,,0.2,0.1818,0.5982,0.3177
Lorenzo Angelini,981,981,1451.3,1468.3,1477.0,1500.0,11,3,8,0.2727,9,2,0,0.3333,0.0,,0.3,0.2727,0.62,0.3293
Jiayang Dong,1461,1461,1451.3,1451.6,1500.0,1500.0,3,0,3,0.0,3,0,0,0.0,,,0.0,0.0,0.62,0.25
Juan Manuel Lopez,1639,1639,1451.2,1500.0,1452.6,1500.0,11,4,7,0.3636,0,11,0,,0.3636,,0.4,0.3636,0.62,0.3293
Fran Zvonimir Zgombic,842,747,1451.0,1472.1,1477.9,1500.0,6,1,5,0.1667,4,2,0,0.25,0.0,,0.1667,0.1667,0.6,0.2521
Vadym Ursu,422,299,1450.9,1439.8,1435.8,1488.8,105,41,64,0.3905,84,20,1,0.4048,0.35,0.0,0.4,0.35,0.6154,0.5468
Markus Eriksson,478,278,1450.9,1472.6,1470.9,1500.0,102,46,56,0.451,26,76,0,0.3846,0.4737,,0.0,0.25,0.6106,0.5409
Hiroyasu Ehara,457,338,1450.9,1447.3,1500.0,1500.0,39,16,23,0.4103,39,0,0,0.4103,,,0.2,0.45,0.6169,0.4707
Ku Keon Kang,1291,1291,1450.7,1449.9,1500.0,1500.0,4,0,4,0.0,4,0,0,0.0,,,0.0,0.0,0.62,0.25
Abraham Asaba,1756,1756,1450.7,1491.3,1459.1,1500.0,4,0,4,0.0,1,3,0,0.0,0.0,,0.0,0.0,0.62,0.25
Alessandro Petrone,414,400,1450.5,1461.3,1481.3,1500.0,20,7,13,0.35,4,16,0,0.0,0.4375,,0.2,0.35,0.62,0.4002
Mike Urbanija,1078,721,1450.5,1486.3,1462.8,1500.0,4,0,4,0.0,1,3,0,0.0,0.0,,0.0,0.0,0.59,0.25
Harry Bourchier,497,282,1450.4,1455.2,1462.5,1499.2,99,36,63,0.3636,88,9,2,0.3636,0.3333,0.5,0.0,0.2,0.6055,0.5346
Julio Cesar Porras,662,542,1450.4,1457.0,1485.9,1500.0,9,2,7,0.2222,8,1,0,0.25,0.0,,0.2222,0.2222,0.62,0.3058
Millen Hurrion,576,576,1450.4,1446.5,1500.0,1500.0,9,2,7,0.2222,9,0,0,0.2222,,,0.2222,0.2222,0.62,0.3058
Frazier Rengifo,1372,1372,1450.4,1500.0,1446.8,1500.0,8,2,6,0.25,0,8,0,,0.25,,0.25,0.25,0.62,0.2923
Yann Wojcik,903,784,1450.4,1470.8,1479.0,1500.0,6,1,5,0.1667,2,4,0,0.0,0.25,,0.1667,0.1667,0.62,0.2605
George Goldhoff,1785,1705,1450.4,1475.4,1471.7,1500.0,4,0,4,0.0,2,2,0,0.0,0.0,,0.0,0.0,0.62,0.25
Fausto Tabacco,801,433,1450.3,1487.6,1454.2,1500.0,26,9,17,0.3462,3,23,0,0.3333,0.3478,,0.3,0.35,0.62,0.4302
Jayden Court,1014,896,1450.3,1450.8,1500.0,1500.0,13,5,8,0.3846,13,0,0,0.3846,,,0.3,0.3846,0.62,0.3491
Alessandro Motti,,,1450.3,1485.6,1465.6,1500.0,6,1,5,0.1667,3,3,0,0.3333,0.0,,0.1667,0.1667,0.6,0.2521
Ken Onishi,1562,690,1450.2,1450.9,1500.0,1500.0,12,3,9,0.25,12,0,0,0.25,,,0.3,0.25,0.62,0.3396
Luca Pow,931,931,1450.2,1487.0,1500.0,1436.5,10,1,9,0.1,5,0,5,0.2,,0.0,0.1,0.1,0.572,0.2934
Egor Agafonov,591,473,1450.1,1471.5,1465.1,1500.0,39,18,21,0.4615,36,3,0,0.5,0.0,,0.3,0.35,0.62,0.473
Julien Eon,1455,1455,1450.0,1444.7,1500.0,1500.0,4,0,4,0.0,4,0,0,0.0,,,0.0,0.0,0.62,0.25
Francesco Vilardo,661,456,1449.9,1482.7,1462.6,1500.0,39,18,21,0.4615,30,9,0,0.5,0.3333,,0.3,0.35,0.62,0.473
Chayanon Kaewsuto,1643,1643,1449.9,1450.9,1500.0,1500.0,6,1,5,0.1667,6,0,0,0.1667,,,0.1667,0.1667,0.62,0.2605
Shane Nicholls,,,1449.9,1449.5,1500.0,1500.0,4,0,4,0.0,4,0,0,0.0,,,0.0,0.0,0.62,0.25
Frederico Gil,388,371,1449.8,1477.9,1461.7,1500.0,18,6,12,0.3333,4,14,0,0.25,0.3571,,0.2,0.3333,0.58,0.3628
Gregorio Cordonnier,1042,1030,1449.7,1500.0,1451.4,1500.0,6,1,5,0.1667,0,6,0,,0.1667,,0.1667,0.1667,0.62,0.2605
David Damian Brna,1537,1537,1449.7,1473.3,1472.3,1500.0,4,0,4,0.0,2,2,0,0.0,0.0,,0.0,0.0,0.62,0.25
Lukas Ollert,696,696,1449.6,1467.9,1483.5,1500.0,6,1,5,0.1667,5,1,0,0.2,0.0,,0.1667,0.1667,0.62,0.2605
Keegan Rice,1129,1117,1449.4,1444.7,1500.0,1500.0,12,3,9,0.25,12,0,0,0.25,,,0.3,0.25,0.62,0.3396
Anthony Genov,1342,1278,1449.4,1489.3,1456.2,1500.0,4,0,4,0.0,1,3,0,0.0,0.0,,0.0,0.0,0.62,0.25
Viktor Kirov,,,1449.4,1500.0,1449.0,1500.0,4,0,4,0.0,0,4,0,,0.0,,0.0,0.0,0.62,0.25
Ilija Bozoljac,833,204,1449.3,1462.0,1486.6,1500.0,14,5,9,0.3571,11,1,2,0.3636,0.0,0.5,0.3,0.3571,0.56,0.3233
Aleksandr Lobanov,757,757,1449.3,1467.0,1479.4,1500.0,13,5,8,0.3846,6,7,0,0.3333,0.4286,,0.3,0.3846,0.62,0.3491
Nicolas Tepmahc,783,746,1449.3,1451.4,1484.2,1500.0,7,1,6,0.1429,6,1,0,0.1667,0.0,,0.1429,0.1429,0.62,0.2773
Guillermo Tunas,2053,2053,1449.3,1486.6,1462.1,1500.0,6,1,5,0.1667,3,3,0,0.3333,0.0,,0.1667,0.1667,0.62,0.2605
Zhan Zheng,2180,2052,1449.3,1448.8,1500.0,1500.0,4,0,4,0.0,4,0,0,0.0,,,0.0,0.0,0.62,0.25
Thomas Braithwaite,883,862,1449.2,1446.5,1500.0,1500.0,10,3,7,0.3,10,0,0,0.3,,,0.3,0.3,0.62,0.3181
Evgeny Karlovskiy,798,211,1449.1,1463.9,1474.6,1480.0,374,173,201,0.4626,264,104,6,0.4773,0.4327,0.3333,0.2,0.3,0.6117,0.59
Julian Cash,822,805,1449.1,1475.1,1500.0,1458.8,9,2,7,0.2222,6,0,3,0.3333,,0.0,0.2222,0.2222,0.62,0.3058
Henry Craig,652,599,1449.1,1448.1,1500.0,1500.0,9,2,7,0.2222,9,0,0,0.2222,,,0.2222,0.2222,0.62,0.3058
Thomas Yaka Kofi Setodji,794,794,1449.1,1455.3,1489.0,1500.0,6,1,5,0.1667,3,3,0,0.0,0.3333,,0.1667,0.1667,0.62,0.2605
Sasi Kumar Mukund,520,233,1449.0,1442.8,1430.3,1484.1,316,138,178,0.4367,265,45,6,0.4415,0.4222,0.3333,0.3,0.4,0.6135,0.588
Evgenii Tiurnev,468,277,1449.0,1448.6,1476.2,1500.0,99,41,58,0.4141,53,46,0,0.3962,0.4348,,0.1,0.35,0.6091,0.5378
Martin Redlicki,540,384,1449.0,1444.5,1500.0,1500.0,60,23,37,0.3833,60,0,0,0.3833,,,0.3,0.4,0.618,0.5103
Xi Qi,1256,1194,1449.0,1463.4,1473.6,1500.0,18,6,12,0.3333,14,4,0,0.3571,0.25,,0.5,0.3333,0.62,0.3878
Sonchat Ratiwatana,,,1449.0,1463.5,1500.0,1485.7,8,2,6,0.25,7,0,1,0.2857,,0.0,0.25,0.25,0.62,0.2923
Andres Gabriel Ciurletti,1551,1328,1449.0,1472.5,1471.5,1500.0,4,0,4,0.0,2,2,0,0.0,0.0,,0.0,0.0,0.62,0.25
Tim Handel,659,362,1448.9,1425.1,1507.2,1500.0,35,13,22,0.3714,14,21,0,0.2143,0.4762,,0.3,0.35,0.62,0.4621
Alejo Vilaro,1027,1027,1448.9,1500.0,1447.3,1500.0,4,0,4,0.0,0,4,0,,0.0,,0.0,0.0,0.62,0.25
Nicholas S Hu,553,553,1448.8,1459.0,1500.0,1488.0,6,1,5,0.1667,5,0,1,0.2,,0.0,0.1667,0.1667,0.6,0.2521
Michalis Sakellaridis,1616,1616,1448.8,1442.5,1500.0,1500.0,6,1,5,0.1667,6,0,0,0.1667,,,0.1667,0.1667,0.62,0.2605
Jose Checa Calvo,523,523,1448.8,1485.0,1454.9,1500.0,5,0,5,0.0,1,4,0,0.0,0.0,,0.0,0.0,0.596,0.25
Zhicheng Zhu,1310,1282,1448.7,1449.4,1500.0,1500.0,7,1,6,0.1429,7,0,0,0.1429,,,0.1429,0.1429,0.6029,0.2696
Alejandro Moreno Figueroa,1389,1389,1448.7,1447.2,1500.0,1500.0,4,0,4,0.0,4,0,0,0.0,,,0.0,0.0,0.62,0.25
Bruno Santanna,400,361,1448.6,1444.2,1485.7,1500.0,39,16,23,0.4103,11,28,0,0.2727,0.4643,,0.4,0.35,0.62,0.473
Anvit Bendre,1867,1247,1448.6,1452.1,1500.0,1500.0,6,1,5,0.1667,6,0,0,0.1667,,,0.1667,0.1667,0.62,0.2605
Antoine Hoang,637,101,1448.4,1479.5,1474.9,1528.4,262,132,130,0.5038,169,70,23,0.5207,0.4429,0.5652,0.1,0.3,0.5976,0.568
Rui Machado,651,218,1448.3,1500.0,1462.1,1488.0,13,4,9,0.3077,0,12,1,,0.3333,0.0,0.2,0.3077,0.5738,0.3231
Artem Sitak,1161,930,1448.3,1459.9,1487.7,1488.0,12,3,9,0.25,10,1,1,0.3,0.0,0.0,0.2,0.25,0.51,0.2793
Islam Orynbasar,1337,1337,1448.3,1448.0,1500.0,1500.0,6,1,5,0.1667,6,0,0,0.1667,,,0.1667,0.1667,0.62,0.2605
Evan Song,624,314,1448.2,1453.2,1463.9,1500.0,112,51,61,0.4554,98,14,0,0.4694,0.3571,,0.4,0.4,0.6114,0.5469
Bautista De La Pena,1485,1479,1448.2,1482.5,1467.7,1500.0,6,1,5,0.1667,3,3,0,0.3333,0.0,,0.1667,0.1667,0.62,0.2605
Joao Vitor Goncalves Ceolin,1071,1071,1448.1,1500.0,1459.3,1486.0,8,2,6,0.25,0,7,1,,0.2857,0.0,0.25,0.25,0.62,0.2923
Joshua Sheehy,591,536,1448.0,1463.0,1450.8,1500.0,67,26,41,0.3881,49,16,2,0.3878,0.375,0.5,0.4,0.4,0.62,0.5207
Filiberto Fumagalli,1940,1940,1448.0,1445.2,1500.0,1500.0,5,0,5,0.0,5,0,0,0.0,,,0.0,0.0,0.62,0.25
Javier Naser,1994,1994,1448.0,1500.0,1448.3,1500.0,4,0,4,0.0,0,4,0,,0.0,,0.0,0.0,0.62,0.25
Zhao Zhao,1604,1602,1448.0,1448.4,1500.0,1500.0,4,0,4,0.0,4,0,0,0.0,,,0.0,0.0,0.59,0.25
Yannick Vandenbulcke,490,380,1447.9,1485.8,1460.7,1500.0,22,9,13,0.4091,15,7,0,0.4667,0.2857,,0.2,0.4,0.62,0.4113
Pengyu Lu,934,934,1447.9,1448.9,1500.0,1500.0,6,1,5,0.1667,6,0,0,0.1667,,,0.1667,0.1667,0.62,0.2605
Yeongseok Jeong,867,867,1447.9,1445.0,1500.0,1500.0,4,0,4,0.0,4,0,0,0.0,,,0.0,0.0,0.62,0.25
Mislav Bosnjak,1858,1388,1447.8,1448.3,1500.0,1500.0,6,1,5,0.1667,6,0,0,0.1667,,,0.1667,0.1667,0.62,0.2605
Imran Sibille,1609,1591,1447.8,1461.8,1484.0,1500.0,4,0,4,0.0,3,1,0,0.0,0.0,,0.0,0.0,0.62,0.25
Alexis Canter,1353,1228,1447.7,1468.9,1500.0,1473.6,10,3,7,0.3,4,0,6,0.25,,0.3333,0.3,0.3,0.62,0.3181
Saketh Myneni,934,143,1447.6,1482.3,1483.3,1467.2,182,99,83,0.544,156,17,9,0.5641,0.4706,0.3333,0.1,0.25,0.6062,0.5643
Tomas Martinez,1002,971,1447.6,1500.0,1450.7,1500.0,10,3,7,0.3,0,10,0,,0.3,,0.3,0.3,0.62,0.3181
Danil Ozernoy,,,1447.6,1454.8,1489.7,1500.0,4,0,4,0.0,3,1,0,0.0,0.0,,0.0,0.0,0.62,0.25
Daniiar Duldaev,665,665,1447.5,1453.9,1486.3,1500.0,15,5,10,0.3333,12,3,0,0.3333,0.3333,,0.3,0.3333,0.62,0.3662
Jordan Parker,1544,1544,1447.4,1447.7,1500.0,1500.0,4,0,4,0.0,4,0,0,0.0,,,0.0,0.0,0.62,0.25
Eric Vanshelboim,532,357,1447.3,1491.8,1441.8,1500.0,67,30,37,0.4478,26,41,0,0.4615,0.439,,0.3,0.3,0.6182,0.5192
Zura Tkemaladze,1063,662,1447.3,1450.4,1484.3,1500.0,26,10,16,0.3846,25,1,0,0.4,0.0,,0.4,0.45,0.62,0.4302
Fabrice Martin,971,311,1447.3,1453.1,1461.9,1512.6,23,7,16,0.3043,17,3,3,0.2941,0.0,0.6667,0.3,0.35,0.573,0.3848
Ricardo Urzua Rivera,1377,847,1447.3,1500.0,1448.6,1500.0,8,2,6,0.25,0,8,0,,0.25,,0.25,0.25,0.62,0.2923
Florian Lakat,776,776,1447.3,1447.5,1500.0,1500.0,5,0,5,0.0,5,0,0,0.0,,,0.0,0.0,0.62,0.25
Tomislav Draganja,,,1447.3,1473.0,1474.0,1500.0,4,0,4,0.0,2,2,0,0.0,0.0,,0.0,0.0,0.62,0.25
Nikola Milojevic,1101,125,1447.2,1550.0,1455.5,1481.2,375,187,188,0.4987,179,188,8,0.4972,0.5053,0.375,0.0,0.2,0.6008,0.5796
Bastian Malla,1322,386,1447.2,1470.4,1458.4,1500.0,54,22,32,0.4074,2,52,0,0.0,0.4231,,0.1,0.35,0.6178,0.5013
Xiao Gong,1130,1008,1447.2,1459.3,1486.0,1500.0,4,0,4,0.0,3,1,0,0.0,0.0,,0.0,0.0,0.62,0.25
Alexander Bury,1337,1224,1447.1,1491.1,1440.2,1489.2,31,12,19,0.3871,19,11,1,0.4737,0.2727,0.0,0.4,0.4,0.6161,0.4466
Oscar Moraing,889,659,1447.1,1483.6,1464.2,1488.2,12,3,9,0.25,2,9,1,0.0,0.3333,0.0,0.2,0.25,0.6,0.3286
Luca Staeheli,610,610,1447.1,1463.3,1476.7,1500.0,7,1,6,0.1429,3,4,0,0.0,0.25,,0.1429,0.1429,0.62,0.2773
Benito Massacri,1858,1760,1447.1,1500.0,1446.0,1500.0,4,0,4,0.0,0,4,0,,0.0,,0.0,0.0,0.62,0.25
Pavel Petrov,1648,1648,1447.0,1471.9,1474.2,1500.0,4,0,4,0.0,2,2,0,0.0,0.0,,0.0,0.0,0.62,0.25
Benjamin Balleret,724,333,1446.9,1500.6,1428.1,1500.0,15,4,11,0.2667,6,9,0,0.5,0.1111,,0.4,0.2667,0.596,0.352
David Fleming,2017,1152,1446.9,1500.0,1449.4,1500.0,8,2,6,0.25,0,8,0,,0.25,,0.25,0.25,0.62,0.2923
Thantub Suksumrarn,962,962,1446.8,1447.6,1500.0,1500.0,6,1,5,0.1667,6,0,0,0.1667,,,0.1667,0.1667,0.62,0.2605
Sultan Narbekov,,,1446.8,1459.6,1486.2,1500.0,4,0,4,0.0,3,1,0,0.0,0.0,,0.0,0.0,0.62,0.25
Mauricio Resendiz Dominguez,1305,1305,1446.7,1458.6,1485.9,1500.0,4,0,4,0.0,3,1,0,0.0,0.0,,0.0,0.0,0.62,0.25
Benjamin Willwerth,1834,1182,1446.5,1455.4,1474.6,1500.0,8,0,8,0.0,6,2,0,0.0,0.0,,0.0,0.0,0.575,0.2711
Seong Gook Oh,895,884,1446.4,1444.6,1500.0,1500.0,8,2,6,0.25,8,0,0,0.25,,,0.25,0.25,0.62,0.2923
Hao Wu,1095,1095,1446.3,1461.4,1486.5,1500.0,15,6,9,0.4,12,3,0,0.4167,0.3333,,0.3,0.4,0.62,0.3662
Andre Sa,,,1446.3,1465.6,1476.0,1500.0,7,1,6,0.1429,3,4,0,0.0,0.25,,0.1429,0.1429,0.5171,0.25
Miguel Semmler,577,552,1446.3,1482.6,1455.8,1500.0,6,0,6,0.0,1,5,0,0.0,0.0,,0.0,0.0,0.6,0.2521
Vaclav Safranek,1052,191,1446.2,1387.3,1493.2,1475.3,165,68,97,0.4121,49,114,2,0.3061,0.4649,0.0,0.1,0.2,0.6069,0.5612
Runhao Hua,682,619,1446.2,1417.4,1519.2,1500.0,23,7,16,0.3043,18,5,0,0.2222,0.6,,0.4,0.3,0.6043,0.4059
Benard Bruno Nkomba,1523,1379,1446.2,1446.6,1500.0,1500.0,4,0,4,0.0,4,0,0,0.0,,,0.0,0.0,0.62,0.25
Mousheg Hovhannisyan,1254,1243,1446.2,1447.3,1500.0,1500.0,4,0,4,0.0,4,0,0,0.0,,,0.0,0.0,0.62,0.25
Alexander Lebedev,,,1446.2,1449.0,1500.0,1500.0,4,0,4,0.0,4,0,0,0.0,,,0.0,0.0,0.62,0.25
Markos Kalovelonis,1668,445,1446.1,1467.2,1477.3,1500.0,46,22,24,0.4783,38,8,0,0.5,0.375,,0.2,0.35,0.62,0.4888
Lautaro Agustin Falabella,862,716,1446.1,1500.0,1448.2,1500.0,12,4,8,0.3333,0,12,0,,0.3333,,0.2,0.3333,0.62,0.3396
Min Kyu Song,1987,595,1446.0,1438.3,1498.4,1500.0,15,5,10,0.3333,13,2,0,0.3077,0.5,,0.3,0.3333,0.62,0.3662
Bekkhan Atlangeriev,998,641,1446.0,1456.9,1480.7,1500.0,13,4,9,0.3077,3,10,0,0.0,0.4,,0.3,0.3077,0.62,0.3491
Dennis Uspensky,1302,1245,1446.0,1446.1,1500.0,1500.0,4,0,4,0.0,4,0,0,0.0,,,0.0,0.0,0.59,0.25
Oliver Okonkwo,1072,1072,1445.9,1444.1,1500.0,1500.0,8,2,6,0.25,8,0,0,0.25,,,0.25,0.25,0.62,0.2923
Arsenije Zlatanovic,1648,1642,1445.9,1484.7,1459.6,1500.0,6,1,5,0.1667,3,3,0,0.3333,0.0,,0.1667,0.1667,0.62,0.2605
Egor Kovalev,,,1445.9,1471.4,1475.0,1500.0,4,0,4,0.0,2,2,0,0.0,0.0,,0.0,0.0,0.62,0.25
Daniel Yoo,1247,1238,1445.8,1447.7,1500.0,1500.0,12,4,8,0.3333,12,0,0,0.3333,,,0.3,0.3333,0.62,0.3396
Hugo Maia,1408,1408,1445.8,1488.9,1460.7,1500.0,7,1,6,0.1429,3,4,0,0.3333,0.0,,0.1429,0.1429,0.62,0.2773
Ignacio Monzon,731,476,1445.7,1483.3,1447.0,1500.0,80,36,44,0.45,1,79,0,0.0,0.4557,,0.4,0.45,0.62,0.5336
Tyler Hochwalt,1271,894,1445.7,1447.0,1500.0,1500.0,8,2,6,0.25,8,0,0,0.25,,,0.25,0.25,0.62,0.2923
James Story,467,463,1445.6,1462.6,1500.0,1465.3,16,5,11,0.3125,13,0,3,0.3846,,0.0,0.3,0.3125,0.6125,0.3694
Nikita Bilozertsev,779,779,1445.4,1484.6,1455.4,1500.0,8,2,6,0.25,5,3,0,0.4,0.0,,0.25,0.25,0.62,0.2923
Benjamin Winter Lopez,1000,666,1445.3,1497.6,1441.8,1500.0,15,5,10,0.3333,4,11,0,0.5,0.2727,,0.2,0.3333,0.62,0.3662
Menelaos Efstathiou,776,776,1445.2,1444.4,1488.9,1500.0,10,1,9,0.1,9,1,0,0.1111,0.0,,0.1,0.1,0.608,0.3119
Fabricio Neis,1056,523,1445.1,1513.6,1442.2,1500.0,59,26,33,0.4407,9,50,0,0.5556,0.42,,0.3,0.45,0.6159,0.5072
Michiel De Krom,692,454,1445.1,1500.0,1441.7,1500.0,23,6,17,0.2609,0,23,0,,0.2609,,0.4,0.3,0.62,0.4164
Adrian Sikora,411,324,1445.1,1505.9,1441.6,1500.0,11,3,8,0.2727,6,5,0,0.5,0.0,,0.2,0.2727,0.62,0.3293
Masayoshi Ono,1984,1667,1445.1,1444.5,1500.0,1500.0,4,0,4,0.0,4,0,0,0.0,,,0.0,0.0,0.62,0.25
William Ma,1525,1500,1445.1,1444.5,1500.0,1500.0,4,0,4,0.0,4,0,0,0.0,,,0.0,0.0,0.62,0.25
John Lamble,912,807,1444.9,1437.2,1500.4,1500.0,18,6,12,0.3333,14,4,0,0.2857,0.5,,0.3,0.3333,0.62,0.3878
Henri Haupt,2106,2101,1444.9,1449.6,1494.2,1500.0,7,1,6,0.1429,6,1,0,0.1667,0.0,,0.1429,0.1429,0.6029,0.2696
Filip Duda,1485,1427,1444.9,1500.0,1446.8,1500.0,6,1,5,0.1667,0,6,0,,0.1667,,0.1667,0.1667,0.62,0.2605
Nicholas Alexander Reyes,2076,1496,1444.9,1442.6,1500.0,1500.0,5,0,5,0.0,5,0,0,0.0,,,0.0,0.0,0.548,0.25
Yu Hsiang Chiu,1253,1028,1444.9,1445.0,1500.0,1500.0,4,0,4,0.0,4,0,0,0.0,,,0.0,0.0,0.62,0.25
Ioannis Kountourakis,1429,1201,1444.8,1443.3,1500.0,1500.0,4,0,4,0.0,4,0,0,0.0,,,0.0,0.0,0.62,0.25
Rodolfo Jauregui Sainz De Rozas,1339,1339,1444.7,1459.5,1485.2,1500.0,4,0,4,0.0,3,1,0,0.0,0.0,,0.0,0.0,0.62,0.25
Jonathan Mridha,830,444,1444.6,1461.2,1452.5,1500.0,53,21,32,0.3962,16,37,0,0.3125,0.4324,,0.2,0.25,0.6087,0.4924
Niels Lootsma,584,426,1444.5,1467.8,1474.9,1500.0,7,1,6,0.1429,3,4,0,0.0,0.25,,0.1429,0.1429,0.5857,0.2619
Maxim Shin,969,969,1444.5,1472.2,1470.1,1500.0,4,0,4,0.0,2,2,0,0.0,0.0,,0.0,0.0,0.62,0.25
Jayesh Pungliya,1270,1015,1444.3,1446.7,1500.0,1500.0,8,2,6,0.25,8,0,0,0.25,,,0.25,0.25,0.605,0.2852
Hoyoung Roh,835,827,1444.3,1437.8,1500.0,1500.0,7,0,7,0.0,7,0,0,0.0,,,0.0,0.0,0.62,0.2773
Patricio Betancourt Gonzalez,1872,1872,1444.3,1471.4,1471.7,1500.0,4,0,4,0.0,2,2,0,0.0,0.0,,0.0,0.0,0.62,0.25
Aoxiong Wang,1339,1077,1444.1,1457.4,1485.7,1500.0,12,4,8,0.3333,5,7,0,0.2,0.4286,,0.3,0.3333,0.62,0.3396
Daniel Jovanovski,1749,1749,1444.1,1437.5,1500.0,1500.0,6,0,6,0.0,6,0,0,0.0,,,0.0,0.0,0.6,0.2521
Suk Ann,2151,2151,1444.1,1441.5,1500.0,1500.0,5,0,5,0.0,5,0,0,0.0,,,0.0,0.0,0.62,0.25
Adam Heinonen,1232,735,1444.1,1472.0,1471.2,1500.0,4,0,4,0.0,2,2,0,0.0,0.0,,0.0,0.0,0.62,0.25
Louis Dussin,1002,591,1444.0,1455.7,1467.3,1500.0,11,2,9,0.1818,8,3,0,0.25,0.0,,0.2,0.1818,0.62,0.3293
Kirill Dmitriev,399,376,1444.0,1474.6,1461.0,1500.0,7,1,6,0.1429,4,3,0,0.25,0.0,,0.1429,0.1429,0.5857,0.2619
Francesco Picco,525,492,1444.0,1500.0,1445.1,1500.0,4,0,4,0.0,0,4,0,,0.0,,0.0,0.0,0.62,0.25
Oleksandr Bielinskyi,884,665,1444.0,1486.2,1459.2,1500.0,4,0,4,0.0,1,3,0,0.0,0.0,,0.0,0.0,0.62,0.25
James Marsalek,811,641,1443.9,1453.1,1500.0,1489.2,11,3,8,0.2727,10,0,1,0.3,,0.0,0.3,0.2727,0.6091,0.3235
Christian Lindell,329,180,1443.8,1491.3,1444.1,1487.6,124,52,72,0.4194,7,116,1,0.4286,0.4224,0.0,0.2,0.3,0.5997,0.5416
James Cerretani,,,1443.8,1478.6,1467.7,1500.0,4,0,4,0.0,2,2,0,0.0,0.0,,0.0,0.0,0.59,0.25
Sebastian Prechtel,894,545,1443.7,1497.0,1436.0,1500.0,16,5,11,0.3125,6,10,0,0.5,0.2,,0.3,0.3125,0.6125,0.3694
Ben Patael,392,381,1443.4,1460.6,1447.6,1500.0,49,19,30,0.3878,32,17,0,0.4062,0.3529,,0.3,0.35,0.62,0.4946
Maxime Tabatruong,525,387,1443.3,1455.2,1454.2,1500.0,46,18,28,0.3913,29,17,0,0.4138,0.3529,,0.3,0.4,0.62,0.4888
Sebastian Santibanez,,,1443.3,1471.1,1471.6,1500.0,4,0,4,0.0,2,2,0,0.0,0.0,,0.0,0.0,0.62,0.25
Mateo Castaneda,1263,1121,1443.2,1497.3,1447.2,1500.0,10,3,7,0.3,2,8,0,0.5,0.25,,0.3,0.3,0.62,0.3181
Jarryd Chaplin,1075,835,1443.1,1459.7,1469.5,1500.0,25,9,16,0.36,19,6,0,0.3684,0.3333,,0.4,0.35,0.62,0.4258
Abhinav Sanjeev Shanmugam,1276,511,1443.1,1445.2,1500.0,1500.0,22,9,13,0.4091,22,0,0,0.4091,,,0.3,0.4,0.62,0.4113
Miki Jankovic,802,256,1443.0,1485.0,1451.0,1500.0,34,13,21,0.3824,13,21,0,0.3846,0.381,,0.2,0.4,0.6024,0.4461
Sean Hess,1038,1038,1443.0,1500.0,1443.6,1500.0,6,1,5,0.1667,0,6,0,,0.1667,,0.1667,0.1667,0.62,0.2605
Raul Isaias Rosas Zarur,1429,1429,1442.9,1447.2,1498.7,1500.0,6,1,5,0.1667,4,2,0,0.0,0.5,,0.1667,0.1667,0.62,0.2605
Paul Valsecchi,1737,1161,1442.9,1500.0,1442.1,1500.0,4,0,4,0.0,0,4,0,,0.0,,0.0,0.0,0.62,0.25
Raphael Perot,414,368,1442.8,1466.9,1470.5,1500.0,11,2,9,0.1818,8,3,0,0.25,0.0,,0.2,0.1818,0.62,0.3293
Long Chen,2150,2116,1442.7,1442.9,1500.0,1500.0,4,0,4,0.0,4,0,0,0.0,,,0.0,0.0,0.59,0.25
Antonio Massara,655,503,1442.3,1488.7,1450.6,1500.0,20,7,13,0.35,1,19,0,0.0,0.3684,,0.3,0.35,0.62,0.4002
Samir Hamza Reguig,853,663,1442.3,1455.8,1475.2,1500.0,12,3,9,0.25,8,4,0,0.25,0.25,,0.2,0.25,0.62,0.3396
Barkin Yalcinkale,978,898,1442.3,1449.5,1488.0,1500.0,5,0,5,0.0,4,1,0,0.0,0.0,,0.0,0.0,0.596,0.25
Marcin Gawron,873,498,1442.1,1491.2,1446.8,1500.0,23,9,14,0.3913,6,17,0,0.5,0.3529,,0.4,0.4,0.62,0.4164
Jimmy Yang,1225,742,1442.1,1446.2,1500.0,1500.0,6,1,5,0.1667,6,0,0,0.1667,,,0.1667,0.1667,0.62,0.2605
Wilfredo Gonzalez,825,819,1442.1,1456.9,1486.0,1500.0,4,0,4,0.0,3,1,0,0.0,0.0,,0.0,0.0,0.62,0.25
Tiago Silva,1316,1316,1442.0,1483.3,1449.2,1500.0,8,1,7,0.125,4,4,0,0.25,0.0,,0.125,0.125,0.62,0.2923
Mitchell Harper,1076,808,1441.8,1442.2,1500.0,1500.0,10,3,7,0.3,10,0,0,0.3,,,0.3,0.3,0.62,0.3181
Yannick Thivant,1630,707,1441.7,1457.1,1485.0,1500.0,6,1,5,0.1667,3,3,0,0.0,0.3333,,0.1667,0.1667,0.58,0.25
Siddharth Vishwakarma,746,591,1441.5,1432.4,1500.0,1500.0,17,5,12,0.2941,17,0,0,0.2941,,,0.3,0.2941,0.62,0.3811
Sheng Tang,904,904,1441.5,1441.8,1500.0,1500.0,9,2,7,0.2222,9,0,0,0.2222,,,0.2222,0.2222,0.62,0.3058
Berk Ilkel,2058,1217,1441.3,1463.9,1471.9,1500.0,5,0,5,0.0,3,2,0,0.0,0.0,,0.0,0.0,0.62,0.25
Francisco Llanes,1561,1248,1441.2,1500.0,1440.4,1500.0,8,1,7,0.125,0,8,0,,0.125,,0.125,0.125,0.62,0.2923
Joao Marcos Nusdeo,1382,1382,1441.1,1500.0,1440.1,1500.0,4,0,4,0.0,0,4,0,,0.0,,0.0,0.0,0.62,0.25
Henrique Cunha,632,245,1441.0,1447.5,1479.5,1511.6,30,12,18,0.4,21,4,5,0.381,0.25,0.6,0.3,0.35,0.596,0.4286
Vlad Andrei Dumitru,1952,1952,1441.0,1500.0,1441.2,1500.0,8,2,6,0.25,0,8,0,,0.25,,0.25,0.25,0.62,0.2923
Francisco Rocha,841,686,1440.9,1438.3,1453.0,1500.0,38,10,28,0.2632,12,26,0,0.25,0.2692,,0.3,0.4,0.6168,0.4681
Victor Braga,1420,1420,1440.9,1483.9,1453.0,1500.0,10,2,8,0.2,1,9,0,0.0,0.2222,,0.2,0.2,0.62,0.3181
Jose Daniel Bendeck,1068,1068,1440.9,1489.1,1449.4,1500.0,9,2,7,0.2222,1,8,0,0.0,0.25,,0.2222,0.2222,0.6067,0.2992
Alessio De Bernardis,,,1440.9,1488.6,1449.5,1500.0,5,0,5,0.0,1,4,0,0.0,0.0,,0.0,0.0,0.62,0.25
Carlos Boluda Purkiss,408,254,1440.8,1520.0,1404.5,1500.0,51,19,32,0.3725,18,33,0,0.5,0.303,,0.2,0.3,0.62,0.4982
Axel Geller,662,661,1440.7,1438.9,1498.5,1500.0,12,3,9,0.25,6,6,0,0.0,0.5,,0.2,0.25,0.61,0.3341
Emiliano Maggioli,687,660,1440.7,1475.4,1455.8,1500.0,5,0,5,0.0,2,3,0,0.0,0.0,,0.0,0.0,0.62,0.25
Niklas Johansson,1185,1185,1440.7,1481.8,1471.2,1485.4,4,0,4,0.0,1,2,1,0.0,0.0,0.0,0.0,0.0,0.62,0.25
Daniele Capecchi,562,557,1440.6,1524.2,1417.0,1500.0,25,10,15,0.4,4,21,0,0.75,0.3333,,0.2,0.35,0.62,0.4258
Jacopo Bilardo,1113,1070,1440.5,1497.7,1437.1,1500.0,7,1,6,0.1429,2,5,0,0.5,0.0,,0.1429,0.1429,0.62,0.2773
Wojciech Marek,657,652,1440.5,1486.0,1450.5,1500.0,5,0,5,0.0,1,4,0,0.0,0.0,,0.0,0.0,0.62,0.25
Lorenzo Claverie,719,701,1440.4,1458.2,1468.2,1500.0,20,6,14,0.3,6,14,0,0.1667,0.3571,,0.3,0.3,0.62,0.4002
Palaphoom Kovapitukted,725,723,1440.4,1435.6,1500.0,1500.0,8,1,7,0.125,8,0,0,0.125,,,0.125,0.125,0.62,0.2923
Amir Omarkhanov,612,612,1440.4,1468.0,1467.7,1500.0,8,1,7,0.125,5,3,0,0.2,0.0,,0.125,0.125,0.59,0.2781
Francisco Castro,,,1440.4,1483.7,1454.9,1500.0,5,0,5,0.0,1,4,0,0.0,0.0,,0.0,0.0,0.62,0.25
Jaimee Floyd Angele,888,495,1440.3,1456.9,1469.3,1488.0,25,8,17,0.32,21,3,1,0.381,0.0,0.0,0.4,0.35,0.6056,0.4159
Tomislav Edward Papac,1745,1287,1440.3,1441.5,1500.0,1500.0,16,6,10,0.375,16,0,0,0.375,,,0.3,0.375,0.62,0.3739
Bang Shuo Yin,1123,813,1440.3,1444.8,1500.0,1500.0,8,2,6,0.25,8,0,0,0.25,,,0.25,0.25,0.62,0.2923
Mykyta Mashtakov,817,698,1440.0,1500.0,1442.2,1500.0,8,1,7,0.125,0,8,0,,0.125,,0.125,0.125,0.62,0.2923
Franco Ribero,932,660,1439.9,1452.6,1461.5,1500.0,48,19,29,0.3958,3,45,0,0.0,0.4222,,0.6,0.45,0.62,0.4927
Ryan Dickerson,670,670,1439.9,1473.0,1463.0,1500.0,15,5,10,0.3333,2,13,0,0.0,0.3846,,0.3,0.3333,0.62,0.3662
Moerani Bouzige,425,314,1439.8,1418.5,1500.0,1500.0,79,30,49,0.3797,79,0,0,0.3797,,,0.2,0.25,0.6124,0.5262
Peter Kobelt,425,365,1439.8,1440.9,1498.0,1500.0,29,11,18,0.3793,27,2,0,0.3704,0.5,,0.2,0.35,0.62,0.4422
Takashi Saito,769,580,1439.8,1471.6,1465.2,1500.0,9,2,7,0.2222,4,5,0,0.25,0.2,,0.2222,0.2222,0.62,0.3058
Joao Silva,2055,1663,1439.8,1474.1,1451.1,1500.0,6,0,6,0.0,2,4,0,0.0,0.0,,0.0,0.0,0.62,0.2605
Sander Arends,1545,1415,1439.7,1453.9,1477.8,1500.0,12,3,9,0.25,8,4,0,0.25,0.25,,0.2,0.25,0.62,0.3396
Mateo Del Pino,1108,1108,1439.7,1500.0,1440.3,1500.0,7,1,6,0.1429,0,7,0,,0.1429,,0.1429,0.1429,0.62,0.2773
Nathan Trouve,1892,1367,1439.6,1440.3,1500.0,1500.0,7,1,6,0.1429,7,0,0,0.1429,,,0.1429,0.1429,0.62,0.2773
Grigoriy Korobeynikov,,,1439.6,1448.4,1483.4,1500.0,5,0,5,0.0,4,1,0,0.0,0.0,,0.0,0.0,0.62,0.25
Alexandre Aubriot,986,717,1439.5,1433.4,1489.7,1500.0,15,4,11,0.2667,10,5,0,0.2,0.4,,0.3,0.2667,0.612,0.3615
Antoine Leduc,2001,1656,1439.5,1439.6,1500.0,1500.0,7,1,6,0.1429,7,0,0,0.1429,,,0.1429,0.1429,0.6029,0.2696
Gerardo Lopez Villasenor,651,505,1439.4,1460.2,1487.1,1489.9,23,8,15,0.3478,19,3,1,0.3684,0.3333,0.0,0.2,0.3,0.6043,0.4059
Charles Force,,,1439.4,1500.0,1434.8,1500.0,6,0,6,0.0,0,6,0,,0.0,,0.0,0.0,0.62,0.2605
Yuttana Charoenphon,966,951,1439.2,1437.5,1500.0,1500.0,6,0,6,0.0,6,0,0,0.0,,,0.0,0.0,0.62,0.2605
Domagoj Biljesko,933,933,1439.1,1488.0,1445.7,1500.0,6,0,6,0.0,1,5,0,0.0,0.0,,0.0,0.0,0.56,0.25
John Echeverria,640,558,1439.0,1452.2,1464.5,1500.0,26,8,18,0.3077,23,3,0,0.3478,0.0,,0.4,0.35,0.62,0.4302
Kittipong Wachiramanowong,1174,827,1439.0,1438.6,1500.0,1500.0,9,2,7,0.2222,9,0,0,0.2222,,,0.2222,0.2222,0.62,0.3058
Tucker Vorster,558,300,1438.9,1436.1,1500.0,1500.0,30,10,20,0.3333,30,0,0,0.3333,,,0.3,0.3,0.62,0.4459
Martin Joyce,1057,1057,1438.9,1439.3,1500.0,1500.0,8,1,7,0.125,8,0,0,0.125,,,0.125,0.125,0.62,0.2923
William Jansen,1307,1049,1438.9,1478.3,1500.0,1454.3,6,0,6,0.0,2,0,4,0.0,,0.0,0.0,0.0,0.6,0.2521
Mateusz Terczynski,1712,946,1438.9,1469.6,1487.6,1471.8,5,0,5,0.0,2,1,2,0.0,0.0,0.0,0.0,0.0,0.596,0.25
Tyler Lu,797,796,1438.8,1463.6,1472.0,1500.0,7,1,6,0.1429,5,2,0,0.2,0.0,,0.1429,0.1429,0.62,0.2773
Cleeve Harper,1367,1022,1438.7,1433.3,1485.0,1500.0,27,9,18,0.3333,24,3,0,0.3333,0.3333,,0.3,0.35,0.62,0.4344
Simon Freund,1618,718,1438.7,1475.9,1455.6,1500.0,7,1,6,0.1429,4,3,0,0.25,0.0,,0.1429,0.1429,0.6029,0.2696
Matej Vocel,1011,802,1438.6,1471.0,1461.2,1500.0,16,5,11,0.3125,6,10,0,0.3333,0.3,,0.2,0.3125,0.62,0.3739
Adam Neff,676,671,1438.6,1444.3,1487.3,1500.0,13,3,10,0.2308,12,1,0,0.25,0.0,,0.1,0.2308,0.6108,0.3439
Dario Acosta,,,1438.6,1500.0,1440.4,1500.0,7,1,6,0.1429,0,7,0,,0.1429,,0.1429,0.1429,0.62,0.2773
Rodrigo Alujas,712,712,1438.4,1454.9,1480.2,1485.6,18,5,13,0.2778,8,9,1,0.25,0.3333,0.0,0.2,0.2778,0.62,0.3878
Toni Androic,376,291,1438.4,1472.9,1462.1,1500.0,7,1,6,0.1429,2,5,0,0.0,0.2,,0.1429,0.1429,0.6029,0.2696
Alessandro Coppini,,,1438.3,1500.0,1437.5,1500.0,5,0,5,0.0,0,5,0,,0.0,,0.0,0.0,0.62,0.25
Syl Gaxherri,1952,1768,1438.2,1500.0,1434.4,1500.0,6,0,6,0.0,0,6,0,,0.0,,0.0,0.0,0.62,0.2605
Ayoub Chakrouni,1242,1106,1438.2,1500.0,1435.5,1500.0,5,0,5,0.0,0,5,0,,0.0,,0.0,0.0,0.596,0.25
Chanchai Sookton Eng,1634,1287,1438.1,1440.0,1500.0,1500.0,7,1,6,0.1429,7,0,0,0.1429,,,0.1429,0.1429,0.62,0.2773
Alexandr Kushakov,1201,867,1438.1,1460.1,1476.5,1500.0,5,0,5,0.0,3,2,0,0.0,0.0,,0.0,0.0,0.572,0.25
Phassawit Burapharitta,1569,887,1438.1,1437.7,1500.0,1500.0,5,0,5,0.0,5,0,0,0.0,,,0.0,0.0,0.62,0.25
Joao Monteiro,855,247,1438.0,1495.6,1418.3,1500.0,22,5,17,0.2273,3,19,0,0.3333,0.2105,,0.2,0.25,0.5982,0.3968
Nicolo Turchetti,581,581,1438.0,1489.4,1441.6,1500.0,14,4,10,0.2857,3,11,0,0.3333,0.2727,,0.2,0.2857,0.62,0.358
Dante Pagani,971,971,1438.0,1500.0,1437.2,1500.0,5,0,5,0.0,0,5,0,,0.0,,0.0,0.0,0.62,0.25
Michael Quintero,1357,1357,1437.9,1499.6,1440.4,1500.0,8,2,6,0.25,2,6,0,0.5,0.1667,,0.25,0.25,0.59,0.2781
Nicola Ghedin,941,453,1437.9,1484.1,1445.0,1500.0,8,1,7,0.125,1,7,0,0.0,0.1429,,0.125,0.125,0.62,0.2923
Simon Anthony Ivanov,942,680,1437.9,1481.2,1442.7,1500.0,7,0,7,0.0,2,5,0,0.0,0.0,,0.0,0.0,0.5857,0.2619
Benjamin Kittay,1735,1735,1437.8,1461.6,1472.1,1500.0,5,0,5,0.0,3,2,0,0.0,0.0,,0.0,0.0,0.572,0.25
Nicolas Parizzia,1106,1035,1437.6,1451.6,1475.9,1500.0,8,1,7,0.125,6,2,0,0.1667,0.0,,0.125,0.125,0.62,0.2923
Diogo Marques,944,848,1437.6,1458.2,1464.6,1500.0,8,1,7,0.125,5,3,0,0.2,0.0,,0.125,0.125,0.62,0.2923
Tim Kopinski,1458,1213,1437.6,1438.7,1500.0,1500.0,7,1,6,0.1429,7,0,0,0.1429,,,0.1429,0.1429,0.62,0.2773
Sora Fukuda,711,378,1437.4,1422.8,1501.4,1500.0,20,6,14,0.3,18,2,0,0.2778,0.5,,0.1,0.3,0.62,0.4002
Faris Zakaryia,542,525,1437.4,1457.7,1469.9,1500.0,11,2,9,0.1818,9,2,0,0.2222,0.0,,0.1,0.1818,0.62,0.3293
Ondrej Styler,1919,1146,1437.4,1473.2,1460.3,1500.0,5,0,5,0.0,2,3,0,0.0,0.0,,0.0,0.0,0.62,0.25
Alexander Zhurbin,585,365,1437.3,1419.4,1455.7,1500.0,76,29,47,0.3816,25,51,0,0.28,0.4314,,0.4,0.45,0.6153,0.526
Samuel Brosset,1327,783,1437.3,1451.7,1475.9,1500.0,6,0,6,0.0,4,2,0,0.0,0.0,,0.0,0.0,0.62,0.2605
Nino Ehrenschneider,547,520,1437.2,1427.3,1502.1,1500.0,10,2,8,0.2,6,4,0,0.0,0.5,,0.2,0.2,0.62,0.3181
Ozan Baris,1656,613,1437.1,1437.8,1492.3,1500.0,30,10,20,0.3333,29,1,0,0.3448,0.0,,0.2,0.35,0.62,0.4459
Constantin Frantzen,1505,1395,1437.1,1453.9,1477.8,1500.0,7,1,6,0.1429,5,2,0,0.2,0.0,,0.1429,0.1429,0.62,0.2773
Perry Gregg,1554,1539,1437.1,1448.4,1488.1,1500.0,5,0,5,0.0,4,1,0,0.0,0.0,,0.0,0.0,0.62,0.25
Tommaso Compagnucci,395,395,1437.0,1435.2,1457.0,1500.0,39,12,27,0.3077,7,32,0,0.1429,0.3438,,0.4,0.4,0.62,0.473
Kris Van Wyk,636,352,1436.5,1430.5,1500.0,1500.0,52,22,30,0.4231,52,0,0,0.4231,,,0.4,0.25,0.6177,0.498
Marcel Zielinski,887,795,1436.5,1500.0,1435.9,1500.0,4,0,4,0.0,0,4,0,,0.0,,0.0,0.0,0.62,0.25
Maverick Banes,495,217,1436.4,1436.1,1470.3,1488.0,131,57,74,0.4351,112,18,1,0.4464,0.3889,0.0,0.3,0.25,0.6136,0.5569
Felix Corwin,796,495,1436.3,1465.5,1441.0,1500.0,81,34,47,0.4198,59,22,0,0.4407,0.3636,,0.4,0.35,0.6185,0.5332
Sean Cuenin,341,341,1436.3,1477.2,1438.7,1500.0,25,7,18,0.28,10,15,0,0.3,0.2667,,0.3,0.2,0.6056,0.4159
Gianluca Ballotta,1925,1694,1436.3,1500.0,1436.0,1500.0,7,1,6,0.1429,0,7,0,,0.1429,,0.1429,0.1429,0.62,0.2773
Matias Zukas,640,371,1436.2,1471.8,1450.7,1500.0,74,32,42,0.4324,13,61,0,0.4615,0.4262,,0.3,0.35,0.62,0.5281
Stefan Merunka,2086,1721,1436.1,1457.6,1474.3,1500.0,5,0,5,0.0,3,2,0,0.0,0.0,,0.0,0.0,0.572,0.25
Niccolo Catini,877,723,1436.1,1483.3,1450.3,1500.0,5,0,5,0.0,1,4,0,0.0,0.0,,0.0,0.0,0.62,0.25
Franco Feitt,1245,964,1436.0,1500.0,1436.5,1500.0,5,0,5,0.0,0,5,0,,0.0,,0.0,0.0,0.596,0.25
Vladimir Polyakov,1141,883,1435.9,1453.4,1484.0,1500.0,9,2,7,0.2222,8,1,0,0.25,0.0,,0.2222,0.2222,0.5667,0.2795
Juan Jose Bianchi,1635,1324,1435.4,1468.9,1461.9,1500.0,5,0,5,0.0,2,3,0,0.0,0.0,,0.0,0.0,0.62,0.25
Ben Jones,743,625,1435.3,1464.5,1470.6,1463.5,49,19,30,0.3878,42,2,5,0.4286,0.0,0.2,0.3,0.4,0.62,0.4946
Lucas Renard,1069,861,1435.3,1471.1,1444.8,1500.0,34,12,22,0.3529,21,13,0,0.381,0.3077,,0.2,0.3,0.6024,0.4461
Taha Tifnouti,2057,1401,1435.2,1500.0,1433.1,1500.0,6,0,6,0.0,0,6,0,,0.0,,0.0,0.0,0.56,0.25
Neil Pauffley,747,551,1435.1,1479.0,1500.0,1418.1,19,5,14,0.2632,8,0,11,0.375,,0.1818,0.3,0.2632,0.6137,0.3902
Dzmitry Zhyrmont,429,230,1434.9,1445.7,1470.8,1487.6,74,32,42,0.4324,60,11,3,0.45,0.3636,0.3333,0.3,0.3,0.6054,0.5157
Jaroslav Pospisil,1456,213,1434.9,1453.3,1464.6,1488.0,54,21,33,0.3889,11,42,1,0.2727,0.4286,0.0,0.1,0.3,0.6089,0.4941
Francisco Cabral,1379,882,1434.9,1504.3,1406.3,1500.0,20,5,15,0.25,6,14,0,0.5,0.1429,,0.4,0.25,0.614,0.3963
Peter Buldorini,685,685,1434.9,1500.6,1426.5,1500.0,20,6,14,0.3,11,9,0,0.4545,0.1111,,0.2,0.3,0.62,0.4002
Chu Huan Yi,1020,733,1434.9,1440.9,1489.0,1500.0,16,5,11,0.3125,13,3,0,0.3077,0.3333,,0.3,0.3125,0.62,0.3739
Breno Braga,2180,2176,1434.9,1500.0,1435.5,1500.0,7,1,6,0.1429,0,7,0,,0.1429,,0.1429,0.1429,0.62,0.2773
Joe Salisbury,1062,640,1434.8,1431.3,1500.0,1499.0,25,9,16,0.36,17,0,8,0.2941,,0.5,0.3,0.4,0.6056,0.4159
Gergely Madarasz,529,443,1434.8,1498.3,1434.8,1500.0,12,3,9,0.25,2,10,0,0.5,0.2,,0.2,0.25,0.62,0.3396
Gregor Ramskogler,900,896,1434.8,1500.0,1437.2,1500.0,5,0,5,0.0,0,5,0,,0.0,,0.0,0.0,0.62,0.25
Masato Shiga,776,502,1434.6,1434.4,1500.0,1500.0,12,3,9,0.25,12,0,0,0.25,,,0.2,0.25,0.61,0.3341
Sanchai Ratiwatana,,,1434.4,1448.2,1500.0,1485.4,7,1,6,0.1429,6,0,1,0.1667,,0.0,0.1429,0.1429,0.62,0.2773
Mirko Martinez,638,552,1434.3,1450.8,1471.8,1500.0,11,2,9,0.1818,4,7,0,0.0,0.2857,,0.2,0.1818,0.62,0.3293
Quentin Robert,443,443,1434.3,1439.2,1500.0,1500.0,9,2,7,0.2222,9,0,0,0.2222,,,0.2222,0.2222,0.62,0.3058
Jeffrey Von Der Schulenburg,843,843,1434.2,1462.1,1462.5,1500.0,7,0,7,0.0,4,3,0,0.0,0.0,,0.0,0.0,0.62,0.2773
Ivan Ivanov,604,604,1434.0,1462.7,1456.0,1500.0,7,0,7,0.0,3,4,0,0.0,0.0,,0.0,0.0,0.62,0.2773
Arthur Surreaux,553,553,1434.0,1469.6,1473.1,1487.2,5,0,5,0.0,2,2,1,0.0,0.0,0.0,0.0,0.0,0.596,0.25
Peter Goldsteiner,1266,826,1433.8,1500.0,1426.9,1500.0,6,0,6,0.0,0,6,0,,0.0,,0.0,0.0,0.62,0.2605
Felipe Martinez Sarrasague,1329,811,1433.8,1455.8,1475.1,1500.0,5,0,5,0.0,3,2,0,0.0,0.0,,0.0,0.0,0.62,0.25
Mao Xin Gong,1042,701,1433.6,1457.1,1474.9,1500.0,26,10,16,0.3846,18,8,0,0.3889,0.375,,0.2,0.35,0.6154,0.427
Mac Kiger,1057,925,1433.6,1443.2,1483.7,1500.0,5,0,5,0.0,4,1,0,0.0,0.0,,0.0,0.0,0.62,0.25
Sardor Pulatov,,,1433.5,1446.4,1486.0,1500.0,7,1,6,0.1429,6,1,0,0.1667,0.0,,0.1429,0.1429,0.62,0.2773
Cristobal Saavedra Corvalan,551,520,1433.4,1500.0,1434.9,1500.0,5,0,5,0.0,0,5,0,,0.0,,0.0,0.0,0.62,0.25
Mick Veldheer,967,517,1433.3,1457.5,1475.2,1500.0,16,5,11,0.3125,10,6,0,0.3,0.3333,,0.2,0.3125,0.62,0.3739
Chaleechan Tanasugarn,2220,2220,1433.3,1434.5,1500.0,1500.0,7,1,6,0.1429,7,0,0,0.1429,,,0.1429,0.1429,0.62,0.2773
Rocco Piatti,1754,1489,1433.3,1500.0,1432.0,1500.0,6,0,6,0.0,0,6,0,,0.0,,0.0,0.0,0.62,0.2605
Mikhail Ledovskikh,714,412,1433.2,1456.8,1468.2,1500.0,17,5,12,0.2941,6,11,0,0.1667,0.3636,,0.2,0.2941,0.5494,0.3377
Sergio Luis Hernandez Ramirez,1666,1089,1433.1,1500.0,1435.1,1500.0,8,1,7,0.125,0,8,0,,0.125,,0.125,0.125,0.62,0.2923
Takuto Niki,566,280,1433.0,1430.4,1500.0,1500.0,90,38,52,0.4222,90,0,0,0.4222,,,0.3,0.4,0.6093,0.5322
Sergey Betov,1826,367,1433.0,1476.3,1439.8,1500.0,81,38,43,0.4691,64,17,0,0.5,0.3529,,0.1,0.4,0.6156,0.5306
Axel Nefve,939,756,1433.0,1434.1,1471.0,1511.0,20,6,14,0.3,15,2,3,0.2667,0.0,0.6667,0.4,0.3,0.62,0.4002
Luca Sanchez,,,1433.0,1439.7,1486.9,1500.0,7,0,7,0.0,6,1,0,0.0,0.0,,0.0,0.0,0.62,0.2773
Gonzalo Achondo,1886,1886,1432.9,1486.0,1447.4,1500.0,5,0,5,0.0,1,4,0,0.0,0.0,,0.0,0.0,0.62,0.25
Khalid Allouch,1614,1427,1432.7,1500.0,1433.5,1500.0,6,0,6,0.0,0,6,0,,0.0,,0.0,0.0,0.62,0.2605
Thomas Fancutt,722,394,1432.6,1433.1,1463.7,1500.0,94,37,57,0.3936,82,12,0,0.4024,0.3333,,0.4,0.35,0.6174,0.542
Sem Verbeek,1444,531,1432.6,1462.5,1442.8,1500.0,57,23,34,0.4035,41,16,0,0.4146,0.375,,0.3,0.35,0.62,0.5077
Erik Crepaldi,1254,282,1432.4,1447.9,1442.1,1476.4,76,30,46,0.3947,47,27,2,0.4255,0.3704,0.0,0.3,0.4,0.6168,0.5273
Enzo Wallart,886,617,1432.4,1430.9,1473.9,1500.0,45,17,28,0.3778,41,4,0,0.3902,0.25,,0.2,0.3,0.62,0.4868
Yuichiro Inui,1164,885,1432.4,1434.4,1500.0,1500.0,13,4,9,0.3077,13,0,0,0.3077,,,0.3,0.3077,0.62,0.3491
Shalva Dzhanashia,677,631,1432.3,1456.9,1437.3,1500.0,33,12,21,0.3636,26,7,0,0.4231,0.1429,,0.3,0.4,0.62,0.456
Ivan Denisov,1289,1069,1432.1,1460.4,1465.4,1500.0,15,5,10,0.3333,5,10,0,0.2,0.4,,0.3,0.3333,0.612,0.3615
Alan Sau Franco,1836,1813,1432.0,1436.7,1486.1,1500.0,6,0,6,0.0,5,1,0,0.0,0.0,,0.0,0.0,0.6,0.2521
Bogdan Ionut Apostol,584,514,1431.9,1473.0,1453.0,1500.0,16,5,11,0.3125,4,12,0,0.25,0.3333,,0.2,0.3125,0.605,0.3648
Tomas Luis,903,870,1431.9,1449.8,1468.1,1500.0,7,0,7,0.0,4,3,0,0.0,0.0,,0.0,0.0,0.62,0.2773
Tiago Pereira,299,260,1431.8,1435.0,1461.7,1500.0,80,26,54,0.325,27,53,0,0.3333,0.3208,,0.1,0.1,0.62,0.5336
Maxime Mora,633,628,1431.8,1459.3,1460.6,1500.0,14,4,10,0.2857,7,7,0,0.2857,0.2857,,0.2,0.2857,0.62,0.358
Lakshit Sood,1328,1243,1431.7,1433.3,1500.0,1500.0,9,2,7,0.2222,9,0,0,0.2222,,,0.2222,0.2222,0.6067,0.2992
Tomas Farjat,750,451,1431.6,1499.2,1439.6,1500.0,72,32,40,0.4444,6,66,0,0.5,0.4394,,0.2,0.3,0.62,0.5261
Esteban Bruna,1106,1106,1431.6,1500.0,1430.4,1500.0,12,3,9,0.25,2,10,0,0.5,0.2,,0.3,0.25,0.62,0.3396
Claudio Fortuna,822,483,1431.6,1488.0,1438.9,1500.0,10,2,8,0.2,1,9,0,0.0,0.2222,,0.2,0.2,0.608,0.3119
Alec Beckley,792,519,1431.6,1478.6,1448.7,1500.0,9,1,8,0.1111,4,5,0,0.25,0.0,,0.1111,0.1111,0.62,0.3058
Simon Navarro,1615,1291,1431.6,1500.0,1433.8,1500.0,7,1,6,0.1429,0,7,0,,0.1429,,0.1429,0.1429,0.62,0.2773
Corban Crowther,953,845,1431.5,1432.0,1500.0,1500.0,5,0,5,0.0,5,0,0,0.0,,,0.0,0.0,0.62,0.25
Giovanni Lapentti,332,188,1431.4,1467.8,1455.7,1478.7,78,33,45,0.4231,22,54,2,0.4091,0.4444,0.0,0.3,0.25,0.6031,0.5173
Pol Toledo Bague,939,372,1431.3,1478.4,1440.9,1500.0,58,26,32,0.4483,2,56,0,0.0,0.4643,,0.3,0.2,0.6179,0.5075
John Paul Fruttero,,,1431.1,1442.5,1486.0,1500.0,5,0,5,0.0,4,1,0,0.0,0.0,,0.0,0.0,0.62,0.25
Yuichi Ito,926,646,1431.0,1432.1,1500.0,1500.0,14,4,10,0.2857,14,0,0,0.2857,,,0.3,0.2857,0.62,0.358
Florent Diep,600,600,1431.0,1500.0,1421.1,1500.0,7,0,7,0.0,0,7,0,,0.0,,0.0,0.0,0.5514,0.25
Maxime Authom,295,162,1430.8,1456.7,1461.3,1473.9,60,26,34,0.4333,43,13,4,0.4651,0.3846,0.25,0.3,0.4,0.606,0.5004
Alejandro Bancalari,1753,1572,1430.7,1486.0,1444.7,1500.0,5,0,5,0.0,1,4,0,0.0,0.0,,0.0,0.0,0.62,0.25
Maxence Beauge,655,526,1430.5,1416.5,1492.2,1500.0,34,11,23,0.3235,21,13,0,0.2381,0.4615,,0.2,0.3,0.62,0.4591
Adrian Bodmer,948,480,1430.5,1483.0,1433.2,1500.0,18,5,13,0.2778,8,10,0,0.375,0.2,,0.2,0.2778,0.5933,0.3712
Samuel Alejandro Linde Palacios,773,741,1430.5,1474.2,1450.4,1500.0,15,4,11,0.2667,2,13,0,0.0,0.3077,,0.2,0.2667,0.62,0.3662
Jasza Szajrych,870,856,1430.5,1500.0,1426.3,1500.0,8,1,7,0.125,0,8,0,,0.125,,0.125,0.125,0.62,0.2923
Paulo Andre Saraiva Dos Santos,505,505,1430.4,1453.2,1435.1,1500.0,64,20,44,0.3125,8,56,0,0.25,0.3214,,0.4,0.35,0.62,0.5171
Daniel Antonio Nunez,678,674,1430.3,1487.7,1431.5,1500.0,46,15,31,0.3261,3,43,0,0.3333,0.3256,,0.5,0.45,0.6122,0.4827
Tomas Lanik,1987,950,1430.2,1472.0,1447.6,1500.0,7,0,7,0.0,3,4,0,0.0,0.0,,0.0,0.0,0.62,0.2773
Lorenzo Bocchi,912,605,1430.1,1453.1,1452.1,1500.0,27,8,19,0.2963,4,23,0,0.0,0.3478,,0.3,0.3,0.62,0.4344
Enrique Bogo,2050,1245,1430.1,1500.0,1432.0,1500.0,7,1,6,0.1429,0,7,0,,0.1429,,0.1429,0.1429,0.62,0.2773
Philip Bester,580,226,1430.0,1422.2,1500.0,1500.0,53,20,33,0.3774,53,0,0,0.3774,,,0.1,0.3,0.6064,0.4905
Dragos Nicolae Cazacu,889,766,1430.0,1466.1,1456.5,1500.0,14,4,10,0.2857,6,8,0,0.3333,0.25,,0.3,0.2857,0.62,0.358
Alexios Halebian,865,546,1429.9,1429.4,1498.7,1500.0,28,11,17,0.3929,24,4,0,0.375,0.5,,0.2,0.35,0.6114,0.4323
Milan Radojkovic,,,1429.6,1443.0,1485.4,1500.0,5,0,5,0.0,4,1,0,0.0,0.0,,0.0,0.0,0.62,0.25
Ricardo Hocevar,558,485,1429.4,1472.5,1450.6,1500.0,20,6,14,0.3,2,18,0,0.0,0.3333,,0.3,0.3,0.614,0.3963
Batyr Sapaev,1476,1476,1429.3,1429.6,1498.8,1500.0,9,2,7,0.2222,7,2,0,0.1429,0.5,,0.2222,0.2222,0.62,0.3058
Savino Lapalombella,,,1429.2,1475.2,1446.7,1500.0,6,0,6,0.0,2,4,0,0.0,0.0,,0.0,0.0,0.62,0.2605
Collin Altamirano,841,268,1429.1,1441.9,1475.0,1500.0,86,36,50,0.4186,76,10,0,0.4211,0.4,,0.3,0.25,0.6144,0.5337
Simon Beaupain,752,516,1429.0,1450.8,1469.1,1500.0,11,2,9,0.1818,4,7,0,0.0,0.2857,,0.1,0.1818,0.62,0.3293
William Bushamuka,1512,1471,1428.9,1427.5,1500.0,1500.0,6,0,6,0.0,6,0,0,0.0,,,0.0,0.0,0.62,0.2605
Daniel Siniakov,488,488,1428.8,1485.8,1432.2,1500.0,20,5,15,0.25,1,19,0,0.0,0.2632,,0.3,0.25,0.62,0.4002
Finn Bass,1051,792,1428.8,1457.1,1484.4,1475.9,19,6,13,0.3158,12,1,6,0.3333,0.0,0.3333,0.3,0.3158,0.62,0.3942
Josip Simundza,740,729,1428.8,1485.4,1428.8,1500.0,12,2,10,0.1667,3,9,0,0.3333,0.1111,,0.2,0.1667,0.62,0.3396
Kazuma Kawachi,1083,831,1428.6,1428.7,1500.0,1500.0,9,2,7,0.2222,9,0,0,0.2222,,,0.2222,0.2222,0.62,0.3058
Quentin Gueydan,1925,1592,1428.4,1427.6,1500.0,1500.0,13,4,9,0.3077,13,0,0,0.3077,,,0.2,0.3077,0.62,0.3491
Connor Thomson,1120,1120,1428.4,1451.2,1472.8,1499.1,10,2,8,0.2,6,2,2,0.1667,0.0,0.5,0.2,0.2,0.62,0.3181
Roman Jebavy,897,851,1428.3,1462.6,1467.5,1488.0,22,8,14,0.3636,7,14,1,0.2857,0.4286,0.0,0.2,0.4,0.6145,0.4076
William Grant,714,614,1428.2,1468.5,1441.5,1500.0,14,3,11,0.2143,7,7,0,0.2857,0.1429,,0.1,0.2143,0.6114,0.353
Roman Hassanov,817,671,1428.1,1448.8,1465.8,1500.0,24,8,16,0.3333,15,9,0,0.3333,0.3333,,0.3,0.3,0.62,0.4212
Fermin Tenti,1211,576,1428.0,1470.7,1444.1,1500.0,26,9,17,0.3462,2,24,0,0.0,0.375,,0.4,0.45,0.6154,0.427
Tomohiro Masabayashi,1210,776,1428.0,1449.2,1473.9,1500.0,12,3,9,0.25,10,2,0,0.3,0.0,,0.2,0.25,0.62,0.3396
Daniil Golubev,1841,1841,1428.0,1428.9,1500.0,1500.0,7,1,6,0.1429,7,0,0,0.1429,,,0.1429,0.1429,0.62,0.2773
Peter Bertran,718,464,1427.9,1439.6,1452.8,1500.0,29,7,22,0.2414,8,21,0,0.125,0.2857,,0.5,0.3,0.62,0.4422
Miloslav Mecir Jr,797,195,1427.9,1490.6,1436.3,1500.0,10,2,8,0.2,5,5,0,0.4,0.0,,0.2,0.2,0.572,0.2934
Matheus Cury Bueres,2070,1373,1427.9,1500.0,1428.8,1500.0,6,0,6,0.0,0,6,0,,0.0,,0.0,0.0,0.62,0.2605
Samuel Heredia,719,718,1427.8,1480.2,1440.5,1500.0,17,5,12,0.2941,3,14,0,0.3333,0.2857,,0.3,0.2941,0.62,0.3811
Herbert Jody Maginley,1277,1054,1427.8,1429.5,1500.0,1500.0,10,2,8,0.2,10,0,0,0.2,,,0.2,0.2,0.62,0.3181
Ajeet Rai,600,417,1427.6,1419.9,1473.2,1500.0,65,24,41,0.3692,59,6,0,0.3729,0.3333,,0.2,0.35,0.6108,0.5106
Jefferson Wendler Filho,1128,1128,1427.6,1483.0,1441.9,1500.0,10,3,7,0.3,1,9,0,0.0,0.3333,,0.3,0.3,0.62,0.3181
Makoto Ochi,616,348,1427.4,1422.0,1478.9,1500.0,120,50,70,0.4167,114,6,0,0.4211,0.3333,,0.3,0.35,0.62,0.5583
Romain Arneodo,1348,604,1427.3,1464.2,1440.2,1500.0,29,9,20,0.3103,9,20,0,0.3333,0.3,,0.1,0.3,0.5952,0.4245
Gabriel Schenekenberg,1281,1281,1427.3,1500.0,1428.5,1500.0,7,1,6,0.1429,0,7,0,,0.1429,,0.1429,0.1429,0.62,0.2773
Ruan Roelofse,846,428,1427.2,1440.0,1458.3,1500.0,106,51,55,0.4811,93,13,0,0.4946,0.3846,,0.3,0.3,0.62,0.5514
Sheng Hao Zhou,1261,1061,1427.2,1438.7,1487.7,1500.0,12,3,9,0.25,9,3,0,0.2222,0.3333,,0.2,0.25,0.62,0.3396
Alexander Lobkov,683,466,1427.1,1460.0,1459.6,1500.0,13,3,10,0.2308,10,3,0,0.3,0.0,,0.3,0.2308,0.5923,0.3335
Charles Chen,1136,1079,1426.8,1420.2,1500.0,1500.0,17,4,13,0.2353,17,0,0,0.2353,,,0.2,0.2353,0.6059,0.3724
Kyle Seelig,2145,350,1426.7,1406.9,1509.4,1500.0,31,10,21,0.3226,27,4,0,0.2963,0.5,,0.2,0.25,0.6084,0.441
Yusuke Watanuki,779,518,1426.6,1432.2,1486.0,1500.0,21,6,15,0.2857,20,1,0,0.3,0.0,,0.3,0.3,0.6143,0.4021
Finn Tearney,471,367,1426.5,1417.0,1500.0,1500.0,33,10,23,0.303,33,0,0,0.303,,,0.4,0.35,0.6055,0.4453
Sathi Reddy,1844,1654,1426.5,1458.9,1472.6,1486.0,6,0,6,0.0,3,2,1,0.0,0.0,0.0,0.0,0.0,0.62,0.2605
Stefan Skadarka,1461,1183,1426.5,1426.8,1500.0,1500.0,5,0,5,0.0,5,0,0,0.0,,,0.0,0.0,0.62,0.25
Mario Gonzalez Fernandez,580,580,1426.4,1453.1,1455.5,1500.0,19,5,14,0.2632,11,8,0,0.2727,0.25,,0.2,0.2632,0.62,0.3942
Vladyslav Orlov,530,350,1426.3,1397.9,1448.7,1488.8,135,50,85,0.3704,49,85,1,0.3469,0.3882,0.0,0.6,0.3,0.6164,0.561
Sanetulla Kutybaev,1858,1858,1426.2,1438.5,1485.9,1500.0,8,1,7,0.125,7,1,0,0.1429,0.0,,0.125,0.125,0.62,0.2923
Pruchya Isarow,1056,545,1426.1,1419.9,1500.0,1500.0,20,6,14,0.3,20,0,0,0.3,,,0.1,0.3,0.62,0.4002
Chung Hyo Woo,1858,1858,1426.1,1426.8,1500.0,1500.0,6,0,6,0.0,6,0,0,0.0,,,0.0,0.0,0.58,0.25
Savriyan Danilov,630,591,1426.0,1461.7,1459.6,1500.0,16,5,11,0.3125,13,3,0,0.3846,0.0,,0.3,0.3125,0.62,0.3739
Oliver Marach,1185,1175,1426.0,1468.0,1464.7,1488.0,9,1,8,0.1111,5,3,1,0.2,0.0,0.0,0.1111,0.1111,0.5133,0.2532
Giorgio Tabacco,1076,602,1425.9,1500.0,1417.9,1500.0,15,3,12,0.2,0,15,0,,0.2,,0.1,0.2,0.62,0.3662
Cristian Rodriguez,1670,362,1425.7,1471.7,1427.8,1500.0,118,52,66,0.4407,7,111,0,0.2857,0.4505,,0.1,0.25,0.619,0.5565
Yaroslav Demin,885,624,1425.7,1410.4,1477.2,1500.0,19,3,16,0.1579,11,8,0,0.0909,0.25,,0.3,0.1579,0.62,0.3942
David O'Hare,,,1425.7,1426.9,1500.0,1500.3,15,4,11,0.2667,13,0,2,0.2308,,0.5,0.2,0.2667,0.62,0.3662
Denys Klok,611,522,1425.7,1474.5,1442.0,1500.0,15,4,11,0.2667,2,13,0,0.0,0.3077,,0.2,0.2667,0.62,0.3662
Stefan Latinovic,1372,934,1425.6,1480.8,1436.1,1500.0,15,3,12,0.2,4,11,0,0.25,0.1818,,0.2,0.2,0.62,0.3662
Woobin Shin,699,450,1425.2,1421.2,1500.0,1500.0,23,7,16,0.3043,23,0,0,0.3043,,,0.1,0.35,0.62,0.4164
Mehdi Jdi,1252,1020,1425.2,1500.0,1428.5,1500.0,6,0,6,0.0,0,6,0,,0.0,,0.0,0.0,0.6,0.2521
Christopher Heyman,626,265,1425.0,1488.4,1392.7,1500.0,63,24,39,0.381,37,26,0,0.4865,0.2308,,0.2,0.35,0.62,0.5159
Matthew Dellavedova,448,358,1424.9,1398.0,1464.1,1500.0,98,34,64,0.3469,50,48,0,0.28,0.4167,,0.4,0.3,0.6163,0.5435
Sebastian Sorger,436,436,1424.9,1456.9,1452.7,1500.0,19,4,15,0.2105,3,16,0,0.0,0.25,,0.2,0.2105,0.62,0.3942
Duje Markovina,1308,1308,1424.9,1443.2,1476.0,1500.0,8,1,7,0.125,6,2,0,0.1667,0.0,,0.125,0.125,0.62,0.2923
Pawel Cias,1369,395,1424.7,1471.7,1433.7,1500.0,47,16,31,0.3404,2,45,0,0.0,0.3556,,0.3,0.3,0.62,0.4908
Salvador Price,911,911,1424.7,1483.9,1440.2,1500.0,10,2,8,0.2,1,9,0,0.0,0.2222,,0.2,0.2,0.62,0.3181
Temur Ismailov,538,397,1424.6,1456.6,1449.7,1500.0,30,9,21,0.3,26,4,0,0.3462,0.0,,0.3,0.35,0.616,0.443
Xing Dao Chen,1166,1109,1424.5,1426.7,1500.0,1500.0,6,0,6,0.0,6,0,0,0.0,,,0.0,0.0,0.62,0.2605
Gabriele Maria Noce,1051,884,1424.4,1486.3,1436.2,1500.0,11,2,9,0.1818,3,8,0,0.3333,0.125,,0.1,0.1818,0.62,0.3293
Gabriel Pascotto Tumasonis,1145,1082,1424.4,1485.4,1439.9,1500.0,10,2,8,0.2,1,9,0,0.0,0.2222,,0.2,0.2,0.62,0.3181
Duck Hee Lee,844,130,1424.3,1431.7,1407.8,1452.1,287,132,155,0.4599,254,29,4,0.4843,0.3103,0.0,0.2,0.35,0.6083,0.5806
Chan Yeong Oh,1278,897,1424.3,1422.8,1500.0,1500.0,11,2,9,0.1818,11,0,0,0.1818,,,0.2,0.1818,0.62,0.3293
Evan Hoyt,401,319,1424.2,1432.9,1500.0,1450.6,23,6,17,0.2609,19,0,4,0.3158,,0.0,0.3,0.2,0.6148,0.4129
Digvijaypratap Singh,563,515,1424.1,1419.6,1500.0,1500.0,19,5,14,0.2632,19,0,0,0.2632,,,0.3,0.2632,0.62,0.3942
Patrik Niklas Salminen,869,424,1424.0,1469.3,1424.3,1500.0,50,19,31,0.38,29,21,0,0.4138,0.3333,,0.2,0.25,0.62,0.4964
Charlie Camus,1036,986,1424.0,1432.6,1484.2,1500.0,14,3,11,0.2143,13,1,0,0.2308,0.0,,0.2,0.2143,0.62,0.358
Jaden Weekes,954,954,1423.9,1422.4,1500.0,1500.0,8,1,7,0.125,8,0,0,0.125,,,0.125,0.125,0.62,0.2923
Baris Erguden,600,528,1423.9,1437.5,1486.0,1500.0,6,0,6,0.0,5,1,0,0.0,0.0,,0.0,0.0,0.62,0.2605
Martyn Pawelski,662,471,1423.7,1420.3,1483.9,1500.0,8,0,8,0.0,7,1,0,0.0,0.0,,0.0,0.0,0.62,0.2923
Joshua Charlton,823,751,1423.6,1425.0,1485.9,1500.0,23,8,15,0.3478,22,1,0,0.3636,0.0,,0.2,0.4,0.62,0.4164
Quentin Folliot,508,508,1423.6,1479.3,1440.3,1500.0,9,1,8,0.1111,2,7,0,0.0,0.1429,,0.1111,0.1111,0.62,0.3058
Colin Markes,764,605,1423.5,1430.8,1461.4,1500.0,32,11,21,0.3438,25,7,0,0.36,0.2857,,0.3,0.3,0.62,0.4528
Joshua Peck,1165,1134,1423.5,1426.1,1500.0,1500.0,13,3,10,0.2308,13,0,0,0.2308,,,0.2,0.2308,0.62,0.3491
Kosuke Ogura,907,649,1423.3,1457.8,1424.7,1500.0,46,17,29,0.3696,24,22,0,0.4167,0.3182,,0.4,0.4,0.62,0.4888
Ryo Tabata,1018,947,1423.2,1422.8,1500.0,1500.0,10,2,8,0.2,10,0,0,0.2,,,0.2,0.2,0.62,0.3181
Roberto Cid,590,214,1423.1,1442.4,1442.6,1487.1,203,78,125,0.3842,96,106,1,0.3854,0.3868,0.0,0.3,0.3,0.6147,0.5762
Finn Reynolds,1657,1015,1423.1,1434.3,1500.0,1486.0,7,0,7,0.0,6,0,1,0.0,,0.0,0.0,0.0,0.5857,0.2619
Pierre Antoine Faut,1396,1226,1423.0,1420.8,1500.0,1500.0,8,1,7,0.125,8,0,0,0.125,,,0.125,0.125,0.62,0.2923
Christopher Rungkat,1034,425,1422.9,1423.8,1500.0,1500.0,32,11,21,0.3438,32,0,0,0.3438,,,0.3,0.35,0.6125,0.4473
Alessandro Spadola,1844,1352,1422.8,1458.4,1456.3,1500.0,6,0,6,0.0,3,3,0,0.0,0.0,,0.0,0.0,0.62,0.2605
Hanwen Li,542,524,1422.7,1436.2,1476.9,1500.0,15,3,12,0.2,13,2,0,0.2308,0.0,,0.3,0.2,0.596,0.352
Taha Baadi,577,577,1422.5,1426.6,1479.8,1486.1,52,16,36,0.3077,49,2,1,0.3265,0.0,0.0,0.5,0.4,0.6108,0.4924
Karunuday Singh,753,618,1422.4,1435.3,1486.0,1500.0,10,2,8,0.2,7,3,0,0.1429,0.3333,,0.2,0.2,0.62,0.3181
David Poljak,1092,370,1422.2,1419.2,1440.4,1500.0,117,46,71,0.3932,67,50,0,0.3881,0.4,,0.5,0.3,0.62,0.5569
Shi Hong Zeng,1169,1165,1422.1,1428.4,1483.0,1500.0,9,1,8,0.1111,8,1,0,0.125,0.0,,0.1111,0.1111,0.62,0.3058
Rishi Reddy,1773,1113,1422.1,1423.1,1500.0,1500.0,6,0,6,0.0,6,0,0,0.0,,,0.0,0.0,0.62,0.2605
Chase Buchanan,344,162,1422.0,1458.8,1455.4,1475.0,42,16,26,0.381,28,12,2,0.4286,0.3333,0.0,0.3,0.2,0.5886,0.4559
Kai Lemstra,1117,1117,1422.0,1438.1,1473.3,1500.0,9,1,8,0.1111,7,2,0,0.1429,0.0,,0.1111,0.1111,0.62,0.3058
Jc Aragone,497,234,1421.9,1461.1,1371.3,1517.9,201,92,109,0.4577,177,18,6,0.4859,0.1111,0.6667,0.3,0.3,0.6081,0.5697
Juan Montes,2051,1293,1421.9,1501.4,1421.9,1500.0,10,2,8,0.2,2,8,0,0.5,0.125,,0.2,0.2,0.596,0.3057
Diego Augusto Barreto Sanchez,751,548,1421.8,1443.8,1453.7,1500.0,38,14,24,0.3684,7,31,0,0.1429,0.4194,,0.2,0.25,0.62,0.4704
Simon Carr,741,514,1421.8,1417.9,1485.4,1500.0,25,6,19,0.24,24,1,0,0.25,0.0,,0.3,0.25,0.6056,0.4159
Amine Ahouda,727,724,1421.8,1500.0,1423.4,1500.0,7,0,7,0.0,0,7,0,,0.0,,0.0,0.0,0.62,0.2773
Yuqing Ning,1063,822,1421.7,1445.8,1472.0,1500.0,10,2,8,0.2,8,2,0,0.25,0.0,,0.2,0.2,0.62,0.3181
Jarmere Jenkins,417,190,1421.6,1459.2,1472.7,1474.5,20,6,14,0.3,16,2,2,0.375,0.0,0.0,0.1,0.3,0.578,0.3731
Yan Sabanin,606,606,1421.6,1423.6,1500.0,1500.0,6,0,6,0.0,6,0,0,0.0,,,0.0,0.0,0.62,0.2605
Vishnu Vardhan,573,406,1421.5,1437.6,1481.8,1485.8,56,23,33,0.4107,46,9,1,0.413,0.4444,0.0,0.3,0.3,0.6136,0.501
Victor Hugo Remondy Pagotto,1291,1291,1421.5,1500.0,1421.4,1500.0,11,2,9,0.1818,0,11,0,,0.1818,,0.2,0.1818,0.62,0.3293
Roberto Ortega Olmedo,360,232,1421.3,1475.5,1396.2,1488.0,185,70,115,0.3784,123,57,5,0.4065,0.3158,0.4,0.2,0.2,0.6103,0.5687
Mathieu Perchicot,637,425,1421.3,1454.5,1434.9,1500.0,48,17,31,0.3542,6,42,0,0.1667,0.381,,0.3,0.45,0.62,0.4927
Filip Bergevi,992,737,1421.2,1489.8,1419.9,1500.0,17,5,12,0.2941,7,10,0,0.4286,0.2,,0.2,0.2941,0.6059,0.3724
Dominik Palan,554,284,1420.9,1418.7,1459.6,1500.0,93,35,58,0.3763,90,3,0,0.3889,0.0,,0.4,0.3,0.6135,0.5379
John Mcnally,678,470,1420.8,1417.2,1488.1,1500.0,32,10,22,0.3125,31,1,0,0.3226,0.0,,0.2,0.3,0.6125,0.4473
Carlos Ramirez Utermann,1769,1076,1420.7,1449.9,1471.7,1500.0,12,3,9,0.25,10,2,0,0.3,0.0,,0.2,0.25,0.61,0.3341
James Tracy,1322,676,1420.3,1444.1,1462.6,1500.0,19,5,14,0.2632,14,5,0,0.2857,0.2,,0.1,0.2632,0.62,0.3942
Cristobal Grandon Diaz,1580,1404,1419.9,1486.2,1431.2,1500.0,6,0,6,0.0,1,5,0,0.0,0.0,,0.0,0.0,0.62,0.2605
Kaylan Bigun,671,664,1419.7,1410.2,1480.7,1500.0,41,12,29,0.2927,31,10,0,0.2581,0.4,,0.2,0.25,0.6171,0.4757
Yusuke Kusuhara,648,641,1419.5,1413.4,1500.0,1500.0,16,4,12,0.25,16,0,0,0.25,,,0.4,0.25,0.62,0.3739
Tristan Mccormick,509,484,1419.4,1393.8,1474.4,1512.8,62,23,39,0.371,27,32,3,0.2593,0.4375,0.6667,0.3,0.3,0.62,0.5146
Sid Donarski,1770,1770,1419.4,1420.1,1500.0,1500.0,6,0,6,0.0,6,0,0,0.0,,,0.0,0.0,0.62,0.2605
Patrik Rikl,802,460,1419.3,1485.8,1411.8,1500.0,29,8,21,0.2759,5,24,0,0.4,0.25,,0.3,0.3,0.62,0.4422
Steven De Waard,1306,723,1419.2,1427.3,1473.1,1500.0,29,10,19,0.3448,27,2,0,0.3704,0.0,,0.3,0.35,0.62,0.4422
Jack Mingjie Lin,1701,1701,1419.1,1420.6,1500.0,1500.0,14,3,11,0.2143,14,0,0,0.2143,,,0.3,0.2143,0.6114,0.353
Tanguy Genier,1346,1220,1418.8,1443.3,1470.2,1500.0,8,1,7,0.125,6,2,0,0.1667,0.0,,0.125,0.125,0.62,0.2923
Dong Ju Kim,814,814,1418.8,1418.1,1500.0,1500.0,6,0,6,0.0,6,0,0,0.0,,,0.0,0.0,0.62,0.2605
Hendrik Jebens,1402,1068,1418.6,1435.1,1459.5,1500.0,25,7,18,0.28,12,13,0,0.25,0.3077,,0.1,0.25,0.6104,0.4192
Alexander Pavlioutchenkov,1613,1562,1418.6,1428.8,1486.0,1500.0,6,0,6,0.0,5,1,0,0.0,0.0,,0.0,0.0,0.62,0.2605
Tom Kocevar Desman,665,665,1418.5,1429.7,1466.0,1500.0,17,4,13,0.2353,8,9,0,0.125,0.3333,,0.2,0.2353,0.62,0.3811
Alexander Cozbinov,496,422,1418.4,1419.1,1487.4,1500.0,46,14,32,0.3043,45,1,0,0.3111,0.0,,0.2,0.3,0.6174,0.4868
Leo Raquillet,699,685,1418.4,1447.0,1456.3,1500.0,23,6,17,0.2609,19,4,0,0.3158,0.0,,0.1,0.3,0.62,0.4164
Blake Bayldon,1397,1359,1418.4,1448.1,1473.4,1486.0,11,2,9,0.1818,8,2,1,0.25,0.0,0.0,0.2,0.1818,0.62,0.3293
Ryota Tanuma,604,518,1418.3,1414.8,1500.0,1500.0,26,8,18,0.3077,26,0,0,0.3077,,,0.2,0.3,0.6154,0.427
Leonid Sheyngezikht,1230,896,1418.2,1456.6,1444.2,1500.0,20,6,14,0.3,7,13,0,0.2857,0.3077,,0.3,0.3,0.62,0.4002
David Vega Hernandez,1995,440,1418.0,1471.1,1436.1,1488.0,58,25,33,0.431,15,42,1,0.4667,0.4286,0.0,0.3,0.3,0.6117,0.5024
Petr Michnev,598,233,1418.0,1485.2,1441.1,1487.1,50,21,29,0.42,21,28,1,0.4762,0.3929,0.0,0.1,0.25,0.608,0.4868
Fabiano De Paula,680,210,1417.5,1490.9,1405.1,1500.0,44,14,30,0.3182,5,39,0,0.4,0.3077,,0.5,0.35,0.6009,0.4698
Nathan Pasha,831,581,1417.5,1444.2,1470.7,1500.0,31,12,19,0.3871,29,2,0,0.4138,0.0,,0.2,0.3,0.6161,0.4466
Aleksandr Braynin,793,638,1417.4,1482.2,1403.0,1500.0,40,14,26,0.35,18,22,0,0.4444,0.2727,,0.3,0.2,0.62,0.4755
Anil Yuksel,954,499,1417.3,1420.7,1500.0,1487.2,15,3,12,0.2,12,2,1,0.1667,0.5,0.0,0.2,0.2,0.612,0.3615
Denis Matsukevitch,911,430,1417.1,1430.4,1482.7,1500.0,33,12,21,0.3636,28,5,0,0.3571,0.4,,0.4,0.3,0.6164,0.4533
Benjamin Ignacio Torres Fernandez,2173,1269,1417.1,1470.1,1444.3,1500.0,6,0,6,0.0,2,4,0,0.0,0.0,,0.0,0.0,0.62,0.2605
Rafael Matos,614,466,1417.0,1500.2,1385.6,1500.0,56,18,38,0.3214,8,48,0,0.5,0.2917,,0.4,0.4,0.6114,0.4992
Kody Pearson,1079,807,1416.9,1430.7,1458.6,1500.0,27,7,20,0.2593,24,3,0,0.2917,0.0,,0.5,0.3,0.62,0.4344
Kristjan Tamm,885,646,1416.9,1458.2,1448.8,1500.0,14,3,11,0.2143,8,6,0,0.25,0.1667,,0.3,0.2143,0.62,0.358
Thijmen Loof,2046,961,1416.9,1449.1,1456.2,1487.2,14,3,11,0.2143,8,5,1,0.25,0.2,0.0,0.3,0.2143,0.6114,0.353
Jea Moon Lee,932,498,1416.7,1407.4,1500.0,1500.0,18,4,14,0.2222,18,0,0,0.2222,,,0.1,0.2222,0.6133,0.3837
Jesse Flores,962,759,1416.7,1461.9,1442.3,1500.0,18,5,13,0.2778,11,7,0,0.3636,0.1429,,0.2,0.2778,0.62,0.3878
Cheng Yu Yu,757,577,1416.6,1412.3,1500.0,1500.0,13,2,11,0.1538,13,0,0,0.1538,,,0.2,0.1538,0.62,0.3491
Juan Carlos Aguilar,759,409,1416.5,1414.0,1483.2,1500.0,50,19,31,0.38,33,17,0,0.3333,0.4706,,0.2,0.25,0.6152,0.4926
Joffrey De Schepper,1127,1006,1416.5,1417.7,1500.0,1500.0,17,5,12,0.2941,17,0,0,0.2941,,,0.2,0.2941,0.62,0.3811
S Mert Ozdemir,1750,1750,1416.4,1415.5,1500.0,1500.0,8,1,7,0.125,8,0,0,0.125,,,0.125,0.125,0.62,0.2923
Miguel Angel Reyes Varela,694,645,1416.3,1452.2,1448.7,1500.0,12,2,10,0.1667,4,8,0,0.0,0.25,,0.2,0.1667,0.59,0.3232
Andrin Casanova,1274,966,1416.3,1441.4,1462.3,1499.5,10,1,9,0.1,5,3,2,0.0,0.0,0.5,0.1,0.1,0.62,0.3181
Yannik Kelm,786,786,1416.3,1471.7,1439.8,1500.0,7,0,7,0.0,2,5,0,0.0,0.0,,0.0,0.0,0.6029,0.2696
Kento Takeuchi,601,398,1416.0,1430.9,1472.8,1500.0,72,28,44,0.3889,68,4,0,0.3971,0.25,,0.2,0.25,0.62,0.5261
Cyril Vandermeersch,424,424,1416.0,1401.3,1500.0,1500.0,21,5,16,0.2381,21,0,0,0.2381,,,0.1,0.25,0.62,0.4059
Patrick Fitzgerald,1946,1946,1416.0,1416.5,1500.0,1500.0,9,1,8,0.1111,9,0,0,0.1111,,,0.1111,0.1111,0.62,0.3058
Farrukh Dustov,1072,98,1415.9,1479.8,1370.5,1476.3,105,43,62,0.4095,78,23,4,0.5,0.1304,0.25,0.3,0.25,0.5949,0.5285
Jose Fernando Carvajal Torres,1309,1290,1415.7,1500.0,1417.2,1500.0,11,2,9,0.1818,0,11,0,,0.1818,,0.2,0.1818,0.62,0.3293
Wilson Leite,840,417,1415.6,1437.1,1414.8,1500.0,171,62,109,0.3626,20,151,0,0.3,0.3709,,0.4,0.35,0.6186,0.5734
Yaojie Zeng,919,839,1415.4,1411.2,1500.0,1500.0,19,5,14,0.2632,19,0,0,0.2632,,,0.2,0.2632,0.62,0.3942
David Pel,1595,888,1415.3,1439.7,1471.5,1500.0,11,2,9,0.1818,5,6,0,0.0,0.3333,,0.1,0.1818,0.62,0.3293
Sai Karteek Reddy Ganta,1720,1535,1415.3,1432.0,1486.0,1500.0,8,1,7,0.125,7,1,0,0.1429,0.0,,0.125,0.125,0.62,0.2923
Gianluca Di Nicola,1289,522,1415.1,1491.7,1419.8,1500.0,57,25,32,0.4386,5,52,0,0.4,0.4423,,0.2,0.25,0.62,0.5077
Gerard Granollers,864,267,1415.0,1441.5,1440.4,1500.0,105,41,64,0.3905,48,57,0,0.3958,0.386,,0.2,0.25,0.6097,0.5417
Thales Turini,1030,452,1415.0,1448.4,1459.5,1500.0,11,2,9,0.1818,6,5,0,0.1667,0.2,,0.2,0.1818,0.6091,0.3235
Purav Raja,1403,1403,1415.0,1439.7,1473.2,1498.9,11,2,9,0.1818,7,2,2,0.1429,0.0,0.5,0.2,0.1818,0.62,0.3293
Guilherme Valdoleiros,2178,2119,1414.8,1500.0,1414.7,1500.0,7,0,7,0.0,0,7,0,,0.0,,0.0,0.0,0.62,0.2773
Pietro Licciardi,627,598,1414.7,1500.0,1413.9,1500.0,16,3,13,0.1875,0,16,0,,0.1875,,0.3,0.1875,0.6125,0.3694
Thanapet Chanta,817,660,1414.6,1402.5,1500.0,1500.0,21,4,17,0.1905,21,0,0,0.1905,,,0.2,0.2,0.62,0.4059
Manuel Mazza,594,530,1414.2,1500.0,1409.2,1500.0,15,3,12,0.2,0,15,0,,0.2,,0.1,0.2,0.62,0.3662
Patric Prinoth,1870,1793,1414.2,1415.3,1500.0,1500.0,8,0,8,0.0,8,0,0,0.0,,,0.0,0.0,0.62,0.2923
Matteo Marfia,896,896,1414.1,1472.6,1437.7,1500.0,9,1,8,0.1111,2,7,0,0.0,0.1429,,0.1111,0.1111,0.62,0.3058
Jiri Barnat,1533,587,1413.7,1500.0,1406.9,1500.0,8,0,8,0.0,0,8,0,,0.0,,0.0,0.0,0.62,0.2923
Andre Goransson,1047,773,1413.5,1465.8,1428.3,1500.0,18,4,14,0.2222,12,6,0,0.3333,0.0,,0.2,0.2222,0.6067,0.3795
Trey Yates,1676,1647,1413.5,1418.0,1500.0,1500.0,7,0,7,0.0,7,0,0,0.0,,,0.0,0.0,0.62,0.2773
Fernando Yamacita,920,704,1413.1,1484.8,1423.3,1500.0,18,5,13,0.2778,1,17,0,0.0,0.2941,,0.2,0.2778,0.6133,0.3837
Victor Lilov,793,571,1413.0,1462.6,1431.3,1500.0,28,9,19,0.3214,6,22,0,0.1667,0.3636,,0.3,0.35,0.6114,0.4323
Luis Valero,1904,1427,1413.0,1464.7,1440.0,1500.0,10,1,9,0.1,3,7,0,0.0,0.1429,,0.1,0.1,0.62,0.3181
Kaito Uesugi,1405,661,1412.7,1401.5,1500.0,1500.0,59,23,36,0.3898,59,0,0,0.3898,,,0.2,0.35,0.618,0.5089
Davide Galoppini,734,535,1412.7,1474.3,1426.7,1500.0,21,6,15,0.2857,2,19,0,0.0,0.3158,,0.1,0.25,0.62,0.4059
Michael Zhu,937,754,1412.5,1419.1,1485.2,1500.0,17,5,12,0.2941,16,1,0,0.3125,0.0,,0.2,0.2941,0.62,0.3811
Camilo Andres Erazo,2030,1721,1412.5,1488.0,1430.3,1500.0,6,0,6,0.0,1,5,0,0.0,0.0,,0.0,0.0,0.6,0.2521
Mico Santiago,979,733,1412.3,1447.0,1458.3,1500.0,9,1,8,0.1111,6,3,0,0.1667,0.0,,0.1111,0.1111,0.62,0.3058
Alessandro Bega,382,259,1412.2,1431.0,1412.9,1496.2,164,61,103,0.372,127,32,5,0.3858,0.3125,0.4,0.3,0.3,0.6112,0.5649
Luca Castagnola,788,575,1412.2,1456.5,1421.1,1500.0,49,15,34,0.3061,16,33,0,0.375,0.2727,,0.2,0.35,0.62,0.4946
Jirat Navasirisomboon,1184,915,1411.9,1407.1,1500.0,1500.0,11,1,10,0.0909,11,0,0,0.0909,,,0.1,0.0909,0.62,0.3293
Shohruh Abdumalikov,,,1411.9,1422.4,1486.0,1500.0,9,1,8,0.1111,8,1,0,0.125,0.0,,0.1111,0.1111,0.62,0.3058
Max Jacob Schnur,1469,1469,1411.9,1446.3,1457.6,1500.0,7,0,7,0.0,4,3,0,0.0,0.0,,0.0,0.0,0.62,0.2773
Tiago Cacao,891,468,1411.6,1460.6,1419.0,1500.0,44,14,30,0.3182,3,41,0,0.0,0.3415,,0.1,0.25,0.6145,0.4804
Maxime Hamou,539,216,1411.2,1382.0,1500.1,1487.2,99,40,59,0.404,21,77,1,0.1905,0.4675,0.0,0.1,0.25,0.6091,0.5378
Mauricio Echazu,581,458,1411.2,1472.1,1423.6,1500.0,39,14,25,0.359,6,33,0,0.3333,0.3636,,0.3,0.35,0.6169,0.4707
Thomas Deschamps,1038,727,1411.2,1438.0,1458.8,1500.0,11,1,10,0.0909,8,3,0,0.125,0.0,,0.1,0.0909,0.62,0.3293
Yassine Idmbarek,978,710,1411.1,1500.0,1412.8,1500.0,8,0,8,0.0,0,8,0,,0.0,,0.0,0.0,0.605,0.2852
Julien De Cuyper,1400,1384,1410.9,1425.8,1474.4,1500.0,10,1,9,0.1,5,5,0,0.0,0.2,,0.1,0.1,0.62,0.3181
Federico Salomone,2070,1480,1410.2,1452.4,1445.6,1500.0,8,0,8,0.0,3,5,0,0.0,0.0,,0.0,0.0,0.62,0.2923
Jacob Brumm,687,616,1409.6,1425.1,1453.8,1500.0,28,8,20,0.2857,20,8,0,0.3,0.25,,0.4,0.35,0.62,0.4384
Szymon Walkow,1406,828,1409.5,1434.3,1453.6,1500.0,24,8,16,0.3333,17,7,0,0.3529,0.2857,,0.2,0.35,0.62,0.4212
Qian Sun,927,927,1409.0,1412.4,1500.0,1500.0,10,2,8,0.2,10,0,0,0.2,,,0.2,0.2,0.62,0.3181
Alejandro Hoyos Franco,807,690,1408.8,1484.3,1425.4,1500.0,18,5,13,0.2778,1,17,0,0.0,0.2941,,0.2,0.2778,0.62,0.3878
Wishaya Trongcharoenchaikul,825,419,1408.5,1397.9,1500.0,1500.0,91,33,58,0.3626,91,0,0,0.3626,,,0.3,0.35,0.62,0.5422
Reese Stalder,1508,970,1408.5,1416.2,1485.1,1500.0,12,2,10,0.1667,9,1,2,0.1111,0.0,0.5,0.2,0.1667,0.62,0.3396
Jonathan Chang,1013,1013,1408.2,1410.4,1500.0,1500.0,8,0,8,0.0,8,0,0,0.0,,,0.0,0.0,0.62,0.2923
Roberto Maytin,,,1408.2,1441.6,1459.1,1500.0,7,0,7,0.0,4,3,0,0.0,0.0,,0.0,0.0,0.62,0.2773
Antonio Sancic,1208,570,1408.0,1433.4,1437.8,1500.0,35,10,25,0.2857,16,19,0,0.25,0.3158,,0.4,0.3,0.6166,0.4596
Jose Antonio Rodriguez Rodriguez,1472,1472,1408.0,1438.3,1465.0,1500.0,11,2,9,0.1818,5,6,0,0.0,0.3333,,0.2,0.1818,0.62,0.3293
Evan Zhu,729,271,1407.7,1413.4,1462.8,1459.7,163,62,101,0.3804,131,29,3,0.374,0.4483,0.0,0.3,0.35,0.6148,0.568
Amador Salazar,1273,1273,1407.7,1485.5,1419.7,1500.0,8,0,8,0.0,1,7,0,0.0,0.0,,0.0,0.0,0.62,0.2923
Tomasz Berkieta,479,479,1407.3,1495.1,1378.1,1500.0,17,2,15,0.1176,6,11,0,0.3333,0.0,,0.2,0.1176,0.62,0.3811
Simone Agostini,1795,1286,1407.2,1498.5,1400.4,1500.0,10,1,9,0.1,2,8,0,0.5,0.0,,0.1,0.1,0.62,0.3181
Amal Sultanbekov,,,1407.0,1419.1,1486.0,1500.0,11,2,9,0.1818,10,1,0,0.2,0.0,,0.2,0.1818,0.62,0.3293
Hsien Yin Peng,,,1406.9,1424.8,1484.0,1500.0,19,6,13,0.3158,14,5,0,0.2857,0.4,,0.2,0.3158,0.62,0.3942
Eduardo Russi,2043,2035,1406.9,1456.4,1443.9,1500.0,7,0,7,0.0,3,4,0,0.0,0.0,,0.0,0.0,0.62,0.2773
Mikhail Elgin,1609,325,1406.8,1388.6,1515.3,1500.0,73,30,43,0.411,52,21,0,0.3654,0.5238,,0.1,0.3,0.6036,0.5131
Axel Garcian,715,680,1406.7,1450.6,1433.4,1500.0,11,1,10,0.0909,4,7,0,0.0,0.1429,,0.1,0.0909,0.62,0.3293
Cristobal Castro,1431,1133,1406.5,1485.0,1422.2,1500.0,12,2,10,0.1667,3,9,0,0.3333,0.1111,,0.1,0.1667,0.62,0.3396
Robert Galloway,1514,1037,1405.8,1440.7,1438.0,1500.0,27,8,19,0.2963,18,9,0,0.3333,0.2222,,0.2,0.25,0.6067,0.4251
Mate Delic,433,153,1405.7,1477.9,1399.0,1500.0,48,16,32,0.3333,15,33,0,0.4,0.303,,0.3,0.35,0.6075,0.4828
Mauricio Astorga,1345,1117,1405.6,1426.4,1462.4,1500.0,15,3,12,0.2,8,7,0,0.125,0.2857,,0.3,0.2,0.62,0.3662
Alexey Kedryuk,,,1405.6,1438.5,1461.4,1500.0,10,1,9,0.1,7,3,0,0.1429,0.0,,0.1,0.1,0.62,0.3181
Bradley Mousley,818,273,1405.1,1395.5,1491.2,1496.6,99,41,58,0.4141,90,1,8,0.4111,0.0,0.5,0.1,0.25,0.6055,0.5346
Marek Jaloviec,319,254,1404.9,1468.1,1418.9,1473.9,49,16,33,0.3265,25,22,2,0.44,0.2273,0.0,0.2,0.25,0.6151,0.4907
Bart Stevens,1204,862,1404.8,1500.0,1404.8,1500.0,10,1,9,0.1,0,10,0,,0.1,,0.1,0.1,0.62,0.3181
Naoki Tajima,1409,604,1404.6,1403.2,1500.0,1500.0,22,6,16,0.2727,22,0,0,0.2727,,,0.1,0.25,0.62,0.4113
Pedja Krstin,491,159,1404.0,1395.3,1425.3,1465.4,297,120,177,0.404,111,183,3,0.3514,0.4426,0.0,0.2,0.3,0.603,0.5765
Kiranpal Pannu,771,444,1403.9,1413.1,1452.6,1499.0,71,26,45,0.3662,48,21,2,0.3542,0.381,0.5,0.2,0.25,0.6115,0.5179
Leopold Zima,1032,864,1403.6,1443.2,1450.8,1500.0,9,0,9,0.0,5,4,0,0.0,0.0,,0.0,0.0,0.62,0.3058
Joao Vitor Scramin Do Lago,1022,1019,1403.5,1500.0,1404.3,1500.0,8,1,7,0.125,0,8,0,,0.125,,0.125,0.125,0.62,0.2923
Michal Dembek,722,657,1403.4,1475.5,1413.8,1500.0,19,3,16,0.1579,2,17,0,0.0,0.1765,,0.1,0.1579,0.62,0.3942
Ronald Hohmann,1294,1083,1403.1,1429.8,1462.7,1500.0,10,1,9,0.1,7,3,0,0.1429,0.0,,0.1,0.1,0.62,0.3181
Kevin Kylar,2051,1590,1402.9,1419.8,1486.0,1500.0,7,0,7,0.0,6,1,0,0.0,0.0,,0.0,0.0,0.62,0.2773
Michail Pervolarakis,992,366,1402.8,1407.6,1471.3,1500.0,75,30,45,0.4,72,3,0,0.4167,0.0,,0.3,0.25,0.6152,0.525
Jason Taylor,,,1402.8,1429.2,1466.1,1500.0,8,0,8,0.0,5,3,0,0.0,0.0,,0.0,0.0,0.62,0.2923
Jordan Correia Passos Do Carmo,472,443,1402.7,1478.3,1420.1,1500.0,9,0,9,0.0,2,7,0,0.0,0.0,,0.0,0.0,0.6067,0.2992
Constantin Bittoun Kouzmine,558,484,1402.6,1396.8,1455.5,1500.0,54,18,36,0.3333,31,23,0,0.2903,0.3913,,0.3,0.25,0.62,0.5031
Theo Arribage,1580,1057,1402.6,1428.5,1463.4,1500.0,13,2,11,0.1538,10,3,0,0.2,0.0,,0.2,0.1538,0.62,0.3491
Karan Singh,420,401,1402.1,1382.0,1514.7,1500.0,44,12,32,0.2727,41,3,0,0.2439,0.6667,,0.2,0.2,0.62,0.4847
Giuseppe Tresca,1748,1066,1402.1,1476.0,1410.9,1500.0,14,2,12,0.1429,4,10,0,0.25,0.1,,0.2,0.1429,0.62,0.358
Gibril Diarra,747,613,1402.0,1445.0,1453.8,1500.0,31,11,20,0.3548,4,27,0,0.0,0.4074,,0.1,0.35,0.6161,0.4466
Andrei Vasilevski,939,591,1401.7,1435.3,1454.4,1500.0,48,20,28,0.4167,34,14,0,0.4412,0.3571,,0.2,0.3,0.62,0.4927
Dean Obrien,1209,1078,1401.7,1417.8,1472.0,1500.0,15,3,12,0.2,9,6,0,0.1111,0.3333,,0.2,0.2,0.62,0.3662
Pedro Araujo,594,408,1401.4,1446.3,1369.6,1500.0,63,15,48,0.2381,16,47,0,0.25,0.234,,0.1,0.2,0.6143,0.5111
Vladyslav Manafov,1469,331,1401.3,1479.0,1396.2,1500.0,64,24,40,0.375,33,31,0,0.4242,0.3226,,0.1,0.3,0.62,0.5171
Ignacio Antonio Becerra Otarola,1335,750,1401.3,1486.7,1407.3,1500.0,16,3,13,0.1875,1,15,0,0.0,0.2,,0.2,0.1875,0.62,0.3739
Anirudh Chandrasekar,1491,1057,1401.3,1415.6,1476.5,1500.0,13,2,11,0.1538,11,2,0,0.1818,0.0,,0.1,0.1538,0.62,0.3491
Bautista Vilicich,804,606,1401.1,1469.9,1420.3,1500.0,28,9,19,0.3214,2,26,0,0.0,0.3462,,0.3,0.25,0.62,0.4384
Marko Stakusic,1279,1131,1400.9,1399.0,1500.0,1500.0,10,1,9,0.1,10,0,0,0.1,,,0.1,0.1,0.62,0.3181
Keisuke Saitoh,855,552,1400.8,1399.6,1500.0,1500.0,25,6,19,0.24,23,0,2,0.2174,,0.5,0.2,0.2,0.62,0.4258
Juan Carlos Saez,595,230,1400.7,1486.8,1407.8,1500.0,34,10,24,0.2941,1,33,0,0.0,0.303,,0.1,0.25,0.62,0.4591
Rafael De Alba,1103,1101,1400.7,1413.6,1461.4,1500.0,14,2,12,0.1429,7,7,0,0.0,0.2857,,0.2,0.1429,0.6114,0.353
Cesar Ramirez,1859,905,1399.5,1421.9,1472.4,1500.0,8,0,8,0.0,6,2,0,0.0,0.0,,0.0,0.0,0.62,0.2923
Zhenxiong Dong,1387,1015,1399.4,1404.7,1500.0,1500.0,9,1,8,0.1111,9,0,0,0.1111,,,0.1111,0.1111,0.62,0.3058
Alexander Klintcharov,823,735,1399.3,1412.5,1474.1,1500.0,17,3,14,0.1765,13,4,0,0.1538,0.25,,0.2,0.1765,0.5988,0.3681
Tobias Franco,1453,1045,1399.2,1500.0,1402.8,1500.0,15,4,11,0.2667,0,15,0,,0.2667,,0.3,0.2667,0.62,0.3662
Ante Pavic,733,235,1399.1,1419.4,1457.2,1491.1,177,80,97,0.452,113,55,9,0.4602,0.4364,0.4444,0.1,0.3,0.6003,0.5578
Aoran Wang,912,765,1398.6,1393.9,1500.0,1500.0,36,11,25,0.3056,36,0,0,0.3056,,,0.4,0.2,0.6133,0.46
Manuel Sanchez,1948,478,1397.8,1408.5,1458.3,1500.0,61,21,40,0.3443,39,22,0,0.3077,0.4091,,0.2,0.3,0.6102,0.5051
Daisuke Sumizawa,875,724,1397.7,1395.9,1500.0,1500.0,15,3,12,0.2,15,0,0,0.2,,,0.2,0.2,0.62,0.3662
Enrique Pena,1698,1235,1397.4,1500.0,1395.6,1500.0,8,0,8,0.0,0,8,0,,0.0,,0.0,0.0,0.62,0.2923
Stephane Robert,1516,56,1397.3,1461.2,1437.3,1550.9,185,98,87,0.5297,112,62,11,0.5357,0.4839,0.7273,0.1,0.1,0.5863,0.5464
Fabrizio Ornago,408,366,1397.2,1428.2,1415.6,1500.0,54,18,36,0.3333,20,34,0,0.3,0.3529,,0.3,0.25,0.6111,0.4959
Cheong Eui Kim,620,339,1396.6,1395.0,1500.0,1500.0,89,38,51,0.427,89,0,0,0.427,,,0.2,0.25,0.6187,0.5396
Adam El Mihdawy,718,300,1396.6,1429.3,1441.4,1500.0,36,11,25,0.3056,21,15,0,0.3333,0.2667,,0.3,0.3,0.6167,0.4625
Tennyson Whiting,,,1396.5,1442.8,1446.3,1500.0,8,0,8,0.0,4,4,0,0.0,0.0,,0.0,0.0,0.62,0.2923
Divij Sharan,1416,881,1396.4,1431.8,1460.2,1486.0,18,4,14,0.2222,10,7,1,0.2,0.2857,0.0,0.2,0.2222,0.6067,0.3795
Aaron Addison,768,768,1396.4,1390.0,1500.0,1500.0,16,3,13,0.1875,16,0,0,0.1875,,,0.1,0.1875,0.6125,0.3694
Adam Majchrowicz,1129,1129,1396.4,1470.2,1423.6,1500.0,8,0,8,0.0,2,6,0,0.0,0.0,,0.0,0.0,0.62,0.2923
Yecong He,615,520,1396.2,1403.9,1425.0,1500.0,70,21,49,0.3,58,12,0,0.3103,0.25,,0.3,0.2,0.6046,0.511
Hayden Jones,935,929,1395.9,1381.5,1500.0,1500.0,24,4,20,0.1667,24,0,0,0.1667,,,0.2,0.2,0.61,0.4144
Michal Konecny,566,285,1395.7,1423.0,1447.6,1475.7,40,11,29,0.275,24,12,4,0.2917,0.25,0.25,0.3,0.3,0.59,0.4525
Alan Fernando Rubio Fierros,584,569,1395.7,1450.3,1398.1,1500.0,30,6,24,0.2,17,13,0,0.2353,0.1538,,0.2,0.2,0.604,0.4344
Rafael Tosetto,1076,943,1395.5,1500.0,1397.0,1500.0,20,4,16,0.2,0,20,0,,0.2,,0.3,0.2,0.62,0.4002
Jonathan Eysseric,1304,226,1395.4,1331.2,1481.1,1500.0,144,52,92,0.3611,60,84,0,0.2167,0.4643,,0.2,0.3,0.6017,0.5505
Linang Xiao,741,641,1395.4,1388.4,1500.0,1500.0,41,13,28,0.3171,41,0,0,0.3171,,,0.1,0.15,0.6024,0.4644
Jui Chen Hung,845,599,1394.0,1396.1,1500.0,1500.0,13,2,11,0.1538,13,0,0,0.1538,,,0.2,0.1538,0.62,0.3491
Pavlos Tsitsipas,1025,882,1393.8,1401.8,1485.0,1500.0,16,2,14,0.125,15,1,0,0.1333,0.0,,0.1,0.125,0.6125,0.3694
Tristan Samuel Weissborn,1008,814,1393.4,1402.2,1477.2,1500.0,16,3,13,0.1875,10,6,0,0.1,0.3333,,0.2,0.1875,0.62,0.3739
Alexandr Igoshin,700,510,1393.3,1418.7,1457.2,1500.0,29,9,20,0.3103,22,7,0,0.3182,0.2857,,0.1,0.3,0.6076,0.4334
Luis Faria,751,725,1393.1,1492.4,1394.1,1500.0,25,6,19,0.24,3,22,0,0.3333,0.2273,,0.2,0.3,0.62,0.4258
Simone Roncalli,620,546,1392.9,1474.5,1406.7,1500.0,15,3,12,0.2,2,13,0,0.0,0.2308,,0.1,0.2,0.62,0.3662
Artem Strokan,2057,2037,1392.8,1432.3,1457.3,1500.0,10,1,9,0.1,5,5,0,0.0,0.2,,0.1,0.1,0.62,0.3181
Tom Jomby,405,318,1392.6,1403.8,1476.3,1488.0,32,9,23,0.2812,29,2,1,0.3103,0.0,0.0,0.1,0.25,0.6162,0.45
Pietro Rondoni,632,354,1392.5,1500.0,1393.3,1500.0,20,4,16,0.2,0,20,0,,0.2,,0.0,0.2,0.62,0.4002
Lucas Gomez,1449,468,1392.4,1395.0,1433.4,1500.0,69,23,46,0.3333,44,25,0,0.3182,0.36,,0.1,0.25,0.613,0.517
David Barclay,1858,1582,1392.4,1393.3,1500.0,1500.0,8,0,8,0.0,8,0,0,0.0,,,0.0,0.0,0.62,0.2923
Nikola Cacic,1330,462,1392.3,1467.0,1395.9,1500.0,58,22,36,0.3793,29,29,0,0.4138,0.3448,,0.3,0.25,0.6097,0.5007
Ruikai Wang,1395,1054,1392.3,1433.4,1444.9,1500.0,17,4,13,0.2353,11,6,0,0.2727,0.1667,,0.0,0.2353,0.62,0.3811
Brandon Walkin,1847,761,1392.2,1405.4,1457.9,1500.0,30,9,21,0.3,27,3,0,0.3333,0.0,,0.1,0.25,0.616,0.443
Koray Kirci,1022,626,1392.2,1419.2,1460.2,1488.7,22,4,18,0.1818,18,3,1,0.2222,0.0,0.0,0.1,0.2,0.6145,0.4076
Yannick Mertens,1073,179,1391.9,1404.2,1368.2,1507.6,145,50,95,0.3448,113,23,9,0.3628,0.1739,0.5556,0.2,0.2,0.5977,0.5472
Timur Maulenov,2052,1205,1391.4,1432.1,1447.8,1500.0,10,0,10,0.0,6,4,0,0.0,0.0,,0.0,0.0,0.608,0.3119
Dmitry Surchenko,1183,970,1391.2,1449.7,1421.6,1500.0,20,5,15,0.25,12,8,0,0.3333,0.125,,0.2,0.25,0.602,0.3886
Andrea Del Federico,1619,1619,1391.2,1487.7,1390.0,1500.0,11,0,11,0.0,1,10,0,0.0,0.0,,0.0,0.0,0.62,0.3293
Goncalo Falcao,1649,1289,1391.1,1489.2,1399.8,1500.0,14,2,12,0.1429,1,13,0,0.0,0.1538,,0.0,0.1429,0.6029,0.3481
Noah Schachter,956,654,1390.6,1411.1,1459.0,1500.0,51,19,32,0.3725,29,22,0,0.3103,0.4545,,0.5,0.3,0.62,0.4982
Jan Jermar,2122,1580,1390.5,1475.6,1398.9,1500.0,14,1,13,0.0714,2,12,0,0.0,0.0833,,0.1,0.0714,0.62,0.358
Manish Sureshkumar,849,508,1390.3,1395.2,1471.6,1500.0,44,15,29,0.3409,42,2,0,0.3571,0.0,,0.3,0.2,0.6173,0.4825
Ivo Klec,309,309,1390.2,1444.9,1436.4,1500.0,13,2,11,0.1538,6,7,0,0.1667,0.1429,,0.1,0.1538,0.6015,0.3387
Juan Sebastian Osorio,1003,868,1389.1,1493.5,1384.6,1500.0,27,8,19,0.2963,6,21,0,0.5,0.2381,,0.3,0.3,0.62,0.4344
Riccardo Balzerani,746,472,1388.8,1488.2,1385.6,1500.0,44,12,32,0.2727,1,43,0,0.0,0.2791,,0.2,0.3,0.6173,0.4825
Natthasith Kunsuwan,1639,1317,1388.6,1386.5,1500.0,1500.0,10,0,10,0.0,10,0,0,0.0,,,0.0,0.0,0.62,0.3181
Young Seok Kim,753,469,1388.3,1389.6,1487.8,1500.0,26,6,20,0.2308,25,1,0,0.24,0.0,,0.1,0.2,0.6154,0.427
Cayetano March,769,670,1388.3,1461.8,1411.0,1500.0,13,1,12,0.0769,3,10,0,0.0,0.1,,0.1,0.0769,0.62,0.3491
Miguel Gomes,1224,1224,1388.2,1489.1,1391.9,1500.0,10,0,10,0.0,1,9,0,0.0,0.0,,0.0,0.0,0.62,0.3181
Alexis Musialek,648,255,1388.1,1450.8,1410.2,1500.0,35,11,24,0.3143,13,22,0,0.3846,0.2727,,0.1,0.35,0.62,0.4621
Tomas Lipovsek Puches,969,250,1388.0,1509.8,1374.3,1488.0,127,51,76,0.4016,15,111,1,0.5333,0.3874,0.0,0.2,0.25,0.6143,0.5561
Zihao Xia,993,353,1387.8,1414.5,1412.7,1500.0,77,29,48,0.3766,68,9,0,0.4118,0.1111,,0.1,0.1,0.6153,0.5269
Nicolaas Scholtz,512,320,1387.8,1381.8,1500.0,1500.0,23,4,19,0.1739,23,0,0,0.1739,,,0.2,0.2,0.6096,0.4094
Enzo Camargo Lima,1203,1073,1387.6,1500.0,1390.0,1500.0,18,4,14,0.2222,0,18,0,,0.2222,,0.2,0.2222,0.62,0.3878
Niklas Schell,877,716,1387.4,1396.5,1464.5,1486.0,23,4,19,0.1739,11,11,1,0.0909,0.2727,0.0,0.3,0.2,0.62,0.4164
Nicolas Buitrago,1489,835,1387.4,1500.0,1387.3,1500.0,9,0,9,0.0,0,9,0,,0.0,,0.0,0.0,0.62,0.3058
Kazuki Nishiwaki,623,609,1387.3,1385.7,1500.0,1500.0,15,3,12,0.2,15,0,0,0.2,,,0.2,0.2,0.62,0.3662
Roy Smith,779,310,1387.1,1387.3,1475.0,1500.0,88,28,60,0.3182,84,4,0,0.3214,0.25,,0.3,0.3,0.6173,0.5376
Sadio Doumbia,618,250,1386.4,1480.3,1372.1,1500.0,180,78,102,0.4333,103,77,0,0.5049,0.3377,,0.2,0.2,0.6167,0.5737
Ramkumar Ramanathan,1188,111,1386.2,1393.4,1417.3,1478.1,455,198,257,0.4352,324,89,42,0.4414,0.3933,0.4762,0.2,0.25,0.5947,0.5772
Daniel Mora,1650,992,1385.9,1472.0,1407.4,1500.0,15,3,12,0.2,4,11,0,0.25,0.1818,,0.1,0.2,0.612,0.3615
Rui Xuan Wang,1232,1232,1385.4,1433.1,1432.7,1500.0,12,1,11,0.0833,7,5,0,0.1429,0.0,,0.1,0.0833,0.62,0.3396
Milledge Cossu,,,1385.1,1445.3,1417.9,1500.0,14,1,13,0.0714,6,8,0,0.1667,0.0,,0.1,0.0714,0.62,0.358
Hunter Reese,1567,1346,1384.6,1440.8,1431.4,1500.0,12,1,11,0.0833,7,5,0,0.1429,0.0,,0.1,0.0833,0.62,0.3396
Luke Johnson,1277,643,1384.4,1395.7,1500.0,1473.5,19,3,16,0.1579,17,0,2,0.1765,,0.0,0.2,0.1579,0.62,0.3942
Nathaniel Lammons,1247,1011,1384.0,1409.4,1444.3,1486.0,38,12,26,0.3158,27,10,1,0.3333,0.3,0.0,0.2,0.25,0.62,0.4704
Boris Kozlov,1711,1657,1383.9,1417.6,1461.9,1486.0,11,0,11,0.0,7,3,1,0.0,0.0,0.0,0.0,0.0,0.5982,0.3177
Drew Van Orderlain,1845,1210,1383.7,1450.1,1439.5,1486.0,9,0,9,0.0,4,4,1,0.0,0.0,0.0,0.0,0.0,0.62,0.3058
Sergio Galdos,1478,1204,1383.2,1486.5,1397.4,1500.0,26,7,19,0.2692,1,25,0,0.0,0.28,,0.2,0.25,0.6154,0.427
Jordi Arconada,526,428,1382.5,1393.2,1471.2,1500.0,21,4,17,0.1905,15,6,0,0.1333,0.3333,,0.1,0.2,0.6086,0.3984
Nigmat Shofayziev,1527,975,1382.4,1432.4,1435.5,1500.0,17,3,14,0.1765,12,5,0,0.25,0.0,,0.3,0.1765,0.62,0.3811
Siddhant Banthia,1138,1031,1382.4,1423.5,1443.6,1500.0,15,2,13,0.1333,9,6,0,0.1111,0.1667,,0.1,0.1333,0.62,0.3662
Ren Nakamura,1687,1432,1382.3,1412.0,1471.4,1500.0,9,0,9,0.0,7,2,0,0.0,0.0,,0.0,0.0,0.62,0.3058
Dennis Novikov,911,121,1381.9,1383.3,1421.3,1551.0,252,118,134,0.4683,186,36,30,0.4731,0.3056,0.6333,0.1,0.2,0.5929,0.5624
Ezequiel Monferrer,1042,937,1381.7,1500.0,1386.3,1500.0,22,5,17,0.2273,0,22,0,,0.2273,,0.2,0.25,0.62,0.4113
Linghao Zhang,1826,1272,1381.5,1381.2,1500.0,1500.0,10,0,10,0.0,10,0,0,0.0,,,0.0,0.0,0.62,0.3181
Gabriel Roveri Sidney,1385,1093,1380.9,1458.2,1409.1,1500.0,19,4,15,0.2105,3,16,0,0.0,0.25,,0.2,0.2105,0.62,0.3942
Credit Chaiyarin,1509,1447,1380.9,1378.3,1485.7,1500.0,17,2,15,0.1176,14,3,0,0.0714,0.3333,,0.2,0.1176,0.62,0.3811
Chukang Wang,902,880,1380.6,1397.0,1473.8,1500.0,10,0,10,0.0,8,2,0,0.0,0.0,,0.0,0.0,0.608,0.3119
Karol Drzewiecki,1467,868,1380.4,1420.6,1413.5,1500.0,37,9,28,0.2432,14,23,0,0.2143,0.2609,,0.4,0.3,0.62,0.4678
Malek Jaziri,624,49,1380.3,1417.9,1439.0,1473.6,229,110,119,0.4803,150,75,4,0.5333,0.3867,0.25,0.1,0.3,0.6048,0.5709
Jose Rubin Statham,861,292,1379.9,1413.2,1455.5,1500.0,203,89,114,0.4384,152,51,0,0.4342,0.451,,0.3,0.25,0.6135,0.5751
Connor Smith,417,203,1379.5,1429.2,1419.9,1474.0,49,16,33,0.3265,40,7,2,0.4,0.0,0.0,0.1,0.2,0.6151,0.4907
Liang Chi Huang,531,266,1379.1,1389.0,1485.5,1500.0,18,3,15,0.1667,15,3,0,0.1333,0.3333,,0.1,0.1667,0.6,0.3753
Matthias Ujvary,1078,959,1379.0,1455.9,1406.3,1500.0,16,2,14,0.125,3,13,0,0.0,0.1538,,0.0,0.125,0.62,0.3739
S D Prajwal Dev,631,595,1378.6,1431.8,1403.3,1500.0,39,10,29,0.2564,31,8,0,0.3226,0.0,,0.2,0.25,0.62,0.473
Nick Chappell,745,329,1378.2,1401.9,1404.3,1487.0,176,67,109,0.3807,138,37,1,0.3986,0.3243,0.0,0.2,0.15,0.6132,0.5695
Arthur Reymond,692,466,1378.2,1380.1,1431.2,1473.1,73,23,50,0.3151,53,18,2,0.3208,0.3333,0.0,0.2,0.25,0.6184,0.5257
Connor Farren,838,697,1377.9,1379.5,1500.0,1500.0,28,7,21,0.25,28,0,0,0.25,,,0.2,0.2,0.6157,0.4354
Szymon Kielan,1248,622,1377.6,1442.8,1414.9,1500.0,19,3,16,0.1579,7,12,0,0.1429,0.1667,,0.2,0.1579,0.62,0.3942
Arklon Huertas Del Pino,814,482,1377.5,1431.8,1398.4,1500.0,106,42,64,0.3962,7,99,0,0.1429,0.4141,,0.3,0.35,0.62,0.5514
Timur Khabibulin,1050,753,1377.0,1380.3,1469.4,1500.0,54,18,36,0.3333,43,11,0,0.3256,0.3636,,0.3,0.25,0.62,0.5031
Duarte Vale,475,475,1376.6,1438.4,1394.6,1500.0,42,10,32,0.2381,17,25,0,0.2941,0.2,,0.1,0.2,0.6086,0.4714
Ti Chen,575,184,1376.5,1387.0,1461.2,1480.8,116,39,77,0.3362,107,3,6,0.3458,0.0,0.3333,0.2,0.25,0.6076,0.5453
Calum Puttergill,1092,711,1376.5,1384.8,1470.0,1500.0,65,25,40,0.3846,59,6,0,0.3898,0.3333,,0.3,0.25,0.62,0.5183
Francesco Ferrari,947,853,1376.5,1419.5,1425.2,1500.0,25,5,20,0.2,14,11,0,0.2143,0.1818,,0.2,0.15,0.62,0.4258
Andrey Golubev,959,72,1375.2,1422.6,1412.1,1488.0,109,43,66,0.3945,59,49,1,0.4407,0.3469,0.0,0.0,0.15,0.5958,0.5314
Mikalai Haliak,846,364,1374.6,1384.5,1420.0,1500.0,67,20,47,0.2985,56,11,0,0.3214,0.1818,,0.2,0.2,0.611,0.5132
Dominik Sproch,1520,1520,1374.5,1500.0,1375.2,1500.0,11,0,11,0.0,0,11,0,,0.0,,0.0,0.0,0.62,0.3293
Ryuki Matsuda,571,468,1374.3,1368.0,1486.0,1500.0,68,25,43,0.3676,67,1,0,0.3731,0.0,,0.2,0.25,0.62,0.5218
Giorgio Ricca,2089,847,1373.5,1438.8,1412.6,1500.0,20,3,17,0.15,7,13,0,0.1429,0.1538,,0.2,0.15,0.62,0.4002
N Vijay Sundar Prashanth,1383,342,1373.2,1429.8,1414.8,1474.5,78,30,48,0.3846,67,9,2,0.4328,0.1111,0.0,0.1,0.2,0.6092,0.5226
Alex Kobelt,1590,1563,1372.5,1383.1,1485.8,1500.0,11,0,11,0.0,10,1,0,0.0,0.0,,0.0,0.0,0.62,0.3293
Arjun Kadhe,898,328,1371.9,1385.3,1389.2,1500.0,108,38,70,0.3519,83,25,0,0.3735,0.28,,0.4,0.3,0.62,0.5525
Andres Urrea,1478,1380,1371.9,1441.6,1419.7,1500.0,16,2,14,0.125,5,11,0,0.0,0.1818,,0.1,0.125,0.62,0.3739
David Volfson,857,857,1371.9,1370.6,1500.0,1500.0,11,0,11,0.0,11,0,0,0.0,,,0.0,0.0,0.6091,0.3235
Augusto Virgili,1992,1751,1371.7,1458.8,1399.0,1500.0,13,1,12,0.0769,3,10,0,0.0,0.1,,0.0,0.0769,0.62,0.3491
Saba Purtseladze,330,237,1371.5,1447.8,1330.6,1488.9,78,23,55,0.2949,53,24,1,0.3962,0.0833,0.0,0.0,0.05,0.6138,0.5266
Grzegorz Panfil,1356,258,1371.2,1488.1,1371.7,1500.0,28,6,22,0.2143,5,23,0,0.4,0.1739,,0.3,0.25,0.62,0.4384
Adam Taylor,,,1370.3,1398.7,1456.4,1500.0,11,0,11,0.0,8,3,0,0.0,0.0,,0.0,0.0,0.62,0.3293
Bernardo Saraiva,865,728,1369.9,1379.4,1487.1,1500.0,13,1,12,0.0769,10,3,0,0.0,0.3333,,0.1,0.0769,0.62,0.3491
Luis David Martinez,1136,572,1369.4,1463.1,1349.7,1500.0,73,25,48,0.3425,34,39,0,0.4412,0.2564,,0.2,0.25,0.62,0.5271
Lucas Catarina,851,345,1369.3,1422.6,1393.7,1500.0,64,19,45,0.2969,40,24,0,0.35,0.2083,,0.0,0.15,0.6106,0.5093
Rigele Te,797,395,1369.1,1366.8,1460.0,1500.0,74,18,56,0.2432,67,7,0,0.2388,0.2857,,0.0,0.1,0.5989,0.5101
Ivan Nedelko,1021,235,1368.6,1355.3,1402.5,1477.2,129,33,96,0.2558,58,69,2,0.2069,0.3043,0.0,0.2,0.25,0.6051,0.5485
Enrico Becuzzi,,,1367.6,1460.4,1391.0,1500.0,14,1,13,0.0714,5,9,0,0.2,0.0,,0.1,0.0714,0.6114,0.353
Diego Hidalgo,1166,362,1367.1,1416.7,1388.0,1500.0,55,15,40,0.2727,20,35,0,0.25,0.2857,,0.2,0.2,0.6156,0.5011
Benjamin Sigouin,1384,524,1366.8,1372.5,1486.0,1500.0,42,10,32,0.2381,41,1,0,0.2439,0.0,,0.0,0.2,0.6114,0.4736
Sidharth Rawat,682,430,1366.7,1360.9,1461.5,1500.0,125,51,74,0.408,120,5,0,0.4167,0.2,,0.3,0.25,0.6181,0.5587
Philip Florig,914,842,1365.8,1422.5,1426.5,1500.0,13,0,13,0.0,7,6,0,0.0,0.0,,0.0,0.0,0.6108,0.3439
Jurabek Karimov,877,426,1365.5,1383.6,1458.6,1500.0,30,6,24,0.2,25,5,0,0.2,0.2,,0.3,0.2,0.62,0.4459
Zhuoyang Qiu,1841,1404,1365.2,1379.6,1474.3,1500.0,17,2,15,0.1176,13,4,0,0.0769,0.25,,0.2,0.1176,0.6059,0.3724
Pavel Krainik,590,494,1364.9,1359.4,1495.2,1500.0,45,12,33,0.2667,41,4,0,0.2439,0.5,,0.1,0.25,0.6067,0.4763
Cheng Peng Hsieh,1772,1123,1364.9,1376.8,1469.9,1500.0,29,6,23,0.2069,26,3,0,0.2308,0.0,,0.2,0.2,0.6159,0.4393
Jorge Brian Panta Herreros,737,447,1364.8,1398.5,1399.2,1500.0,63,19,44,0.3016,10,53,0,0.1,0.3396,,0.2,0.25,0.6181,0.5143
Suraj R Prabodh,1424,812,1364.5,1363.9,1500.0,1500.0,17,2,15,0.1176,17,0,0,0.1176,,,0.1,0.1176,0.6129,0.3767
Victor Nunez,1456,987,1363.4,1482.4,1375.3,1500.0,21,4,17,0.1905,1,20,0,0.0,0.2,,0.1,0.15,0.6143,0.4021
Aleksandre Metreveli,954,264,1363.2,1385.5,1429.3,1500.0,43,12,31,0.2791,19,24,0,0.2105,0.3333,,0.1,0.2,0.6144,0.4782
Ryan Augusto Dos Santos,1591,1328,1363.0,1484.8,1376.3,1500.0,12,0,12,0.0,1,11,0,0.0,0.0,,0.0,0.0,0.62,0.3396
Issei Okamura,1252,625,1362.9,1371.4,1483.2,1500.0,25,6,19,0.24,24,1,0,0.25,0.0,,0.2,0.25,0.62,0.4258
Nicaise Muamba,1279,601,1362.5,1364.4,1500.0,1500.0,19,3,16,0.1579,19,0,0,0.1579,,,0.2,0.1579,0.62,0.3942
Piotr Matuszewski,1679,780,1362.3,1451.9,1394.1,1500.0,15,1,14,0.0667,6,9,0,0.1667,0.0,,0.1,0.0667,0.62,0.3662
Nitin Kumar Sinha,875,873,1362.1,1396.1,1451.7,1500.0,24,5,19,0.2083,20,4,0,0.25,0.0,,0.2,0.2,0.62,0.4212
Matthew Christopher Romios,1360,597,1361.6,1387.2,1446.9,1500.0,48,15,33,0.3125,44,4,0,0.3409,0.0,,0.2,0.3,0.615,0.4888
Pavel Tsoy,1223,1010,1361.6,1401.0,1447.8,1500.0,14,1,13,0.0714,10,4,0,0.1,0.0,,0.1,0.0714,0.62,0.358
Yuanfeng Li,905,904,1361.3,1380.5,1471.5,1500.0,26,6,20,0.2308,22,4,0,0.2273,0.25,,0.1,0.2,0.62,0.4302
Gage Brymer,1232,444,1360.7,1368.6,1500.0,1471.5,56,17,39,0.3036,52,0,4,0.3077,,0.25,0.1,0.15,0.6071,0.4957
Ronald Slobodchikov,475,396,1359.4,1431.7,1398.2,1500.0,38,11,27,0.2895,12,26,0,0.25,0.3077,,0.0,0.15,0.62,0.4704
Niki Kaliyanda Poonacha,1313,641,1359.0,1367.6,1460.4,1500.0,43,12,31,0.2791,34,9,0,0.2647,0.3333,,0.1,0.2,0.6172,0.4803
Wei Qiang Zheng,892,892,1358.3,1396.3,1446.2,1500.0,17,2,15,0.1176,13,4,0,0.1538,0.0,,0.1,0.1176,0.62,0.3811
Ezekiel Clark,818,474,1357.8,1355.1,1515.2,1500.0,54,15,39,0.2778,51,3,0,0.2549,0.6667,,0.4,0.25,0.62,0.5031
Congsup Congcar,1459,1149,1357.8,1355.2,1500.0,1500.0,14,0,14,0.0,14,0,0,0.0,,,0.0,0.0,0.6114,0.353
David Perez Sanz,664,216,1357.5,1400.3,1389.2,1488.0,52,11,41,0.2115,27,24,1,0.2222,0.2083,0.0,0.2,0.25,0.6131,0.4943
Andrew Carter,1832,844,1357.5,1370.7,1474.2,1500.0,25,5,20,0.2,21,4,0,0.1905,0.25,,0.0,0.2,0.5912,0.406
Patricio Alvarado,1642,1486,1354.8,1439.6,1400.0,1500.0,12,0,12,0.0,4,8,0,0.0,0.0,,0.0,0.0,0.62,0.3396
Luis Britto,1599,1374,1354.6,1486.0,1362.9,1500.0,20,3,17,0.15,1,19,0,0.0,0.1579,,0.1,0.15,0.62,0.4002
Thiago Cigarran,831,823,1354.5,1500.0,1359.2,1500.0,34,7,27,0.2059,0,34,0,,0.2059,,0.4,0.25,0.62,0.4591
Oscar Jose Gutierrez,787,363,1353.9,1422.1,1373.4,1500.0,122,45,77,0.3689,25,97,0,0.28,0.3918,,0.2,0.15,0.619,0.5583
Chuhan Wang,946,372,1353.4,1368.4,1457.8,1500.0,41,10,31,0.2439,38,3,0,0.2632,0.0,,0.2,0.2,0.5995,0.4621
Sharobiddin Abzalov,1890,1464,1353.0,1405.3,1443.5,1500.0,18,3,15,0.1667,12,6,0,0.1667,0.1667,,0.0,0.1667,0.62,0.3878
Fabio Coelho,1142,920,1352.4,1452.9,1378.0,1500.0,16,0,16,0.0,4,12,0,0.0,0.0,,0.0,0.0,0.62,0.3739
Leo Borg,549,343,1351.6,1398.7,1390.0,1500.0,41,6,35,0.1463,21,20,0,0.1905,0.1,,0.2,0.15,0.6054,0.4666
Jeevan Nedunchezhiyan,1200,388,1351.4,1369.7,1487.7,1472.7,39,11,28,0.2821,32,5,2,0.2812,0.4,0.0,0.0,0.2,0.6046,0.4613
Bastian Trinker,370,241,1351.2,1439.6,1383.5,1500.0,42,11,31,0.2619,7,35,0,0.1429,0.2857,,0.1,0.15,0.5857,0.4537
Luca Margaroli,942,720,1351.1,1381.1,1402.0,1500.0,93,34,59,0.3656,55,38,0,0.4,0.3158,,0.1,0.25,0.6135,0.5379
Marco Bortolotti,980,359,1350.5,1416.3,1371.7,1500.0,76,24,52,0.3158,14,62,0,0.2143,0.3387,,0.1,0.2,0.6168,0.5273
Hanyi Liu,1052,749,1350.0,1359.5,1471.7,1500.0,30,6,24,0.2,28,2,0,0.2143,0.0,,0.2,0.2,0.616,0.443
Nicolas Bruna,1066,1034,1349.9,1470.2,1367.7,1500.0,14,0,14,0.0,2,12,0,0.0,0.0,,0.0,0.0,0.62,0.358
Boris Arias,1177,1122,1349.8,1425.1,1381.6,1500.0,36,7,29,0.1944,10,26,0,0.2,0.1923,,0.4,0.25,0.62,0.465
Nathan Ponwith,1169,367,1349.1,1346.1,1485.9,1500.0,66,17,49,0.2576,65,1,0,0.2615,0.0,,0.4,0.25,0.62,0.5195
Mircea Alexandru Jecan,1316,453,1349.1,1461.4,1355.5,1500.0,40,9,31,0.225,7,33,0,0.2857,0.2121,,0.2,0.25,0.62,0.4755
Marcelo Zormann Da Silva,1364,467,1349.0,1496.6,1346.7,1500.0,74,27,47,0.3649,6,68,0,0.5,0.3529,,0.1,0.2,0.62,0.5281
Seita Watanabe,1656,879,1348.1,1395.6,1417.3,1500.0,41,12,29,0.2927,27,14,0,0.2963,0.2857,,0.0,0.25,0.62,0.4779
Federico Zeballos,1308,455,1346.8,1402.6,1367.3,1500.0,113,38,75,0.3363,36,77,0,0.3333,0.3377,,0.3,0.2,0.62,0.555
Matteo Covato,697,697,1346.1,1429.9,1395.3,1500.0,21,4,17,0.1905,5,16,0,0.0,0.25,,0.1,0.15,0.62,0.4059
Sanjar Fayziev,1524,253,1345.7,1414.2,1371.4,1500.0,68,20,48,0.2941,42,26,0,0.3571,0.1923,,0.1,0.2,0.6182,0.5203
Joao Victor Couto Loureiro,859,800,1344.9,1500.0,1349.2,1500.0,18,2,16,0.1111,0,18,0,,0.1111,,0.1,0.1111,0.62,0.3878
Pranav Kumar,1483,1192,1344.2,1370.7,1469.8,1486.0,23,4,19,0.1739,20,2,1,0.2,0.0,0.0,0.1,0.2,0.62,0.4164
Ivan Liutarevich,1633,701,1343.8,1424.9,1383.6,1500.0,26,4,22,0.1538,13,13,0,0.2308,0.0769,,0.1,0.1,0.62,0.4302
Vlad Victor Cornea,1211,791,1342.4,1417.1,1369.3,1500.0,43,8,35,0.186,12,31,0,0.1667,0.1935,,0.3,0.25,0.6144,0.4782
Anton Chekhov,1463,1154,1342.1,1445.7,1383.6,1500.0,16,1,15,0.0625,4,12,0,0.0,0.0833,,0.1,0.0625,0.62,0.3739
Alexander Merino,1269,1195,1340.9,1461.9,1366.0,1500.0,20,2,18,0.1,3,17,0,0.0,0.1176,,0.1,0.1,0.62,0.4002
Ray Ho,1216,735,1340.4,1341.3,1477.7,1500.0,41,10,31,0.2439,39,2,0,0.2564,0.0,,0.1,0.15,0.62,0.4779
Lawrence Bataljin,1669,1246,1340.3,1391.7,1428.8,1500.0,20,3,17,0.15,15,5,0,0.2,0.0,,0.0,0.15,0.62,0.4002
Ivar Jose Aramburu Contreras,1544,1514,1339.5,1391.2,1427.7,1500.0,15,0,15,0.0,9,6,0,0.0,0.0,,0.0,0.0,0.62,0.3662
Ivan Sabanov,1466,1108,1339.1,1392.8,1423.9,1500.0,21,3,18,0.1429,13,8,0,0.1538,0.125,,0.1,0.1,0.62,0.4059
Hans Hach Verdugo,1963,596,1338.3,1384.8,1428.9,1486.0,43,9,34,0.2093,36,6,1,0.25,0.0,0.0,0.2,0.3,0.6144,0.4782
Mark Vervoort,1385,1385,1337.5,1422.2,1392.8,1500.0,17,1,16,0.0588,6,11,0,0.0,0.0909,,0.1,0.0588,0.62,0.3811
Dostanbek Tashbulatov,976,875,1335.9,1402.9,1403.2,1500.0,19,1,18,0.0526,9,10,0,0.0,0.1,,0.0,0.0526,0.62,0.3942
Adil Kalyanpur,1548,866,1332.0,1383.1,1428.3,1485.0,31,5,26,0.1613,24,6,1,0.2083,0.0,0.0,0.2,0.25,0.62,0.4494
Evan King,1456,185,1331.9,1392.2,1353.4,1421.2,224,88,136,0.3929,175,40,9,0.44,0.25,0.1111,0.1,0.15,0.6082,0.5734
Fernando Romboli,1379,301,1329.6,1424.5,1333.6,1500.0,89,29,60,0.3258,17,72,0,0.2941,0.3333,,0.2,0.2,0.6146,0.536
Michel Vernier,695,695,1329.4,1469.0,1352.1,1500.0,38,10,28,0.2632,2,36,0,0.0,0.2778,,0.1,0.15,0.6168,0.4681
Jesse Delaney,929,871,1325.5,1325.4,1500.0,1500.0,27,5,22,0.1852,27,0,0,0.1852,,,0.1,0.25,0.62,0.4344
Sarp Agabigun,1721,829,1324.6,1374.4,1408.8,1480.2,30,3,27,0.1,19,9,2,0.1579,0.0,0.0,0.2,0.1,0.596,0.4286
Xin Gao,695,456,1324.2,1326.6,1469.7,1500.0,64,19,45,0.2969,56,8,0,0.2857,0.375,,0.0,0.15,0.6162,0.514
Toshihide Matsui,1578,393,1324.0,1332.7,1458.7,1500.0,74,22,52,0.2973,69,5,0,0.3043,0.2,,0.1,0.15,0.62,0.5281
Tigre Hank,754,446,1322.1,1353.0,1428.7,1500.0,29,3,26,0.1034,21,8,0,0.0952,0.125,,0.1,0.1,0.6117,0.4363
Courtney John Lock,2063,1290,1321.1,1363.4,1443.4,1500.0,20,2,18,0.1,14,6,0,0.0714,0.1667,,0.0,0.1,0.62,0.4002
Sergio Martos Gornes,1223,833,1320.2,1404.4,1383.9,1500.0,20,1,19,0.05,10,10,0,0.1,0.0,,0.0,0.05,0.62,0.4002
Valentin Basel,1052,1015,1316.6,1474.4,1330.7,1500.0,19,1,18,0.0526,2,17,0,0.0,0.0588,,0.0,0.0526,0.62,0.3942
Alex Lawson,1406,1406,1315.8,1373.7,1399.7,1500.0,28,4,24,0.1429,18,10,0,0.1667,0.1,,0.1,0.1,0.6114,0.4323
Petros Tsitsipas,818,727,1309.9,1372.3,1370.8,1489.8,42,6,36,0.1429,24,15,3,0.1667,0.0667,0.3333,0.1,0.15,0.6143,0.4758
Vladimir Uzhylovsky,1848,546,1309.7,1432.7,1342.0,1500.0,45,12,33,0.2667,23,22,0,0.3478,0.1818,,0.1,0.1,0.6173,0.4847
Brandon Perez,1351,970,1307.6,1372.8,1408.5,1500.0,21,2,19,0.0952,12,9,0,0.0833,0.1111,,0.0,0.1,0.62,0.4059
Kelsey Stevenson,1785,811,1307.1,1334.1,1447.1,1500.0,32,5,27,0.1562,26,6,0,0.1538,0.1667,,0.1,0.1,0.6012,0.4391
Sagadat Ayap,1077,925,1305.8,1354.1,1435.1,1500.0,18,0,18,0.0,13,5,0,0.0,0.0,,0.0,0.0,0.62,0.3878
Keenan Mayo,1208,1208,1304.3,1327.5,1458.9,1500.0,20,1,19,0.05,15,5,0,0.0,0.2,,0.0,0.05,0.62,0.4002
Alejandro Mendoza,868,760,1303.9,1425.3,1336.1,1500.0,30,3,27,0.1,6,24,0,0.0,0.125,,0.2,0.15,0.616,0.443
Preston Brown,1169,836,1295.6,1355.0,1381.6,1500.0,43,8,35,0.186,19,24,0,0.1053,0.25,,0.0,0.15,0.6116,0.476
Andrey Yakovlev,1956,1835,1293.7,1413.7,1355.2,1487.6,20,0,20,0.0,7,12,1,0.0,0.0,0.0,0.0,0.0,0.614,0.3963
Tomasz Bednarek,,,1291.3,1433.0,1328.6,1500.0,24,1,23,0.0417,5,19,0,0.0,0.0526,,0.0,0.05,0.62,0.4212
Luis Patino,728,567,1270.0,1289.9,1424.3,1500.0,53,7,46,0.1321,43,10,0,0.1163,0.2,,0.2,0.1,0.6019,0.4869
Ignacio Carou,1562,617,1251.1,1459.4,1264.4,1500.0,65,13,52,0.2,3,62,0,0.0,0.2097,,0.0,0.05,0.62,0.5183
Grigoriy Lomakin,948,763,1235.1,1318.6,1303.8,1500.0,57,7,50,0.1228,33,24,0,0.1515,0.0833,,0.1,0.15,0.6158,0.5043
